source,target,anchor_text
about.html,/,BetSorted
about.html,/#comparison,Compare
about.html,/bookmakers/,Bookmakers
about.html,/glossary.html,Glossary
about.html,/calculators.html,Calculators
about.html,/blog/,Blog
about.html,/psl-match-centre.html,⚽ PSL Live
about.html,/prediction-markets.html,💰 Smart Money
about.html,/,Home
about.html,/editorial-policy.html,here
about.html,/responsible-gambling.html,our responsible gambling page
about.html,/#comparison,Compare Bookmakers Now →
about.html,/about.html,About
about.html,/editorial-policy.html,Editorial Policy
about.html,/responsible-gambling.html,Responsible Gambling
about.html,/privacy.html,Privacy
about.html,/contact.html,Contact
about.html,/blog/,Blog
about.html,/blog/category-bookmaker-comparisons.html,Bookmaker Comparisons
accumulator-calculator.html,/,BetSorted
accumulator-calculator.html,/#comparison,Compare
accumulator-calculator.html,/bookmakers/,Bookmakers
accumulator-calculator.html,/glossary.html,Glossary
accumulator-calculator.html,/calculators.html,Calculators
accumulator-calculator.html,/blog/,Blog
accumulator-calculator.html,/psl-match-centre.html,⚽ PSL Live
accumulator-calculator.html,/prediction-markets.html,💰 Smart Money
accumulator-calculator.html,/,Home
accumulator-calculator.html,/betting-calculator.html,betting calculator
accumulator-calculator.html,/each-way-calculator.html,each-way calculator
accumulator-calculator.html,/system-bet-calculator.html,system bet calculator
accumulator-calculator.html,/best-odds-finder.html,best odds finder
accumulator-calculator.html,/best-odds-finder.html,best odds finder
accumulator-calculator.html,/system-bet-calculator.html,"🎰 System Bet Calculator Lucky 15, Yankee, Trixie — coverage even if one leg loses"
accumulator-calculator.html,/each-way-calculator.html,🏇 Each-Way Calculator Calculate win and place returns for horse racing
accumulator-calculator.html,/betting-calculator.html,🧮 Betting Calculator Calculate returns for single bets and convert odds
accumulator-calculator.html,/,🏆 Compare SA Bookmakers Find the best odds and bonuses for your acca
accumulator-calculator.html,/calculators.html,View All Calculators
accumulator-calculator.html,/about.html,About
accumulator-calculator.html,/editorial-policy.html,Editorial Policy
accumulator-calculator.html,/responsible-gambling.html,Responsible Gambling
accumulator-calculator.html,/privacy.html,Privacy
accumulator-calculator.html,/contact.html,Contact
accumulator-calculator.html,/blog/,Blog
accumulator-calculator.html,/blog/category-bookmaker-comparisons.html,Bookmaker Comparisons
arbitrage-calculator.html,/,BetSorted
arbitrage-calculator.html,/#comparison,Compare
arbitrage-calculator.html,/bookmakers/,Bookmakers
arbitrage-calculator.html,/glossary.html,Glossary
arbitrage-calculator.html,/calculators.html,Calculators
arbitrage-calculator.html,/blog/,Blog
arbitrage-calculator.html,/psl-match-centre.html,⚽ PSL Live
arbitrage-calculator.html,/prediction-markets.html,💰 Smart Money
arbitrage-calculator.html,/,Home
arbitrage-calculator.html,/best-odds-finder.html,Best Odds Finder
arbitrage-calculator.html,/about.html,About
arbitrage-calculator.html,/editorial-policy.html,Editorial Policy
arbitrage-calculator.html,/responsible-gambling.html,Responsible Gambling
arbitrage-calculator.html,/blog/,Blog
arbitrage-calculator.html,/blog/category-bookmaker-comparisons.html,Bookmaker Comparisons
arbitrage-calculator.html,/psl-match-centre.html,⚽ PSL Live
bankroll-tracker.html,/,BetSorted
bankroll-tracker.html,/#comparison,Compare
bankroll-tracker.html,/bookmakers/,Bookmakers
bankroll-tracker.html,/glossary.html,Glossary
bankroll-tracker.html,/calculators.html,Calculators
bankroll-tracker.html,/blog/,Blog
bankroll-tracker.html,/psl-match-centre.html,⚽ PSL Live
bankroll-tracker.html,/prediction-markets.html,💰 Smart Money
bankroll-tracker.html,/,Home
bankroll-tracker.html,/about.html,About
bankroll-tracker.html,/editorial-policy.html,Editorial Policy
bankroll-tracker.html,/responsible-gambling.html,Responsible Gambling
bankroll-tracker.html,/blog/,Blog
bankroll-tracker.html,/blog/category-bookmaker-comparisons.html,Bookmaker Comparisons
bankroll-tracker.html,/psl-match-centre.html,⚽ PSL Live
best-betting-apps.html,/,BetSorted
best-betting-apps.html,/#comparison,Compare
best-betting-apps.html,/bookmakers/,Bookmakers
best-betting-apps.html,/glossary.html,Glossary
best-betting-apps.html,/calculators.html,Calculators
best-betting-apps.html,/blog/,Blog
best-betting-apps.html,/psl-match-centre.html,⚽ PSL Live
best-betting-apps.html,/prediction-markets.html,💰 Smart Money
best-betting-apps.html,/,Home
best-betting-apps.html,/betting-calculator.html,betting calculator
best-betting-apps.html,/accumulator-calculator.html,accumulator calculator
best-betting-apps.html,/odds-comparison.html,odds comparison page
best-betting-apps.html,/blog/,BetSorted blog
best-betting-apps.html,/betting-calculator.html,BetSorted betting calculator
best-betting-apps.html,/go/hollywoodbets.html?subid=post-best-betting-apps,Open Hollywoodbets
best-betting-apps.html,/blog/betway-review-south-africa-2026.html,Read Betway review
best-betting-apps.html,/blog/sportingbet-review-south-africa-2026.html,Open Sportingbet
best-betting-apps.html,/blog/supabets-review-south-africa-2026.html,Open SupaBets
best-betting-apps.html,/blog/wsb-review-south-africa-2026.html,Open WSB
best-betting-apps.html,/go/10bet.html?subid=post-best-betting-apps,Open 10bet
best-betting-apps.html,/blog/easybet-review-south-africa-2026.html,Open Easybet
best-betting-apps.html,/blog/betway-review-south-africa-2026.html,Read Betway review
best-betting-apps.html,/betting-calculator.html,betting calculator
best-betting-apps.html,/go/hollywoodbets.html?subid=post-best-betting-apps,Open Hollywoodbets instead
best-betting-apps.html,/go/hollywoodbets.html?subid=post-best-betting-apps,Hollywoodbets App
best-betting-apps.html,/accumulator-calculator.html,accumulator calculator
best-betting-apps.html,/go/hollywoodbets.html?subid=post-best-betting-apps,Join Hollywoodbets
best-betting-apps.html,/blog/sportingbet-review-south-africa-2026.html,Sportingbet App
best-betting-apps.html,/odds-comparison.html,odds comparison page
best-betting-apps.html,/blog/sportingbet-review-south-africa-2026.html,Join Sportingbet
best-betting-apps.html,/blog/supabets-review-south-africa-2026.html,SupaBets App
best-betting-apps.html,/accumulator-calculator.html,accumulator calculator
best-betting-apps.html,/blog/supabets-review-south-africa-2026.html,Join SupaBets
best-betting-apps.html,/blog/wsb-review-south-africa-2026.html,WSB App
best-betting-apps.html,/blog/wsb-review-south-africa-2026.html,Join WSB
best-betting-apps.html,/go/10bet.html?subid=post-best-betting-apps,10bet App
best-betting-apps.html,/go/10bet.html?subid=post-best-betting-apps,Join 10bet
best-betting-apps.html,/blog/easybet-review-south-africa-2026.html,Easybet App
best-betting-apps.html,/blog/easybet-review-south-africa-2026.html,Join Easybet
best-betting-apps.html,/accumulator-calculator.html,accumulator calculator
best-betting-apps.html,/odds-comparison.html,odds comparison page
best-betting-apps.html,/about.html,About
best-betting-apps.html,/editorial-policy.html,Editorial Policy
best-betting-apps.html,/responsible-gambling.html,Responsible Gambling
best-betting-apps.html,/privacy.html,Privacy
best-betting-apps.html,/contact.html,Contact
best-betting-apps.html,/blog/,Blog
best-betting-apps.html,/blog/category-bookmaker-comparisons.html,Bookmaker Comparisons
best-betting-sites-south-africa.html,/,BetSorted
best-betting-sites-south-africa.html,/#comparison,Compare
best-betting-sites-south-africa.html,/bookmakers/,Bookmakers
best-betting-sites-south-africa.html,/glossary.html,Glossary
best-betting-sites-south-africa.html,/calculators.html,Calculators
best-betting-sites-south-africa.html,/blog/,Blog
best-betting-sites-south-africa.html,/psl-match-centre.html,⚽ PSL Live
best-betting-sites-south-africa.html,/prediction-markets.html,💰 Smart Money
best-betting-sites-south-africa.html,/,Home
best-betting-sites-south-africa.html,/go/hollywoodbets.html?subid=post-best-betting-sites-tier-list,Open Hollywoodbets
best-betting-sites-south-africa.html,/blog/hollywoodbets-review-south-africa-2026.html,Read review
best-betting-sites-south-africa.html,/go/10bet.html?subid=post-best-betting-sites-tier-list,Open 10bet
best-betting-sites-south-africa.html,/blog/10bet-review-south-africa-2026.html,Read review
best-betting-sites-south-africa.html,/blog/sportingbet-review-south-africa-2026.html,Read review
best-betting-sites-south-africa.html,/blog/betway-review-south-africa-2026.html,Read review
best-betting-sites-south-africa.html,/blog/supabets-review-south-africa-2026.html,Read review
best-betting-sites-south-africa.html,/blog/wsb-review-south-africa-2026.html,Read review
best-betting-sites-south-africa.html,/blog/easybet-review-south-africa-2026.html,Read review
best-betting-sites-south-africa.html,/go/play-co-za.html?subid=post-best-betting-sites-tier-list,Open Play.co.za
best-betting-sites-south-africa.html,/bookmakers/play-co-za-review.html,Read review
best-betting-sites-south-africa.html,/blog/lottostar-review-south-africa-2026.html,Read review
best-betting-sites-south-africa.html,/blog/sunbet-review-south-africa-2026.html,Read review
best-betting-sites-south-africa.html,/go/hollywoodbets.html?subid=post-best-betting-sites-south-africa,Open Hollywoodbets
best-betting-sites-south-africa.html,/blog/hollywoodbets-review-south-africa-2026.html,Read Hollywoodbets review
best-betting-sites-south-africa.html,/go/10bet.html?subid=post-best-betting-sites-south-africa,Open 10bet
best-betting-sites-south-africa.html,/blog/10bet-review-south-africa-2026.html,Read 10bet review
best-betting-sites-south-africa.html,/blog/sportingbet-review-south-africa-2026.html,Read Sportingbet review
best-betting-sites-south-africa.html,/blog/betway-review-south-africa-2026.html,Read Betway review
best-betting-sites-south-africa.html,/blog/betway-vs-hollywoodbets.html,Compare Betway vs Hollywoodbets
best-betting-sites-south-africa.html,/blog/supabets-review-south-africa-2026.html,Read Supabets review
best-betting-sites-south-africa.html,/blog/wsb-review-south-africa-2026.html,Read WSB review
best-betting-sites-south-africa.html,/blog/easybet-review-south-africa-2026.html,Read Easybet review
best-betting-sites-south-africa.html,/go/play-co-za.html?subid=post-best-betting-sites-south-africa,Open Play.co.za
best-betting-sites-south-africa.html,/bookmakers/play-co-za-review.html,Read Play.co.za review
best-betting-sites-south-africa.html,/blog/lottostar-review-south-africa-2026.html,Read LottoStar review
best-betting-sites-south-africa.html,/blog/sunbet-review-south-africa-2026.html,Read Sunbet overview
best-betting-sites-south-africa.html,/blog/best-betting-sites-beginners-south-africa-2026.html,Best betting sites for beginners in South Africa
best-betting-sites-south-africa.html,/blog/fastest-paying-bookmakers-south-africa-2026.html,Fast withdrawal betting sites in South Africa
best-betting-sites-south-africa.html,/blog/how-to-open-betting-account-south-africa-2026.html,How to open a betting account in South Africa
best-betting-sites-south-africa.html,/blog/is-online-betting-legal-south-africa-2026.html,Is online betting legal in South Africa?
best-betting-sites-south-africa.html,/blog/betway-vs-hollywoodbets.html,Betway vs Hollywoodbets comparison
best-odds-finder.html,/,BetSorted
best-odds-finder.html,/#comparison,Compare
best-odds-finder.html,/bookmakers/,Bookmakers
best-odds-finder.html,/glossary.html,Glossary
best-odds-finder.html,/calculators.html,Calculators
best-odds-finder.html,/blog/,Blog
best-odds-finder.html,/psl-match-centre.html,⚽ PSL Live
best-odds-finder.html,/prediction-markets.html,💰 Smart Money
best-odds-finder.html,/,Home
best-odds-finder.html,/bookmakers/,Compare licensed SA bookmakers
best-odds-finder.html,/bookmakers/,Compare licensed SA bookmakers
best-odds-finder.html,/bookmakers/,Compare licensed SA bookmakers
best-odds-finder.html,/bookmakers/,Compare licensed SA bookmakers
best-odds-finder.html,/bookmakers/,Compare licensed SA bookmakers
best-odds-finder.html,/bookmakers/,Compare licensed SA bookmakers
best-odds-finder.html,/bookmakers/,Compare licensed SA bookmakers
best-odds-finder.html,/bookmakers/,Compare licensed SA bookmakers
best-odds-finder.html,/bookmakers/,Compare licensed SA bookmakers
best-odds-finder.html,/bookmakers/,Compare licensed SA bookmakers
best-odds-finder.html,/bookmakers/,Compare licensed SA bookmakers
best-odds-finder.html,/bookmakers/,Compare licensed SA bookmakers
best-odds-finder.html,/bookmakers/,Compare licensed SA bookmakers
best-odds-finder.html,/bookmakers/,Compare licensed SA bookmakers
best-odds-finder.html,/bookmakers/,Compare licensed SA bookmakers
best-odds-finder.html,/bookmakers/,Compare licensed SA bookmakers
best-odds-finder.html,/bookmakers/,Compare licensed SA bookmakers
best-odds-finder.html,/bookmakers/,Compare licensed SA bookmakers
best-odds-finder.html,/bookmakers/,Compare licensed SA bookmakers
best-odds-finder.html,/bookmakers/,Compare licensed SA bookmakers
best-odds-finder.html,/bookmakers/,Compare licensed SA bookmakers
best-odds-finder.html,/bookmakers/,Compare licensed SA bookmakers
best-odds-finder.html,/bookmakers/,Compare licensed SA bookmakers
best-odds-finder.html,/bookmakers/,Compare licensed SA bookmakers
best-odds-finder.html,/bookmakers/,Compare licensed SA bookmakers
best-odds-finder.html,/bookmakers/,Compare licensed SA bookmakers
best-odds-finder.html,/bookmakers/,Compare licensed SA bookmakers
best-odds-finder.html,/bookmakers/,Compare licensed SA bookmakers
best-odds-finder.html,/bookmakers/,Compare licensed SA bookmakers
best-odds-finder.html,/bookmakers/,Compare licensed SA bookmakers
best-odds-finder.html,/bookmakers/,Compare licensed SA bookmakers
best-odds-finder.html,/bookmakers/,Compare licensed SA bookmakers
best-odds-finder.html,/bookmakers/,Compare licensed SA bookmakers
best-odds-finder.html,/bookmakers/,Compare licensed SA bookmakers
best-odds-finder.html,/bookmakers/,Compare licensed SA bookmakers
best-odds-finder.html,/bookmakers/,Compare licensed SA bookmakers
best-odds-finder.html,/bookmakers/,Compare licensed SA bookmakers
best-odds-finder.html,/bookmakers/,Compare licensed SA bookmakers
best-odds-finder.html,/bookmakers/,Compare licensed SA bookmakers
best-odds-finder.html,/bookmakers/,Compare licensed SA bookmakers
best-odds-finder.html,/bookmakers/,Compare licensed SA bookmakers
best-odds-finder.html,/bookmakers/,Compare licensed SA bookmakers
best-odds-finder.html,/bookmakers/,Compare licensed SA bookmakers
best-odds-finder.html,/bookmakers/,Compare licensed SA bookmakers
best-odds-finder.html,/bookmakers/,Compare licensed SA bookmakers
best-odds-finder.html,/bookmakers/,Compare licensed SA bookmakers
best-odds-finder.html,/bookmakers/,Compare licensed SA bookmakers
best-odds-finder.html,/bookmakers/,Compare licensed SA bookmakers
best-odds-finder.html,/bookmakers/,Compare licensed SA bookmakers
best-odds-finder.html,/bookmakers/,Compare licensed SA bookmakers
best-odds-finder.html,/bookmakers/,Compare licensed SA bookmakers
best-odds-finder.html,/bookmakers/,Compare licensed SA bookmakers
best-odds-finder.html,/bookmakers/,Compare licensed SA bookmakers
best-odds-finder.html,/bookmakers/,Compare licensed SA bookmakers
best-odds-finder.html,/bookmakers/,Compare licensed SA bookmakers
best-odds-finder.html,/bookmakers/,Compare licensed SA bookmakers
best-odds-finder.html,/bookmakers/,Compare licensed SA bookmakers
best-odds-finder.html,/bookmakers/,Compare licensed SA bookmakers
best-odds-finder.html,/bookmakers/,Compare licensed SA bookmakers
best-odds-finder.html,/bookmakers/,Compare licensed SA bookmakers
best-odds-finder.html,/bookmakers/,Compare licensed SA bookmakers
best-odds-finder.html,/bookmakers/,Compare licensed SA bookmakers
best-odds-finder.html,/bookmakers/,Compare licensed SA bookmakers
best-odds-finder.html,/bookmakers/,Compare licensed SA bookmakers
best-odds-finder.html,/bookmakers/,Compare licensed SA bookmakers
best-odds-finder.html,/bookmakers/,Compare licensed SA bookmakers
best-odds-finder.html,/bookmakers/,Compare licensed SA bookmakers
best-odds-finder.html,/bookmakers/,Compare licensed SA bookmakers
best-odds-finder.html,/bookmakers/,Compare licensed SA bookmakers
best-odds-finder.html,/bookmakers/,Compare licensed SA bookmakers
best-odds-finder.html,/bookmakers/,Compare licensed SA bookmakers
best-odds-finder.html,/bookmakers/,Compare licensed SA bookmakers
best-odds-finder.html,/bookmakers/,Compare licensed SA bookmakers
best-odds-finder.html,/bookmakers/,Compare licensed SA bookmakers
best-odds-finder.html,/bookmakers/,Compare licensed SA bookmakers
best-odds-finder.html,/bookmakers/,Compare licensed SA bookmakers
best-odds-finder.html,/bookmakers/,Compare licensed SA bookmakers
best-odds-finder.html,/bookmakers/,Compare licensed SA bookmakers
best-odds-finder.html,/bookmakers/,Compare licensed SA bookmakers
best-odds-finder.html,/bookmakers/,Compare licensed SA bookmakers
best-odds-finder.html,/bookmakers/,Compare licensed SA bookmakers
best-odds-finder.html,/bookmakers/,Compare licensed SA bookmakers
best-odds-finder.html,/bookmakers/,Compare licensed SA bookmakers
best-odds-finder.html,/bookmakers/,Compare licensed SA bookmakers
best-odds-finder.html,/bookmakers/,Compare licensed SA bookmakers
best-odds-finder.html,/bookmakers/,Compare licensed SA bookmakers
best-odds-finder.html,/bookmakers/,Compare licensed SA bookmakers
best-odds-finder.html,/bookmakers/,Compare licensed SA bookmakers
best-odds-finder.html,/bookmakers/,Compare licensed SA bookmakers
best-odds-finder.html,/bookmakers/,Compare licensed SA bookmakers
best-odds-finder.html,/bookmakers/,Compare licensed SA bookmakers
best-odds-finder.html,/bookmakers/,Compare licensed SA bookmakers
best-odds-finder.html,/bookmakers/,Compare licensed SA bookmakers
best-odds-finder.html,/bookmakers/,Compare licensed SA bookmakers
best-odds-finder.html,/bookmakers/,Compare licensed SA bookmakers
best-odds-finder.html,/bookmakers/,Compare licensed SA bookmakers
best-odds-finder.html,/bookmakers/,Compare licensed SA bookmakers
best-odds-finder.html,/bookmakers/,Compare licensed SA bookmakers
best-odds-finder.html,/bookmakers/,Compare licensed SA bookmakers
best-odds-finder.html,/bookmakers/,Compare licensed SA bookmakers
best-odds-finder.html,/,Back to BetSorted
best-odds-finder.html,/about.html,About
best-odds-finder.html,/editorial-policy.html,Editorial Policy
best-odds-finder.html,/responsible-gambling.html,Responsible Gambling
best-odds-finder.html,/privacy.html,Privacy
best-odds-finder.html,/contact.html,Contact
best-odds-finder.html,/blog/,Blog
best-odds-finder.html,/blog/category-bookmaker-comparisons.html,Bookmaker Comparisons
betting-bonuses-south-africa.html,/,BetSorted
betting-bonuses-south-africa.html,/#comparison,Compare
betting-bonuses-south-africa.html,/bookmakers/,Bookmakers
betting-bonuses-south-africa.html,/glossary.html,Glossary
betting-bonuses-south-africa.html,/calculators.html,Calculators
betting-bonuses-south-africa.html,/blog/,Blog
betting-bonuses-south-africa.html,/psl-match-centre.html,⚽ PSL Live
betting-bonuses-south-africa.html,/prediction-markets.html,💰 Smart Money
betting-bonuses-south-africa.html,/,Home
betting-bonuses-south-africa.html,/,🎲 BetSorted
betting-bonuses-south-africa.html,/#odds,Live Odds
betting-bonuses-south-africa.html,/calculators.html,Calculators
betting-bonuses-south-africa.html,/blog/,Blog
betting-bonuses-south-africa.html,/best-betting-apps.html,Betting Apps
betting-bonuses-south-africa.html,/blog/south-africa-welcome-bonus-guide-2026.html,South Africa Welcome Bonus Guide 2026
betting-bonuses-south-africa.html,/ongoing-betting-rewards-south-africa.html,Best Ongoing Betting Rewards South Africa 2026
betting-bonuses-south-africa.html,/blog/best-betting-sites-beginners-south-africa-2026.html,Best Betting Sites SA
betting-bonuses-south-africa.html,/best-odds-finder.html,Check today’s best odds →
betting-bonuses-south-africa.html,/about.html,About
betting-bonuses-south-africa.html,/editorial-policy.html,Editorial Policy
betting-bonuses-south-africa.html,/responsible-gambling.html,Responsible Gambling
betting-bonuses-south-africa.html,/privacy.html,Privacy
betting-bonuses-south-africa.html,/contact.html,Contact
betting-bonuses-south-africa.html,/blog/,Blog
betting-bonuses-south-africa.html,/blog/category-bookmaker-comparisons.html,Bookmaker Comparisons
betting-calculator.html,/,BetSorted
betting-calculator.html,/#comparison,Compare
betting-calculator.html,/bookmakers/,Bookmakers
betting-calculator.html,/glossary.html,Glossary
betting-calculator.html,/calculators.html,Calculators
betting-calculator.html,/blog/,Blog
betting-calculator.html,/psl-match-centre.html,⚽ PSL Live
betting-calculator.html,/prediction-markets.html,💰 Smart Money
betting-calculator.html,/,Home
betting-calculator.html,/odds-comparison.html,sports betting odds comparison SA
betting-calculator.html,/,best bookmakers South Africa
betting-calculator.html,/accumulator-calculator.html,accumulator calculator
betting-calculator.html,/each-way-calculator.html,each-way calculator
betting-calculator.html,/accumulator-calculator.html,accumulator calculator
betting-calculator.html,/accumulator-calculator.html,🎲 Build an Accumulator Combine multiple selections for bigger returns
betting-calculator.html,/system-bet-calculator.html,"🎰 System Bet Calculator Lucky 15, Yankee, Trixie — coverage even if one loses"
betting-calculator.html,/each-way-calculator.html,"🏇 Calculate Each-Way Bets Perfect for horse racing (Durban July, Summer Cup)"
betting-calculator.html,/,🏆 Compare SA Bookmakers Find the best odds and bonuses for your bet
betting-calculator.html,/,Back to BetSorted
betting-calculator.html,/about.html,About
betting-calculator.html,/editorial-policy.html,Editorial Policy
betting-calculator.html,/responsible-gambling.html,Responsible Gambling
betting-calculator.html,/privacy.html,Privacy
betting-calculator.html,/contact.html,Contact
betting-calculator.html,/blog/,Blog
betting-calculator.html,/blog/category-bookmaker-comparisons.html,Bookmaker Comparisons
betway-vs-hollywoodbets.html,/,BetSorted
betway-vs-hollywoodbets.html,/#comparison,Compare
betway-vs-hollywoodbets.html,/bookmakers/,Bookmakers
betway-vs-hollywoodbets.html,/glossary.html,Glossary
betway-vs-hollywoodbets.html,/calculators.html,Calculators
betway-vs-hollywoodbets.html,/blog/,Blog
betway-vs-hollywoodbets.html,/psl-match-centre.html,⚽ PSL Live
betway-vs-hollywoodbets.html,/prediction-markets.html,💰 Smart Money
betway-vs-hollywoodbets.html,/blog/betway-vs-hollywoodbets.html,Click here
blog/10bet-review-south-africa-2026.html,/,BetSorted
blog/10bet-review-south-africa-2026.html,/#comparison,Compare
blog/10bet-review-south-africa-2026.html,/bookmakers/,Bookmakers
blog/10bet-review-south-africa-2026.html,/glossary.html,Glossary
blog/10bet-review-south-africa-2026.html,/calculators.html,Calculators
blog/10bet-review-south-africa-2026.html,/blog/,Blog
blog/10bet-review-south-africa-2026.html,/psl-match-centre.html,⚽ PSL Live
blog/10bet-review-south-africa-2026.html,/prediction-markets.html,💰 Smart Money
blog/10bet-review-south-africa-2026.html,/,Home
blog/10bet-review-south-africa-2026.html,/bookmakers/,Bookmakers
blog/10bet-review-south-africa-2026.html,/bookmakers/,&larr; Back to Bookmakers
blog/10bet-review-south-africa-2026.html,/odds-comparison.html,odds comparison page
blog/10bet-review-south-africa-2026.html,/betting-calculator.html,betting calculator
blog/10bet-review-south-africa-2026.html,/go/10bet.html?subid=post-10bet-review-south-africa-2026,Open 10bet through BetSorted
blog/10bet-review-south-africa-2026.html,/blog/best-psl-betting-site-2026.html,best PSL betting sites
blog/10bet-review-south-africa-2026.html,/odds-comparison.html,odds comparison tool
blog/10bet-review-south-africa-2026.html,/betting-calculator.html,betting calculator
blog/10bet-review-south-africa-2026.html,/blog/instant-eft-betting-payments-south-africa.html,Instant EFT
blog/10bet-review-south-africa-2026.html,/blog/ozow-betting-payments-south-africa.html,Ozow
blog/10bet-review-south-africa-2026.html,/best-odds-finder.html,best odds finder
blog/10bet-review-south-africa-2026.html,/blog/fastest-paying-bookmakers-south-africa-2026.html,fastest paying bookmakers in South Africa
blog/10bet-review-south-africa-2026.html,/blog/betway-vs-hollywoodbets.html,Betway vs Hollywoodbets comparison
blog/10bet-review-south-africa-2026.html,/blog/hollywoodbets-vs-supabets-2026.html,Hollywoodbets vs Supabets
blog/10bet-review-south-africa-2026.html,/blog/easybet-vs-world-sports-betting-psl-2026.html,Easybet vs WSB for PSL
blog/10bet-review-south-africa-2026.html,/accumulator-calculator.html,accumulator calculator
blog/10bet-review-south-africa-2026.html,/betting-calculator.html,betting calculator
blog/10bet-review-south-africa-2026.html,/blog/betmaster-review-south-africa-2026.html,Betmaster Review South Africa 2026 — Is It Worth Signing Up?
blog/10bet-review-south-africa-2026.html,/blog/category-bookmaker-reviews.html,Bookmaker Reviews
blog/10bet-review-south-africa-2026.html,/blog/lottostar-review-south-africa-2026.html,"LottoStar Review South Africa (2026): Lucky Numbers, Virtual Games & Sports Betting"
blog/10bet-review-south-africa-2026.html,/blog/new-betting-sites-south-africa-april-2026.html,New Betting Sites South Africa April 2026 — Latest Bookmakers Reviewed
blog/10bet-review-south-africa-2026.html,/blog/betfred-vs-10bet-south-africa-2026.html,Betfred vs 10bet South Africa 2026
blog/10bet-review-south-africa-2026.html,/blog/10bet-vs-supabets-south-africa-2026.html,10bet vs Supabets 2026
blog/10bet-review-south-africa-2026.html,/blog/betway-vs-10bet-south-africa-2026.html,Betway vs 10bet 2026
blog/10bet-review-south-africa-2026.html,/blog/hollywoodbets-vs-10bet-south-africa-2026.html,Hollywoodbets vs 10bet 2026
blog/10bet-review-south-africa-2026.html,/blog/,← Back to Blog
blog/10bet-review-south-africa-2026.html,/about.html,About
blog/10bet-review-south-africa-2026.html,/editorial-policy.html,Editorial Policy
blog/10bet-review-south-africa-2026.html,/responsible-gambling.html,Responsible Gambling
blog/10bet-review-south-africa-2026.html,/privacy.html,Privacy
blog/10bet-review-south-africa-2026.html,/contact.html,Contact
blog/10bet-review-south-africa-2026.html,/blog/,Blog
blog/10bet-review-south-africa-2026.html,/blog/category-bookmaker-comparisons.html,Bookmaker Comparisons
blog/10bet-vs-supabets-south-africa-2026.html,/blog/supabets-review-south-africa-2026.html,Supabets
blog/10bet-vs-supabets-south-africa-2026.html,/,BetSorted
blog/10bet-vs-supabets-south-africa-2026.html,/#comparison,Compare
blog/10bet-vs-supabets-south-africa-2026.html,/bookmakers/,Bookmakers
blog/10bet-vs-supabets-south-africa-2026.html,/glossary.html,Glossary
blog/10bet-vs-supabets-south-africa-2026.html,/calculators.html,Calculators
blog/10bet-vs-supabets-south-africa-2026.html,/blog/,Blog
blog/10bet-vs-supabets-south-africa-2026.html,/psl-match-centre.html,⚽ PSL Live
blog/10bet-vs-supabets-south-africa-2026.html,/prediction-markets.html,💰 Smart Money
blog/10bet-vs-supabets-south-africa-2026.html,/,Home
blog/10bet-vs-supabets-south-africa-2026.html,/blog/,Blog
blog/10bet-vs-supabets-south-africa-2026.html,/blog/,← Back to Blog
blog/10bet-vs-supabets-south-africa-2026.html,/blog/10bet-review-south-africa-2026.html,10Bet
blog/10bet-vs-supabets-south-africa-2026.html,/blog/10bet-review-south-africa-2026.html,10Bet review
blog/10bet-vs-supabets-south-africa-2026.html,/blog/supabets-review-south-africa-2026.html,Supabets review
blog/10bet-vs-supabets-south-africa-2026.html,/betting-calculator.html,betting calculator
blog/10bet-vs-supabets-south-africa-2026.html,/blog/best-betting-bonuses-south-africa-2026.html,best betting bonuses guide
blog/10bet-vs-supabets-south-africa-2026.html,/odds-comparison.html,odds comparison tool
blog/10bet-vs-supabets-south-africa-2026.html,/accumulator-calculator.html,accumulator calculator
blog/10bet-vs-supabets-south-africa-2026.html,/blog/accumulator-betting-guide-south-africa-2026.html,accumulator betting guide
blog/10bet-vs-supabets-south-africa-2026.html,/blog/best-deposit-methods-betting-south-africa-2026.html,best deposit methods guide
blog/10bet-vs-supabets-south-africa-2026.html,/blog/capitec-pay-betting-payments-south-africa.html,Capitec Pay
blog/10bet-vs-supabets-south-africa-2026.html,/blog/ozow-betting-payments-south-africa.html,Ozow
blog/10bet-vs-supabets-south-africa-2026.html,/blog/instant-eft-betting-payments-south-africa.html,Instant EFT
blog/10bet-vs-supabets-south-africa-2026.html,/blog/fastest-paying-bookmakers-south-africa-2026.html,fastest paying bookmakers
blog/10bet-vs-supabets-south-africa-2026.html,/best-betting-apps.html,best betting apps ranking
blog/10bet-vs-supabets-south-africa-2026.html,/blog/same-game-multi-betting-guide-south-africa-2026.html,same game multis
blog/10bet-vs-supabets-south-africa-2026.html,/blog/bankroll-management-guide-south-africa-2026.html,bankroll management guide
blog/10bet-vs-supabets-south-africa-2026.html,/kelly-criterion-calculator.html,Kelly criterion calculator
blog/10bet-vs-supabets-south-africa-2026.html,/blog/best-low-deposit-betting-sites-south-africa-2026.html,best low deposit betting sites
blog/10bet-vs-supabets-south-africa-2026.html,/odds-comparison.html,odds comparison page
blog/10bet-vs-supabets-south-africa-2026.html,/arbitrage-calculator.html,arbitrage opportunities
blog/10bet-vs-supabets-south-africa-2026.html,/blog/betway-review-south-africa-2026.html,Betway review
blog/10bet-vs-supabets-south-africa-2026.html,/blog/hollywoodbets-review-south-africa-2026.html,Hollywoodbets review
blog/10bet-vs-supabets-south-africa-2026.html,/blog/sportingbet-review-south-africa-2026.html,Sportingbet review
blog/10bet-vs-supabets-south-africa-2026.html,/value-bet-calculator.html,value bet calculator
blog/10bet-vs-supabets-south-africa-2026.html,/calculators.html,calculators page
blog/10bet-vs-supabets-south-africa-2026.html,/blog/capitec-pay-betting-payments-south-africa.html,Capitec Pay guide
blog/10bet-vs-supabets-south-africa-2026.html,/blog/best-betway-alternatives-south-africa-june-2026.html,Best Betway Alternatives for South African Bettors (June 2026)
blog/10bet-vs-supabets-south-africa-2026.html,/blog/betfred-vs-10bet-south-africa-2026.html,Betfred vs 10bet South Africa 2026: International Bookmaker Showdown
blog/10bet-vs-supabets-south-africa-2026.html,/blog/category-bookmaker-comparisons.html,Bookmaker Comparisons
blog/10bet-vs-supabets-south-africa-2026.html,/blog/gbets-vs-10bet-south-africa-2026.html,Gbets vs 10bet South Africa 2026 — Which Bookmaker Wins?
blog/10bet-vs-supabets-south-africa-2026.html,/blog/,← Back to Blog
blog/10bet-vs-supabets-south-africa-2026.html,/about.html,About
blog/10bet-vs-supabets-south-africa-2026.html,/editorial-policy.html,Editorial Policy
blog/10bet-vs-supabets-south-africa-2026.html,/responsible-gambling.html,Responsible Gambling
blog/10bet-vs-supabets-south-africa-2026.html,/privacy.html,Privacy
blog/10bet-vs-supabets-south-africa-2026.html,/contact.html,Contact
blog/10bet-vs-supabets-south-africa-2026.html,/blog/,Blog
blog/10bet-vs-supabets-south-africa-2026.html,/blog/category-bookmaker-comparisons.html,Bookmaker Comparisons
blog/5-common-betting-mistakes-south-africa-2026.html,/,BetSorted
blog/5-common-betting-mistakes-south-africa-2026.html,/#comparison,Compare
blog/5-common-betting-mistakes-south-africa-2026.html,/bookmakers/,Bookmakers
blog/5-common-betting-mistakes-south-africa-2026.html,/glossary.html,Glossary
blog/5-common-betting-mistakes-south-africa-2026.html,/calculators.html,Calculators
blog/5-common-betting-mistakes-south-africa-2026.html,/blog/,Blog
blog/5-common-betting-mistakes-south-africa-2026.html,/psl-match-centre.html,⚽ PSL Live
blog/5-common-betting-mistakes-south-africa-2026.html,/prediction-markets.html,💰 Smart Money
blog/5-common-betting-mistakes-south-africa-2026.html,/,Home
blog/5-common-betting-mistakes-south-africa-2026.html,/blog/,Blog
blog/5-common-betting-mistakes-south-africa-2026.html,/bookmakers/,Bookmakers
blog/5-common-betting-mistakes-south-africa-2026.html,/about.html,About
blog/5-common-betting-mistakes-south-africa-2026.html,/editorial-policy.html,Editorial Policy
blog/5-common-betting-mistakes-south-africa-2026.html,/responsible-gambling.html,Responsible Gambling
blog/5-common-betting-mistakes-south-africa-2026.html,/privacy.html,Privacy
blog/5-common-betting-mistakes-south-africa-2026.html,/contact.html,Contact
blog/5-common-betting-mistakes-south-africa-2026.html,/blog/,Blog
blog/5-common-betting-mistakes-south-africa-2026.html,/blog/category-bookmaker-comparisons.html,Bookmaker Comparisons
blog/accumulator-betting-guide-south-africa-2026.html,/,BetSorted
blog/accumulator-betting-guide-south-africa-2026.html,/#comparison,Compare
blog/accumulator-betting-guide-south-africa-2026.html,/bookmakers/,Bookmakers
blog/accumulator-betting-guide-south-africa-2026.html,/glossary.html,Glossary
blog/accumulator-betting-guide-south-africa-2026.html,/calculators.html,Calculators
blog/accumulator-betting-guide-south-africa-2026.html,/blog/,Blog
blog/accumulator-betting-guide-south-africa-2026.html,/psl-match-centre.html,⚽ PSL Live
blog/accumulator-betting-guide-south-africa-2026.html,/prediction-markets.html,💰 Smart Money
blog/accumulator-betting-guide-south-africa-2026.html,/,Home
blog/accumulator-betting-guide-south-africa-2026.html,/blog/,Blog
blog/accumulator-betting-guide-south-africa-2026.html,/blog/,← Back to Blog
blog/accumulator-betting-guide-south-africa-2026.html,/accumulator-calculator.html,accumulator calculator
blog/accumulator-betting-guide-south-africa-2026.html,/betting-calculator.html,betting calculator
blog/accumulator-betting-guide-south-africa-2026.html,/accumulator-calculator.html,accumulator calculator
blog/accumulator-betting-guide-south-africa-2026.html,/blog/chiefs-vs-pirates-derby-betting-guide-2026.html,Chiefs vs Pirates Soweto Derby
blog/accumulator-betting-guide-south-africa-2026.html,/blog/springboks-2026-betting-guide.html,Springboks 2026 betting guide
blog/accumulator-betting-guide-south-africa-2026.html,/blog/betway-vs-hollywoodbets.html,Betway vs Hollywoodbets comparison
blog/accumulator-betting-guide-south-africa-2026.html,/blog/best-psl-betting-site-2026.html,best PSL betting site for 2026
blog/accumulator-betting-guide-south-africa-2026.html,/accumulator-calculator.html,accumulator calculator
blog/accumulator-betting-guide-south-africa-2026.html,/betting-calculator.html,betting calculator
blog/accumulator-betting-guide-south-africa-2026.html,/accumulator-calculator.html,accumulator calculator
blog/accumulator-betting-guide-south-africa-2026.html,/each-way-calculator.html,each-way calculator
blog/accumulator-betting-guide-south-africa-2026.html,/accumulator-calculator.html,Accumulator Calculator
blog/accumulator-betting-guide-south-africa-2026.html,/betting-calculator.html,Betting Calculator
blog/accumulator-betting-guide-south-africa-2026.html,/each-way-calculator.html,Each-Way Calculator
blog/accumulator-betting-guide-south-africa-2026.html,/accumulator-calculator.html,accumulator calculator
blog/accumulator-betting-guide-south-africa-2026.html,/blog/5-common-betting-mistakes-south-africa-2026.html,5 Common Betting Mistakes South African Punters Make (And How to Avoid Them)
blog/accumulator-betting-guide-south-africa-2026.html,/blog/aviator-betting-sites-south-africa-2026.html,Aviator Betting Sites South Africa 2026 — Best Apps & Strategy
blog/accumulator-betting-guide-south-africa-2026.html,/blog/best-betting-sites-beginners-south-africa-2026.html,Best Betting Sites for Beginners in South Africa 2026 — Start Here
blog/accumulator-betting-guide-south-africa-2026.html,/blog/category-betting-guides-strategy.html,Betting Guides &amp; Strategy
blog/accumulator-betting-guide-south-africa-2026.html,/blog/,← Back to Blog
blog/accumulator-betting-guide-south-africa-2026.html,/about.html,About
blog/accumulator-betting-guide-south-africa-2026.html,/editorial-policy.html,Editorial Policy
blog/accumulator-betting-guide-south-africa-2026.html,/responsible-gambling.html,Responsible Gambling
blog/accumulator-betting-guide-south-africa-2026.html,/privacy.html,Privacy
blog/accumulator-betting-guide-south-africa-2026.html,/contact.html,Contact
blog/accumulator-betting-guide-south-africa-2026.html,/blog/,Blog
blog/accumulator-betting-guide-south-africa-2026.html,/blog/category-bookmaker-comparisons.html,Bookmaker Comparisons
blog/aviator-betting-sites-south-africa-2026.html,/,BetSorted
blog/aviator-betting-sites-south-africa-2026.html,/#comparison,Compare
blog/aviator-betting-sites-south-africa-2026.html,/bookmakers/,Bookmakers
blog/aviator-betting-sites-south-africa-2026.html,/glossary.html,Glossary
blog/aviator-betting-sites-south-africa-2026.html,/calculators.html,Calculators
blog/aviator-betting-sites-south-africa-2026.html,/blog/,Blog
blog/aviator-betting-sites-south-africa-2026.html,/psl-match-centre.html,⚽ PSL Live
blog/aviator-betting-sites-south-africa-2026.html,/prediction-markets.html,💰 Smart Money
blog/aviator-betting-sites-south-africa-2026.html,/,Home
blog/aviator-betting-sites-south-africa-2026.html,/blog/,Blog
blog/aviator-betting-sites-south-africa-2026.html,/,Home
blog/aviator-betting-sites-south-africa-2026.html,/blog/,Blog
blog/aviator-betting-sites-south-africa-2026.html,/blog/best-low-deposit-betting-sites-south-africa-2026.html,best low deposit betting sites
blog/aviator-betting-sites-south-africa-2026.html,/best-betting-apps.html,Best Betting Apps SA 2026
blog/aviator-betting-sites-south-africa-2026.html,/blog/best-low-deposit-betting-sites-south-africa-2026.html,Low Deposit Betting Sites
blog/aviator-betting-sites-south-africa-2026.html,/blog/how-to-use-free-bets-south-africa-2026.html,How to Use Free Bets
blog/bafana-bafana-vs-panama-betting-preview-march-2026.html,/,BetSorted
blog/bafana-bafana-vs-panama-betting-preview-march-2026.html,/#comparison,Compare
blog/bafana-bafana-vs-panama-betting-preview-march-2026.html,/bookmakers/,Bookmakers
blog/bafana-bafana-vs-panama-betting-preview-march-2026.html,/glossary.html,Glossary
blog/bafana-bafana-vs-panama-betting-preview-march-2026.html,/calculators.html,Calculators
blog/bafana-bafana-vs-panama-betting-preview-march-2026.html,/blog/,Blog
blog/bafana-bafana-vs-panama-betting-preview-march-2026.html,/psl-match-centre.html,⚽ PSL Live
blog/bafana-bafana-vs-panama-betting-preview-march-2026.html,/prediction-markets.html,💰 Smart Money
blog/bafana-bafana-vs-panama-betting-preview-march-2026.html,/blog/bafana-world-cup-betting-guide.html,Click here
blog/bafana-bafana-world-cup-2026-betting-guide-south-africa.html,/,BetSorted
blog/bafana-bafana-world-cup-2026-betting-guide-south-africa.html,/#comparison,Compare
blog/bafana-bafana-world-cup-2026-betting-guide-south-africa.html,/bookmakers/,Bookmakers
blog/bafana-bafana-world-cup-2026-betting-guide-south-africa.html,/glossary.html,Glossary
blog/bafana-bafana-world-cup-2026-betting-guide-south-africa.html,/calculators.html,Calculators
blog/bafana-bafana-world-cup-2026-betting-guide-south-africa.html,/blog/,Blog
blog/bafana-bafana-world-cup-2026-betting-guide-south-africa.html,/psl-match-centre.html,⚽ PSL Live
blog/bafana-bafana-world-cup-2026-betting-guide-south-africa.html,/prediction-markets.html,💰 Smart Money
blog/bafana-bafana-world-cup-2026-betting-guide-south-africa.html,/blog/bafana-world-cup-betting-guide.html,Click here
blog/bafana-group-a-world-cup-2026-betting-south-africa.html,/,BetSorted
blog/bafana-group-a-world-cup-2026-betting-south-africa.html,/#comparison,Compare
blog/bafana-group-a-world-cup-2026-betting-south-africa.html,/bookmakers/,Bookmakers
blog/bafana-group-a-world-cup-2026-betting-south-africa.html,/glossary.html,Glossary
blog/bafana-group-a-world-cup-2026-betting-south-africa.html,/calculators.html,Calculators
blog/bafana-group-a-world-cup-2026-betting-south-africa.html,/blog/,Blog
blog/bafana-group-a-world-cup-2026-betting-south-africa.html,/psl-match-centre.html,⚽ PSL Live
blog/bafana-group-a-world-cup-2026-betting-south-africa.html,/prediction-markets.html,💰 Smart Money
blog/bafana-group-a-world-cup-2026-betting-south-africa.html,/blog/bafana-world-cup-betting-guide.html,Click here
blog/bafana-must-win-czechia-world-cup-2026-june-22.html,/,BetSorted
blog/bafana-must-win-czechia-world-cup-2026-june-22.html,/#comparison,Compare
blog/bafana-must-win-czechia-world-cup-2026-june-22.html,/bookmakers/,Bookmakers
blog/bafana-must-win-czechia-world-cup-2026-june-22.html,/glossary.html,Glossary
blog/bafana-must-win-czechia-world-cup-2026-june-22.html,/calculators.html,Calculators
blog/bafana-must-win-czechia-world-cup-2026-june-22.html,/blog/,Blog
blog/bafana-must-win-czechia-world-cup-2026-june-22.html,/psl-match-centre.html,⚽ PSL Live
blog/bafana-must-win-czechia-world-cup-2026-june-22.html,/prediction-markets.html,💰 Smart Money
blog/bafana-must-win-czechia-world-cup-2026-june-22.html,/blog/bafana-world-cup-betting-guide.html,Click here
blog/bafana-vs-czechia-world-cup-2026-betting-preview.html,/,BetSorted
blog/bafana-vs-czechia-world-cup-2026-betting-preview.html,/#comparison,Compare
blog/bafana-vs-czechia-world-cup-2026-betting-preview.html,/bookmakers/,Bookmakers
blog/bafana-vs-czechia-world-cup-2026-betting-preview.html,/glossary.html,Glossary
blog/bafana-vs-czechia-world-cup-2026-betting-preview.html,/calculators.html,Calculators
blog/bafana-vs-czechia-world-cup-2026-betting-preview.html,/blog/,Blog
blog/bafana-vs-czechia-world-cup-2026-betting-preview.html,/psl-match-centre.html,⚽ PSL Live
blog/bafana-vs-czechia-world-cup-2026-betting-preview.html,/prediction-markets.html,💰 Smart Money
blog/bafana-vs-czechia-world-cup-2026-betting-preview.html,/blog/bafana-world-cup-betting-guide.html,Click here
blog/bafana-world-cup-2026-betting-guide-south-africa.html,/,BetSorted
blog/bafana-world-cup-2026-betting-guide-south-africa.html,/#comparison,Compare
blog/bafana-world-cup-2026-betting-guide-south-africa.html,/bookmakers/,Bookmakers
blog/bafana-world-cup-2026-betting-guide-south-africa.html,/glossary.html,Glossary
blog/bafana-world-cup-2026-betting-guide-south-africa.html,/calculators.html,Calculators
blog/bafana-world-cup-2026-betting-guide-south-africa.html,/blog/,Blog
blog/bafana-world-cup-2026-betting-guide-south-africa.html,/psl-match-centre.html,⚽ PSL Live
blog/bafana-world-cup-2026-betting-guide-south-africa.html,/prediction-markets.html,💰 Smart Money
blog/bafana-world-cup-2026-betting-guide-south-africa.html,/blog/bafana-world-cup-betting-guide.html,Click here
blog/bafana-world-cup-betting-guide.html,/,BetSorted
blog/bafana-world-cup-betting-guide.html,/#comparison,Compare
blog/bafana-world-cup-betting-guide.html,/bookmakers/,Bookmakers
blog/bafana-world-cup-betting-guide.html,/glossary.html,Glossary
blog/bafana-world-cup-betting-guide.html,/calculators.html,Calculators
blog/bafana-world-cup-betting-guide.html,/blog/,Blog
blog/bafana-world-cup-betting-guide.html,/psl-match-centre.html,⚽ PSL Live
blog/bafana-world-cup-betting-guide.html,/prediction-markets.html,💰 Smart Money
blog/bafana-world-cup-betting-guide.html,/,Home
blog/bafana-world-cup-betting-guide.html,/blog/,Blog
blog/bafana-world-cup-betting-guide.html,/odds-converter.html,odds converter
blog/bafana-world-cup-betting-guide.html,/betting-calculator.html,betting calculator
blog/bafana-world-cup-betting-guide.html,/bookmakers/,bookmaker hub
blog/bafana-world-cup-betting-guide.html,/betting-calculator.html,betting calculator
blog/bafana-world-cup-betting-guide.html,/accumulator-calculator.html,accumulator calculator
blog/bafana-world-cup-betting-guide.html,/bonus-comparison.html,bonus comparison
blog/bafana-world-cup-betting-guide.html,/free-bet-calculator.html,free bet calculator
blog/bafana-world-cup-betting-guide.html,/odds-converter.html,odds converter
blog/bafana-world-cup-betting-guide.html,/betting-calculator.html,betting calculator
blog/bafana-world-cup-betting-guide.html,/accumulator-calculator.html,accumulator calculator
blog/bafana-world-cup-betting-guide.html,/blog/how-to-bet-fifa-world-cup-2026-south-africa.html,How to Bet on the FIFA World Cup in South Africa
blog/bafana-world-cup-betting-guide.html,/blog/best-bookmakers-world-cup-2026-south-africa.html,Best Bookmakers for World Cup 2026 South Africa
blog/bafana-world-cup-betting-guide.html,/blog/psl-title-race-betting-guide.html,PSL Offseason Odds Shopping Guide
blog/bafana-world-cup-betting-guide.html,/blog/how-to-build-psl-rugby-cricket-accumulator-south-africa-2026.html,"How to Build PSL, Rugby and Cricket Accumulators"
blog/bafana-world-cup-betting-guide.html,/blog/best-betting-sites-beginners-south-africa-2026.html,Best Betting Sites for Beginners South Africa
blog/bafana-world-cup-odds-calculator-guide-june-2026.html,/,BetSorted
blog/bafana-world-cup-odds-calculator-guide-june-2026.html,/#comparison,Compare
blog/bafana-world-cup-odds-calculator-guide-june-2026.html,/bookmakers/,Bookmakers
blog/bafana-world-cup-odds-calculator-guide-june-2026.html,/glossary.html,Glossary
blog/bafana-world-cup-odds-calculator-guide-june-2026.html,/calculators.html,Calculators
blog/bafana-world-cup-odds-calculator-guide-june-2026.html,/blog/,Blog
blog/bafana-world-cup-odds-calculator-guide-june-2026.html,/psl-match-centre.html,⚽ PSL Live
blog/bafana-world-cup-odds-calculator-guide-june-2026.html,/prediction-markets.html,💰 Smart Money
blog/bafana-world-cup-odds-calculator-guide-june-2026.html,/blog/bafana-world-cup-betting-guide.html,Click here
blog/bankroll-management-guide-south-africa-2026.html,/,BetSorted
blog/bankroll-management-guide-south-africa-2026.html,/#comparison,Compare
blog/bankroll-management-guide-south-africa-2026.html,/bookmakers/,Bookmakers
blog/bankroll-management-guide-south-africa-2026.html,/glossary.html,Glossary
blog/bankroll-management-guide-south-africa-2026.html,/calculators.html,Calculators
blog/bankroll-management-guide-south-africa-2026.html,/blog/,Blog
blog/bankroll-management-guide-south-africa-2026.html,/psl-match-centre.html,⚽ PSL Live
blog/bankroll-management-guide-south-africa-2026.html,/prediction-markets.html,💰 Smart Money
blog/bankroll-management-guide-south-africa-2026.html,/,Home
blog/bankroll-management-guide-south-africa-2026.html,/blog/,Blog
blog/bankroll-management-guide-south-africa-2026.html,/blog/,← Back to Blog
blog/bankroll-management-guide-south-africa-2026.html,/betting-calculator.html,betting calculator
blog/bankroll-management-guide-south-africa-2026.html,/betting-calculator.html,betting calculator
blog/bankroll-management-guide-south-africa-2026.html,/accumulator-calculator.html,accumulator calculator
blog/bankroll-management-guide-south-africa-2026.html,/betting-calculator.html,betting calculator
blog/bankroll-management-guide-south-africa-2026.html,/accumulator-calculator.html,accumulator calculator
blog/bankroll-management-guide-south-africa-2026.html,/betting-calculator.html,Betting Calculator
blog/bankroll-management-guide-south-africa-2026.html,/accumulator-calculator.html,Accumulator Calculator
blog/bankroll-management-guide-south-africa-2026.html,/odds-comparison.html,Odds Comparison
blog/bankroll-management-guide-south-africa-2026.html,/blog/5-common-betting-mistakes-south-africa-2026.html,5 Common Betting Mistakes South African Punters Make (And How to Avoid Them)
blog/bankroll-management-guide-south-africa-2026.html,/blog/aviator-betting-sites-south-africa-2026.html,Aviator Betting Sites South Africa 2026 — Best Apps & Strategy
blog/bankroll-management-guide-south-africa-2026.html,/blog/best-betting-sites-beginners-south-africa-2026.html,Best Betting Sites for Beginners in South Africa 2026 — Start Here
blog/bankroll-management-guide-south-africa-2026.html,/blog/category-betting-guides-strategy.html,Betting Guides &amp; Strategy
blog/bankroll-management-guide-south-africa-2026.html,/about.html,About
blog/bankroll-management-guide-south-africa-2026.html,/editorial-policy.html,Editorial Policy
blog/bankroll-management-guide-south-africa-2026.html,/responsible-gambling.html,Responsible Gambling
blog/bankroll-management-guide-south-africa-2026.html,/privacy.html,Privacy
blog/bankroll-management-guide-south-africa-2026.html,/contact.html,Contact
blog/bankroll-management-guide-south-africa-2026.html,/blog/,Blog
blog/bankroll-management-guide-south-africa-2026.html,/blog/category-bookmaker-comparisons.html,Bookmaker Comparisons
blog/best-betting-app-south-africa-2026.html,/,BetSorted
blog/best-betting-app-south-africa-2026.html,/#comparison,Compare
blog/best-betting-app-south-africa-2026.html,/bookmakers/,Bookmakers
blog/best-betting-app-south-africa-2026.html,/glossary.html,Glossary
blog/best-betting-app-south-africa-2026.html,/calculators.html,Calculators
blog/best-betting-app-south-africa-2026.html,/blog/,Blog
blog/best-betting-app-south-africa-2026.html,/psl-match-centre.html,⚽ PSL Live
blog/best-betting-app-south-africa-2026.html,/prediction-markets.html,💰 Smart Money
blog/best-betting-app-south-africa-2026.html,/best-betting-apps.html,Click here
blog/best-betting-apps-south-africa-2026.html,/,BetSorted
blog/best-betting-apps-south-africa-2026.html,/#comparison,Compare
blog/best-betting-apps-south-africa-2026.html,/bookmakers/,Bookmakers
blog/best-betting-apps-south-africa-2026.html,/glossary.html,Glossary
blog/best-betting-apps-south-africa-2026.html,/calculators.html,Calculators
blog/best-betting-apps-south-africa-2026.html,/blog/,Blog
blog/best-betting-apps-south-africa-2026.html,/psl-match-centre.html,⚽ PSL Live
blog/best-betting-apps-south-africa-2026.html,/prediction-markets.html,💰 Smart Money
blog/best-betting-apps-south-africa-2026.html,/best-betting-apps.html,Click here
blog/best-betting-bonuses-south-africa-2026.html,/,BetSorted
blog/best-betting-bonuses-south-africa-2026.html,/#comparison,Compare
blog/best-betting-bonuses-south-africa-2026.html,/bookmakers/,Bookmakers
blog/best-betting-bonuses-south-africa-2026.html,/glossary.html,Glossary
blog/best-betting-bonuses-south-africa-2026.html,/calculators.html,Calculators
blog/best-betting-bonuses-south-africa-2026.html,/blog/,Blog
blog/best-betting-bonuses-south-africa-2026.html,/psl-match-centre.html,⚽ PSL Live
blog/best-betting-bonuses-south-africa-2026.html,/prediction-markets.html,💰 Smart Money
blog/best-betting-bonuses-south-africa-2026.html,/,Home
blog/best-betting-bonuses-south-africa-2026.html,/blog/,Blog
blog/best-betting-bonuses-south-africa-2026.html,/blog/,← Back to Blog
blog/best-betting-bonuses-south-africa-2026.html,/blog/hollywoodbets-review-south-africa-2026.html,Hollywoodbets
blog/best-betting-bonuses-south-africa-2026.html,/blog/easybet-review-south-africa-2026.html,Easybet
blog/best-betting-bonuses-south-africa-2026.html,/blog/betway-review-south-africa-2026.html,Betway
blog/best-betting-bonuses-south-africa-2026.html,/blog/betfred-review-south-africa-2026.html,Betfred
blog/best-betting-bonuses-south-africa-2026.html,/blog/supabets-review-south-africa-2026.html,Supabets
blog/best-betting-bonuses-south-africa-2026.html,/blog/sportingbet-review-south-africa-2026.html,Sportingbet
blog/best-betting-bonuses-south-africa-2026.html,/blog/bet-co-za-review-south-africa-2026.html,Bet.co.za
blog/best-betting-bonuses-south-africa-2026.html,/blog/10bet-review-south-africa-2026.html,10bet
blog/best-betting-bonuses-south-africa-2026.html,/blog/sunbet-review-south-africa-2026.html,Sunbet
blog/best-betting-bonuses-south-africa-2026.html,/blog/playabets-review-south-africa-2026.html,Playabets
blog/best-betting-bonuses-south-africa-2026.html,/blog/wsb-review-south-africa-2026.html,WSB
blog/best-betting-bonuses-south-africa-2026.html,/blog/easybet-review-south-africa-2026.html,Easybet review
blog/best-betting-bonuses-south-africa-2026.html,/blog/betway-review-south-africa-2026.html,Betway review
blog/best-betting-bonuses-south-africa-2026.html,/blog/sportingbet-review-south-africa-2026.html,Sportingbet review here
blog/best-betting-bonuses-south-africa-2026.html,/#comparison,comparison tool
blog/best-betting-bonuses-south-africa-2026.html,/betting-calculator.html,betting calculator
blog/best-betting-bonuses-south-africa-2026.html,/blog/ozow-betting-payments-south-africa.html,Ozow (Instant EFT)
blog/best-betting-bonuses-south-africa-2026.html,/blog/capitec-pay-betting-payments-south-africa.html,Capitec Pay
blog/best-betting-bonuses-south-africa-2026.html,/blog/card-payments-betting-visa-mastercard-south-africa.html,Visa/Mastercard
blog/best-betting-bonuses-south-africa-2026.html,/blog/eft-betting-payments-south-africa.html,Standard EFT
blog/best-betting-bonuses-south-africa-2026.html,/blog/betting-tax-south-africa-2026.html,Betting Tax South Africa 2026: Are Your Winnings Taxed?
blog/best-betting-bonuses-south-africa-2026.html,/blog/category-payments-fica.html,Payments &amp; FICA
blog/best-betting-bonuses-south-africa-2026.html,/blog/fastest-paying-bookmakers-south-africa-may-2026.html,Fastest Paying Bookmakers in South Africa: May 2026 Withdrawal Guide
blog/best-betting-bonuses-south-africa-2026.html,/blog/fica-verification-guide-south-africa-2026.html,How to FICA Verify Your Betting Account in South Africa (2026 Guide)
blog/best-betting-bonuses-south-africa-2026.html,/blog/,← Back to Blog
blog/best-betting-bonuses-south-africa-2026.html,/about.html,About
blog/best-betting-bonuses-south-africa-2026.html,/editorial-policy.html,Editorial Policy
blog/best-betting-bonuses-south-africa-2026.html,/responsible-gambling.html,Responsible Gambling
blog/best-betting-bonuses-south-africa-2026.html,/privacy.html,Privacy
blog/best-betting-bonuses-south-africa-2026.html,/contact.html,Contact
blog/best-betting-bonuses-south-africa-2026.html,/blog/,Blog
blog/best-betting-bonuses-south-africa-2026.html,/blog/category-bookmaker-comparisons.html,Bookmaker Comparisons
blog/best-betting-site-south-africa-2026.html,/,BetSorted
blog/best-betting-site-south-africa-2026.html,/#comparison,Compare
blog/best-betting-site-south-africa-2026.html,/bookmakers/,Bookmakers
blog/best-betting-site-south-africa-2026.html,/glossary.html,Glossary
blog/best-betting-site-south-africa-2026.html,/calculators.html,Calculators
blog/best-betting-site-south-africa-2026.html,/blog/,Blog
blog/best-betting-site-south-africa-2026.html,/psl-match-centre.html,⚽ PSL Live
blog/best-betting-site-south-africa-2026.html,/prediction-markets.html,💰 Smart Money
blog/best-betting-site-south-africa-2026.html,/,Home
blog/best-betting-site-south-africa-2026.html,/blog/,Blog
blog/best-betting-site-south-africa-2026.html,/blog/,← Back to Blog
blog/best-betting-site-south-africa-2026.html,/blog/hollywoodbets-review-south-africa-2026.html,Hollywoodbets
blog/best-betting-site-south-africa-2026.html,/blog/betway-review-south-africa-2026.html,Betway
blog/best-betting-site-south-africa-2026.html,/blog/supabets-review-south-africa-2026.html,SupaBets
blog/best-betting-site-south-africa-2026.html,/blog/sportingbet-review-south-africa-2026.html,Sportingbet
blog/best-betting-site-south-africa-2026.html,/odds-comparison.html,odds comparison page
blog/best-betting-site-south-africa-2026.html,/betting-calculator.html,BetSorted betting calculator
blog/best-betting-site-south-africa-2026.html,/betting-calculator.html,calculator
blog/best-betting-site-south-africa-2026.html,/betting-calculator.html,BetSorted betting calculator
blog/best-betting-site-south-africa-2026.html,/accumulator-calculator.html,accumulator calculator
blog/best-betting-site-south-africa-2026.html,/blog/best-psl-betting-site-2026.html,Best PSL Betting Sites in South Africa (2026)
blog/best-betting-site-south-africa-2026.html,/blog/betway-vs-hollywoodbets.html,Betway vs Hollywoodbets
blog/best-betting-site-south-africa-2026.html,/blog/withdrawal-times-south-africa-bookmakers-2026.html,Withdrawal Times for South African Bookmakers
blog/best-betting-site-south-africa-2026.html,/bookmakers/,Bookmaker reviews and comparisons
blog/best-betting-site-south-africa-2026.html,/blog/,← Back to Blog
blog/best-betting-site-south-africa-2026.html,/about.html,About
blog/best-betting-site-south-africa-2026.html,/editorial-policy.html,Editorial Policy
blog/best-betting-site-south-africa-2026.html,/responsible-gambling.html,Responsible Gambling
blog/best-betting-site-south-africa-2026.html,/privacy.html,Privacy
blog/best-betting-site-south-africa-2026.html,/contact.html,Contact
blog/best-betting-site-south-africa-2026.html,/blog/,Blog
blog/best-betting-site-south-africa-2026.html,/blog/category-bookmaker-comparisons.html,Bookmaker Comparisons
blog/best-betting-sites-beginners-south-africa-2026.html,/,BetSorted
blog/best-betting-sites-beginners-south-africa-2026.html,/#comparison,Compare
blog/best-betting-sites-beginners-south-africa-2026.html,/bookmakers/,Bookmakers
blog/best-betting-sites-beginners-south-africa-2026.html,/glossary.html,Glossary
blog/best-betting-sites-beginners-south-africa-2026.html,/calculators.html,Calculators
blog/best-betting-sites-beginners-south-africa-2026.html,/blog/,Blog
blog/best-betting-sites-beginners-south-africa-2026.html,/psl-match-centre.html,⚽ PSL Live
blog/best-betting-sites-beginners-south-africa-2026.html,/prediction-markets.html,💰 Smart Money
blog/best-betting-sites-beginners-south-africa-2026.html,/,Home
blog/best-betting-sites-beginners-south-africa-2026.html,/blog/,Blog
blog/best-betting-sites-beginners-south-africa-2026.html,/,Home
blog/best-betting-sites-beginners-south-africa-2026.html,/blog/,Blog
blog/best-betting-sites-beginners-south-africa-2026.html,/bankroll-tracker.html,bankroll tracker
blog/best-betting-sites-beginners-south-africa-2026.html,/best-odds-finder.html,odds comparison tool
blog/best-betting-sites-beginners-south-africa-2026.html,/betting-calculator.html,Betting Calculator
blog/best-betting-sites-beginners-south-africa-2026.html,/accumulator-calculator.html,Accumulator Calculator
blog/best-betting-sites-beginners-south-africa-2026.html,/arbitrage-calculator.html,Arbitrage Calculator
blog/best-betting-sites-beginners-south-africa-2026.html,/bankroll-tracker.html,Bankroll Tracker
blog/best-betting-sites-beginners-south-africa-2026.html,/,comparison page
blog/best-betting-sites-beginners-south-africa-2026.html,/blog/5-common-betting-mistakes-south-africa-2026.html,5 Common Betting Mistakes South African Punters Make (And How to Avoid Them)
blog/best-betting-sites-beginners-south-africa-2026.html,/blog/aviator-betting-sites-south-africa-2026.html,Aviator Betting Sites South Africa 2026 — Best Apps & Strategy
blog/best-betting-sites-beginners-south-africa-2026.html,/blog/category-betting-guides-strategy.html,Betting Guides &amp; Strategy
blog/best-betting-sites-beginners-south-africa-2026.html,/blog/durban-july-2026-betting-guide.html,Durban July 2026: Best Betting Sites & Winning Strategy
blog/best-betting-sites-beginners-south-africa-2026.html,/about.html,About
blog/best-betting-sites-beginners-south-africa-2026.html,/editorial-policy.html,Editorial Policy
blog/best-betting-sites-beginners-south-africa-2026.html,/responsible-gambling.html,Responsible Gambling
blog/best-betting-sites-beginners-south-africa-2026.html,/privacy.html,Privacy
blog/best-betting-sites-beginners-south-africa-2026.html,/contact.html,Contact
blog/best-betting-sites-beginners-south-africa-2026.html,/blog/,Blog
blog/best-betting-sites-beginners-south-africa-2026.html,/blog/category-bookmaker-comparisons.html,Bookmaker Comparisons
blog/best-betting-sites-beginners-south-africa-2026.html,/,Home
blog/best-betting-sites-beginners-south-africa-2026.html,/blog/,Blog
blog/best-betting-sites-beginners-south-africa-2026.html,/calculators.html,Calculators
blog/best-betting-sites-beginners-south-africa-2026.html,/about.html,About
blog/best-betway-alternatives-south-africa-june-2026.html,/blog/10bet-review-south-africa-2026.html,10bet
blog/best-betway-alternatives-south-africa-june-2026.html,/blog/hollywoodbets-review-south-africa-2026.html,Hollywoodbets
blog/best-betway-alternatives-south-africa-june-2026.html,/blog/supabets-review-south-africa-2026.html,SupaBets
blog/best-betway-alternatives-south-africa-june-2026.html,/,BetSorted
blog/best-betway-alternatives-south-africa-june-2026.html,/#comparison,Compare
blog/best-betway-alternatives-south-africa-june-2026.html,/bookmakers/,Bookmakers
blog/best-betway-alternatives-south-africa-june-2026.html,/glossary.html,Glossary
blog/best-betway-alternatives-south-africa-june-2026.html,/calculators.html,Calculators
blog/best-betway-alternatives-south-africa-june-2026.html,/blog/,Blog
blog/best-betway-alternatives-south-africa-june-2026.html,/psl-match-centre.html,⚽ PSL Live
blog/best-betway-alternatives-south-africa-june-2026.html,/prediction-markets.html,💰 Smart Money
blog/best-betway-alternatives-south-africa-june-2026.html,/,Home
blog/best-betway-alternatives-south-africa-june-2026.html,/blog/,Blog
blog/best-betway-alternatives-south-africa-june-2026.html,/blog/betway-review-south-africa-2026.html,Betway
blog/best-betway-alternatives-south-africa-june-2026.html,/blog/10bet-review-south-africa-2026.html,10bet
blog/best-betway-alternatives-south-africa-june-2026.html,/blog/supabets-review-south-africa-2026.html,SupaBets
blog/best-betway-alternatives-south-africa-june-2026.html,/blog/betway-vs-10bet-south-africa-2026.html,Betway vs 10bet full comparison
blog/best-betway-alternatives-south-africa-june-2026.html,/blog/hollywoodbets-review-south-africa-2026.html,Hollywoodbets
blog/best-betway-alternatives-south-africa-june-2026.html,/blog/betway-vs-hollywoodbets.html,Betway vs Hollywoodbets comparison
blog/best-betway-alternatives-south-africa-june-2026.html,/blog/betway-vs-supabets-south-africa-2026.html,Betway vs SupaBets comparison
blog/best-betway-alternatives-south-africa-june-2026.html,/blog/wsb-review-south-africa-2026.html,World Sports Betting
blog/best-betway-alternatives-south-africa-june-2026.html,/blog/wsb-review-south-africa-2026.html,WSB
blog/best-betway-alternatives-south-africa-june-2026.html,/blog/wsb-review-south-africa-2026.html,WSB
blog/best-betway-alternatives-south-africa-june-2026.html,/blog/betway-vs-world-sports-betting-south-africa-2026.html,Betway vs WSB comparison
blog/best-betway-alternatives-south-africa-june-2026.html,/blog/sportingbet-review-south-africa-2026.html,Sportingbet
blog/best-betway-alternatives-south-africa-june-2026.html,/blog/sportingbet-review-south-africa-2026.html,Sportingbet
blog/best-betway-alternatives-south-africa-june-2026.html,/blog/betway-vs-sportingbet-south-africa-2026.html,Betway vs Sportingbet comparison
blog/best-betway-alternatives-south-africa-june-2026.html,/,betting calculators
blog/best-betway-alternatives-south-africa-june-2026.html,/blog/10bet-review-south-africa-2026.html,10bet
blog/best-betway-alternatives-south-africa-june-2026.html,/blog/hollywoodbets-review-south-africa-2026.html,Hollywoodbets
blog/best-betway-alternatives-south-africa-june-2026.html,/blog/supabets-review-south-africa-2026.html,SupaBets
blog/best-betway-alternatives-south-africa-june-2026.html,/blog/wsb-review-south-africa-2026.html,World Sports Betting
blog/best-betway-alternatives-south-africa-june-2026.html,/blog/sportingbet-review-south-africa-2026.html,Sportingbet
blog/best-betway-alternatives-south-africa-june-2026.html,/,free betting calculators
blog/best-betway-alternatives-south-africa-june-2026.html,/blog/betfred-vs-10bet-south-africa-2026.html,Betfred vs 10bet South Africa 2026: International Bookmaker Showdown
blog/best-betway-alternatives-south-africa-june-2026.html,/blog/category-bookmaker-comparisons.html,Bookmaker Comparisons
blog/best-betway-alternatives-south-africa-june-2026.html,/blog/gbets-vs-10bet-south-africa-2026.html,Gbets vs 10bet South Africa 2026 — Which Bookmaker Wins?
blog/best-betway-alternatives-south-africa-june-2026.html,/blog/gbets-vs-playabets-south-africa-2026.html,Gbets vs PlayaBets South Africa 2026 — Which SA Bookie Wins?
blog/best-bookmaker-lucky-numbers-south-africa-2026.html,/,BetSorted
blog/best-bookmaker-lucky-numbers-south-africa-2026.html,/#comparison,Compare
blog/best-bookmaker-lucky-numbers-south-africa-2026.html,/bookmakers/,Bookmakers
blog/best-bookmaker-lucky-numbers-south-africa-2026.html,/glossary.html,Glossary
blog/best-bookmaker-lucky-numbers-south-africa-2026.html,/calculators.html,Calculators
blog/best-bookmaker-lucky-numbers-south-africa-2026.html,/blog/,Blog
blog/best-bookmaker-lucky-numbers-south-africa-2026.html,/psl-match-centre.html,⚽ PSL Live
blog/best-bookmaker-lucky-numbers-south-africa-2026.html,/prediction-markets.html,💰 Smart Money
blog/best-bookmaker-lucky-numbers-south-africa-2026.html,/,Home
blog/best-bookmaker-lucky-numbers-south-africa-2026.html,/blog/,Blog
blog/best-bookmaker-lucky-numbers-south-africa-2026.html,/blog/best-betting-sites-beginners-south-africa-2026.html,best betting sites in South Africa
blog/best-bookmaker-lucky-numbers-south-africa-2026.html,/blog/hollywoodbets-review-south-africa-2026.html,Hollywoodbets
blog/best-bookmaker-lucky-numbers-south-africa-2026.html,/blog/gbets-review-south-africa-2026.html,Gbets
blog/best-bookmaker-lucky-numbers-south-africa-2026.html,/betting-calculator.html,betting calculator
blog/best-bookmaker-lucky-numbers-south-africa-2026.html,/blog/bankroll-management-guide-south-africa-2026.html,bankroll management guide
blog/best-bookmaker-lucky-numbers-south-africa-2026.html,/blog/hollywoodbets-review-south-africa-2026.html,Read our full Hollywoodbets review
blog/best-bookmaker-lucky-numbers-south-africa-2026.html,/blog/best-betting-sites-beginners-south-africa-2026.html,best betting sites in South Africa
blog/best-bookmaker-lucky-numbers-south-africa-2026.html,/blog/5-common-betting-mistakes-south-africa-2026.html,5 Common Betting Mistakes South African Punters Make (And How to Avoid Them)
blog/best-bookmaker-lucky-numbers-south-africa-2026.html,/blog/aviator-betting-sites-south-africa-2026.html,Aviator Betting Sites South Africa 2026 — Best Apps & Strategy
blog/best-bookmaker-lucky-numbers-south-africa-2026.html,/blog/best-betting-sites-beginners-south-africa-2026.html,Best Betting Sites for Beginners in South Africa 2026 — Start Here
blog/best-bookmaker-lucky-numbers-south-africa-2026.html,/blog/category-betting-guides-strategy.html,Betting Guides &amp; Strategy
blog/best-bookmaker-lucky-numbers-south-africa-2026.html,/about.html,About
blog/best-bookmaker-lucky-numbers-south-africa-2026.html,/blog/,Blog
blog/best-bookmaker-lucky-numbers-south-africa-2026.html,/responsible-gambling.html,Responsible Gambling
blog/best-bookmaker-lucky-numbers-south-africa-2026.html,/editorial-policy.html,Editorial Policy
blog/best-bookmakers-accumulator-bets-south-africa-2026.html,/,BetSorted
blog/best-bookmakers-accumulator-bets-south-africa-2026.html,/#comparison,Compare
blog/best-bookmakers-accumulator-bets-south-africa-2026.html,/bookmakers/,Bookmakers
blog/best-bookmakers-accumulator-bets-south-africa-2026.html,/glossary.html,Glossary
blog/best-bookmakers-accumulator-bets-south-africa-2026.html,/calculators.html,Calculators
blog/best-bookmakers-accumulator-bets-south-africa-2026.html,/blog/,Blog
blog/best-bookmakers-accumulator-bets-south-africa-2026.html,/psl-match-centre.html,⚽ PSL Live
blog/best-bookmakers-accumulator-bets-south-africa-2026.html,/prediction-markets.html,💰 Smart Money
blog/best-bookmakers-accumulator-bets-south-africa-2026.html,/,Home
blog/best-bookmakers-accumulator-bets-south-africa-2026.html,/blog/,Blog
blog/best-bookmakers-accumulator-bets-south-africa-2026.html,/accumulator-calculator.html,accumulator calculator
blog/best-bookmakers-accumulator-bets-south-africa-2026.html,/blog/same-game-multi-betting-guide-south-africa-2026.html,same game multi betting guide
blog/best-bookmakers-accumulator-bets-south-africa-2026.html,/accumulator-calculator.html,accumulator calculator
blog/best-bookmakers-accumulator-bets-south-africa-2026.html,/accumulator-calculator.html,BetSorted Accumulator Calculator
blog/best-bookmakers-accumulator-bets-south-africa-2026.html,/accumulator-calculator.html,Try Our Free Accumulator Calculator
blog/best-bookmakers-accumulator-bets-south-africa-2026.html,/calculators.html,betting calculators
blog/best-bookmakers-accumulator-bets-south-africa-2026.html,/blog/5-common-betting-mistakes-south-africa-2026.html,5 common betting mistakes guide
blog/best-bookmakers-accumulator-bets-south-africa-2026.html,/betting-calculator.html,betting calculator
blog/best-bookmakers-accumulator-bets-south-africa-2026.html,/psl-match-centre.html,PSL Match Centre
blog/best-bookmakers-accumulator-bets-south-africa-2026.html,/accumulator-calculator.html,accumulator calculator
blog/best-bookmakers-accumulator-bets-south-africa-2026.html,/accumulator-calculator.html,accumulator calculator
blog/best-bookmakers-accumulator-bets-south-africa-2026.html,/blog/accumulator-betting-guide-south-africa-2026.html,Accumulator Betting Guide South Africa 2026 — Complete Strategy
blog/best-bookmakers-accumulator-bets-south-africa-2026.html,/blog/same-game-multi-betting-guide-south-africa-2026.html,Same Game Multi Betting Guide — How to Build SGMs
blog/best-bookmakers-accumulator-bets-south-africa-2026.html,/blog/5-common-betting-mistakes-south-africa-2026.html,5 Common Betting Mistakes South African Punters Make
blog/best-bookmakers-accumulator-bets-south-africa-2026.html,/accumulator-calculator.html,Free Accumulator Calculator — Calculate Your Multi Returns
blog/best-bookmakers-accumulator-bets-south-africa-2026.html,/calculators.html,All BetSorted Betting Calculators
blog/best-bookmakers-accumulator-bets-south-africa-2026.html,/psl-match-centre.html,PSL Match Centre — Live Odds Comparison
blog/best-bookmakers-accumulator-bets-south-africa-2026.html,/blog/accumulator-betting-guide-south-africa-2026.html,← Accumulator Strategy Guide
blog/best-bookmakers-accumulator-bets-south-africa-2026.html,/blog/,All Articles
blog/best-bookmakers-accumulator-bets-south-africa-2026.html,/blog/same-game-multi-betting-guide-south-africa-2026.html,Same Game Multi Guide →
blog/best-bookmakers-accumulator-bets-south-africa-2026.html,/blog/5-common-betting-mistakes-south-africa-2026.html,5 Common Betting Mistakes South African Punters Make (And How to Avoid Them)
blog/best-bookmakers-accumulator-bets-south-africa-2026.html,/blog/aviator-betting-sites-south-africa-2026.html,Aviator Betting Sites South Africa 2026 — Best Apps & Strategy
blog/best-bookmakers-accumulator-bets-south-africa-2026.html,/blog/best-betting-sites-beginners-south-africa-2026.html,Best Betting Sites for Beginners in South Africa 2026 — Start Here
blog/best-bookmakers-accumulator-bets-south-africa-2026.html,/blog/category-betting-guides-strategy.html,Betting Guides &amp; Strategy
blog/best-bookmakers-accumulator-bets-south-africa-2026.html,/responsible-gambling.html,Gamble Responsibly
blog/best-bookmakers-accumulator-bets-south-africa-2026.html,/about.html,About
blog/best-bookmakers-accumulator-bets-south-africa-2026.html,/editorial-policy.html,Editorial Policy
blog/best-bookmakers-accumulator-bets-south-africa-2026.html,/responsible-gambling.html,Responsible Gambling
blog/best-bookmakers-accumulator-bets-south-africa-2026.html,/privacy.html,Privacy
blog/best-bookmakers-accumulator-bets-south-africa-2026.html,/contact.html,Contact
blog/best-bookmakers-accumulator-bets-south-africa-2026.html,/blog/,Blog
blog/best-bookmakers-accumulator-bets-south-africa-2026.html,/blog/category-bookmaker-comparisons.html,Bookmaker Comparisons
blog/best-bookmakers-bafana-bafana-world-cup-2026.html,/,BetSorted
blog/best-bookmakers-bafana-bafana-world-cup-2026.html,/#comparison,Compare
blog/best-bookmakers-bafana-bafana-world-cup-2026.html,/bookmakers/,Bookmakers
blog/best-bookmakers-bafana-bafana-world-cup-2026.html,/glossary.html,Glossary
blog/best-bookmakers-bafana-bafana-world-cup-2026.html,/calculators.html,Calculators
blog/best-bookmakers-bafana-bafana-world-cup-2026.html,/blog/,Blog
blog/best-bookmakers-bafana-bafana-world-cup-2026.html,/psl-match-centre.html,⚽ PSL Live
blog/best-bookmakers-bafana-bafana-world-cup-2026.html,/prediction-markets.html,💰 Smart Money
blog/best-bookmakers-bafana-bafana-world-cup-2026.html,/blog/best-bookmakers-world-cup-2026-south-africa.html,Click here
blog/best-bookmakers-live-streaming-south-africa-2026.html,/,BetSorted
blog/best-bookmakers-live-streaming-south-africa-2026.html,/#comparison,Compare
blog/best-bookmakers-live-streaming-south-africa-2026.html,/bookmakers/,Bookmakers
blog/best-bookmakers-live-streaming-south-africa-2026.html,/glossary.html,Glossary
blog/best-bookmakers-live-streaming-south-africa-2026.html,/calculators.html,Calculators
blog/best-bookmakers-live-streaming-south-africa-2026.html,/blog/,Blog
blog/best-bookmakers-live-streaming-south-africa-2026.html,/psl-match-centre.html,⚽ PSL Live
blog/best-bookmakers-live-streaming-south-africa-2026.html,/prediction-markets.html,💰 Smart Money
blog/best-bookmakers-live-streaming-south-africa-2026.html,/,Home
blog/best-bookmakers-live-streaming-south-africa-2026.html,/blog/,Blog
blog/best-bookmakers-live-streaming-south-africa-2026.html,/blog/,← Back to Blog
blog/best-bookmakers-live-streaming-south-africa-2026.html,/odds-comparison.html,odds comparison tool
blog/best-bookmakers-live-streaming-south-africa-2026.html,/accumulator-calculator.html,accumulator calculator
blog/best-bookmakers-live-streaming-south-africa-2026.html,/betting-calculator.html,betting calculator
blog/best-bookmakers-live-streaming-south-africa-2026.html,/bookmakers/,bookmaker reviews
blog/best-bookmakers-live-streaming-south-africa-2026.html,/odds-comparison.html,live odds comparison tool
blog/best-bookmakers-live-streaming-south-africa-2026.html,/blog/5-common-betting-mistakes-south-africa-2026.html,5 Common Betting Mistakes South African Punters Make (And How to Avoid Them)
blog/best-bookmakers-live-streaming-south-africa-2026.html,/blog/aviator-betting-sites-south-africa-2026.html,Aviator Betting Sites South Africa 2026 — Best Apps & Strategy
blog/best-bookmakers-live-streaming-south-africa-2026.html,/blog/best-betting-sites-beginners-south-africa-2026.html,Best Betting Sites for Beginners in South Africa 2026 — Start Here
blog/best-bookmakers-live-streaming-south-africa-2026.html,/blog/category-betting-guides-strategy.html,Betting Guides &amp; Strategy
blog/best-bookmakers-live-streaming-south-africa-2026.html,/about.html,About
blog/best-bookmakers-live-streaming-south-africa-2026.html,/editorial-policy.html,Editorial Policy
blog/best-bookmakers-live-streaming-south-africa-2026.html,/responsible-gambling.html,Responsible Gambling
blog/best-bookmakers-live-streaming-south-africa-2026.html,/privacy.html,Privacy
blog/best-bookmakers-live-streaming-south-africa-2026.html,/contact.html,Contact
blog/best-bookmakers-live-streaming-south-africa-2026.html,/blog/,Blog
blog/best-bookmakers-live-streaming-south-africa-2026.html,/blog/category-bookmaker-comparisons.html,Bookmaker Comparisons
blog/best-bookmakers-live-streaming-south-africa-2026.html,/bookmakers/,Bookmaker Reviews
blog/best-bookmakers-live-streaming-south-africa-2026.html,/calculators.html,Betting Calculators
blog/best-bookmakers-live-streaming-south-africa-2026.html,/glossary.html,Betting Glossary
blog/best-bookmakers-live-streaming-south-africa-2026.html,/blog/,Betting Blog
blog/best-bookmakers-springboks-england-july-2026.html,/,BetSorted
blog/best-bookmakers-springboks-england-july-2026.html,/#comparison,Compare
blog/best-bookmakers-springboks-england-july-2026.html,/bookmakers/,Bookmakers
blog/best-bookmakers-springboks-england-july-2026.html,/glossary.html,Glossary
blog/best-bookmakers-springboks-england-july-2026.html,/calculators.html,Calculators
blog/best-bookmakers-springboks-england-july-2026.html,/blog/,Blog
blog/best-bookmakers-springboks-england-july-2026.html,/psl-match-centre.html,⚽ PSL Live
blog/best-bookmakers-springboks-england-july-2026.html,/prediction-markets.html,💰 Smart Money
blog/best-bookmakers-springboks-england-july-2026.html,/blog/springboks-vs-england-betting-guide.html,Click here
blog/best-bookmakers-world-cup-2026-south-africa.html,/,BetSorted
blog/best-bookmakers-world-cup-2026-south-africa.html,/#comparison,Compare
blog/best-bookmakers-world-cup-2026-south-africa.html,/bookmakers/,Bookmakers
blog/best-bookmakers-world-cup-2026-south-africa.html,/glossary.html,Glossary
blog/best-bookmakers-world-cup-2026-south-africa.html,/calculators.html,Calculators
blog/best-bookmakers-world-cup-2026-south-africa.html,/blog/,Blog
blog/best-bookmakers-world-cup-2026-south-africa.html,/psl-match-centre.html,⚽ PSL Live
blog/best-bookmakers-world-cup-2026-south-africa.html,/prediction-markets.html,💰 Smart Money
blog/best-bookmakers-world-cup-2026-south-africa.html,/,Home
blog/best-bookmakers-world-cup-2026-south-africa.html,/blog/,Blog
blog/best-bookmakers-world-cup-2026-south-africa.html,/blog/,← Back to Blog
blog/best-bookmakers-world-cup-2026-south-africa.html,/betting-calculator.html,betting calculator
blog/best-bookmakers-world-cup-2026-south-africa.html,/odds-comparison.html,odds comparison page
blog/best-bookmakers-world-cup-2026-south-africa.html,/blog/betway-review-south-africa-2026.html,Read our full Betway review →
blog/best-bookmakers-world-cup-2026-south-africa.html,/blog/hollywoodbets-review-south-africa-2026.html,Read our full Hollywoodbets review →
blog/best-bookmakers-world-cup-2026-south-africa.html,/blog/sportingbet-review-south-africa-2026.html,Read our full Sportingbet review →
blog/best-bookmakers-world-cup-2026-south-africa.html,/blog/supabets-review-south-africa-2026.html,Read our full Supabets review →
blog/best-bookmakers-world-cup-2026-south-africa.html,/blog/10bet-review-south-africa-2026.html,Read our full 10bet review →
blog/best-bookmakers-world-cup-2026-south-africa.html,/accumulator-calculator.html,accumulator calculator
blog/best-bookmakers-world-cup-2026-south-africa.html,/bankroll-tracker.html,bankroll tracker
blog/best-bookmakers-world-cup-2026-south-africa.html,/betting-calculator.html,Betting Calculator
blog/best-bookmakers-world-cup-2026-south-africa.html,/accumulator-calculator.html,Accumulator Calculator
blog/best-bookmakers-world-cup-2026-south-africa.html,/arbitrage-calculator.html,Arbitrage Calculator
blog/best-bookmakers-world-cup-2026-south-africa.html,/bankroll-tracker.html,Bankroll Tracker
blog/best-bookmakers-world-cup-2026-south-africa.html,/odds-comparison.html,odds comparison page
blog/best-bookmakers-world-cup-2026-south-africa.html,/blog/bafana-world-cup-betting-guide.html,Bafana World Cup Betting Guide for South Africans | BetSorted
blog/best-bookmakers-world-cup-2026-south-africa.html,/blog/category-world-cup.html,World Cup
blog/best-bookmakers-world-cup-2026-south-africa.html,/blog/world-cup-2026-group-stage-results-sa-betting-guide.html,"World Cup 2026 Group Stage: SA Bettors' Complete Guide to Odds, Markets & Bookmakers"
blog/best-bookmakers-world-cup-2026-south-africa.html,/blog/fifa-world-cup-2026-betting-guide-south-africa.html,FIFA World Cup 2026 Betting Guide: Everything SA Punters Need to Know
blog/best-bookmakers-world-cup-2026-south-africa.html,/blog/,← Back to Blog
blog/best-bookmakers-world-cup-2026-south-africa.html,/about.html,About
blog/best-bookmakers-world-cup-2026-south-africa.html,/editorial-policy.html,Editorial Policy
blog/best-bookmakers-world-cup-2026-south-africa.html,/responsible-gambling.html,Responsible Gambling
blog/best-bookmakers-world-cup-2026-south-africa.html,/privacy.html,Privacy
blog/best-bookmakers-world-cup-2026-south-africa.html,/contact.html,Contact
blog/best-bookmakers-world-cup-2026-south-africa.html,/blog/,Blog
blog/best-bookmakers-world-cup-2026-south-africa.html,/blog/category-bookmaker-comparisons.html,Bookmaker Comparisons
blog/best-cashback-loyalty-programs-sa-bookmakers-2026.html,/,BetSorted
blog/best-cashback-loyalty-programs-sa-bookmakers-2026.html,/#comparison,Compare
blog/best-cashback-loyalty-programs-sa-bookmakers-2026.html,/bookmakers/,Bookmakers
blog/best-cashback-loyalty-programs-sa-bookmakers-2026.html,/glossary.html,Glossary
blog/best-cashback-loyalty-programs-sa-bookmakers-2026.html,/calculators.html,Calculators
blog/best-cashback-loyalty-programs-sa-bookmakers-2026.html,/blog/,Blog
blog/best-cashback-loyalty-programs-sa-bookmakers-2026.html,/psl-match-centre.html,⚽ PSL Live
blog/best-cashback-loyalty-programs-sa-bookmakers-2026.html,/prediction-markets.html,💰 Smart Money
blog/best-cashback-loyalty-programs-sa-bookmakers-2026.html,/,Home
blog/best-cashback-loyalty-programs-sa-bookmakers-2026.html,/blog/,Blog
blog/best-cashback-loyalty-programs-sa-bookmakers-2026.html,/bookmakers/,Compare licensed bookmakers
blog/best-cashback-loyalty-programs-sa-bookmakers-2026.html,/blog/south-africa-welcome-bonus-guide-2026.html,Read the welcome bonus guide
blog/best-cashback-loyalty-programs-sa-bookmakers-2026.html,/about.html,About
blog/best-cashback-loyalty-programs-sa-bookmakers-2026.html,/editorial-policy.html,Editorial Policy
blog/best-cashback-loyalty-programs-sa-bookmakers-2026.html,/responsible-gambling.html,Responsible Gambling
blog/best-cashback-loyalty-programs-sa-bookmakers-2026.html,/privacy.html,Privacy
blog/best-cashback-loyalty-programs-sa-bookmakers-2026.html,/contact.html,Contact
blog/best-cashback-loyalty-programs-sa-bookmakers-2026.html,/blog/,Blog
blog/best-cashback-loyalty-programs-sa-bookmakers-2026.html,/blog/category-bookmaker-comparisons.html,Bookmaker Comparisons
blog/best-cricket-betting-sites-south-africa-2026.html,/bookmakers/,Bookmakers
blog/best-cricket-betting-sites-south-africa-2026.html,/,BetSorted
blog/best-cricket-betting-sites-south-africa-2026.html,/#comparison,Compare
blog/best-cricket-betting-sites-south-africa-2026.html,/bookmakers/,Bookmakers
blog/best-cricket-betting-sites-south-africa-2026.html,/glossary.html,Glossary
blog/best-cricket-betting-sites-south-africa-2026.html,/calculators.html,Calculators
blog/best-cricket-betting-sites-south-africa-2026.html,/blog/,Blog
blog/best-cricket-betting-sites-south-africa-2026.html,/psl-match-centre.html,⚽ PSL Live
blog/best-cricket-betting-sites-south-africa-2026.html,/prediction-markets.html,💰 Smart Money
blog/best-cricket-betting-sites-south-africa-2026.html,/,Home
blog/best-cricket-betting-sites-south-africa-2026.html,/blog/,Blog
blog/best-cricket-betting-sites-south-africa-2026.html,/best-betting-apps.html,Best Betting Apps in South Africa
blog/best-cricket-betting-sites-south-africa-2026.html,/blog/category-cricket.html,Cricket
blog/best-cricket-betting-sites-south-africa-2026.html,/blog/how-to-bet-on-t20-cricket-march-2026-series.html,How to Bet on T20 Cricket: South Africa's March 2026 Series Guide
blog/best-cricket-betting-sites-south-africa-2026.html,/blog/ipl-betting-guide-south-africa.html,IPL Betting Guide for South Africans | BetSorted
blog/best-cricket-betting-sites-south-africa-2026.html,/blog/how-to-bet-on-ipl-2026-south-africa.html,How to Bet on the IPL 2026 from South Africa — Complete Guide
blog/best-cricket-betting-sites-south-africa-2026.html,/about.html,About
blog/best-cricket-betting-sites-south-africa-2026.html,/editorial-policy.html,Editorial Policy
blog/best-cricket-betting-sites-south-africa-2026.html,/responsible-gambling.html,Responsible Gambling
blog/best-cricket-betting-sites-south-africa-2026.html,/privacy.html,Privacy
blog/best-cricket-betting-sites-south-africa-2026.html,/contact.html,Contact
blog/best-cricket-betting-sites-south-africa-2026.html,/blog/,Blog
blog/best-cricket-betting-sites-south-africa-2026.html,/blog/category-bookmaker-comparisons.html,Bookmaker Comparisons
blog/best-currie-cup-betting-sites-south-africa-2026.html,/,BetSorted
blog/best-currie-cup-betting-sites-south-africa-2026.html,/#comparison,Compare
blog/best-currie-cup-betting-sites-south-africa-2026.html,/bookmakers/,Bookmakers
blog/best-currie-cup-betting-sites-south-africa-2026.html,/glossary.html,Glossary
blog/best-currie-cup-betting-sites-south-africa-2026.html,/calculators.html,Calculators
blog/best-currie-cup-betting-sites-south-africa-2026.html,/blog/,Blog
blog/best-currie-cup-betting-sites-south-africa-2026.html,/psl-match-centre.html,⚽ PSL Live
blog/best-currie-cup-betting-sites-south-africa-2026.html,/prediction-markets.html,💰 Smart Money
blog/best-currie-cup-betting-sites-south-africa-2026.html,/blog/,← Back to Blog
blog/best-currie-cup-betting-sites-south-africa-2026.html,/blog/category-rugby.html,Rugby
blog/best-currie-cup-betting-sites-south-africa-2026.html,/betting-calculator.html,betting calculator
blog/best-currie-cup-betting-sites-south-africa-2026.html,/accumulator-calculator.html,accumulator calculator
blog/best-currie-cup-betting-sites-south-africa-2026.html,/free-bet-calculator.html,free bet calculator
blog/best-currie-cup-betting-sites-south-africa-2026.html,/blog/rugby-handicap-calculator-south-africa-2026.html,rugby handicap guide
blog/best-currie-cup-betting-sites-south-africa-2026.html,/blog/rugby-handicap-calculator-south-africa-2026.html,rugby handicap calculator guide
blog/best-currie-cup-betting-sites-south-africa-2026.html,/accumulator-calculator.html,accumulator calculator
blog/best-currie-cup-betting-sites-south-africa-2026.html,/betting-calculator.html,betting calculator
blog/best-currie-cup-betting-sites-south-africa-2026.html,/accumulator-calculator.html,accumulator calculator
blog/best-currie-cup-betting-sites-south-africa-2026.html,/blog/how-to-bet-on-currie-cup-south-africa-2026.html,Currie Cup how-to guide
blog/best-deposit-methods-betting-south-africa-2026.html,/,BetSorted
blog/best-deposit-methods-betting-south-africa-2026.html,/#comparison,Compare
blog/best-deposit-methods-betting-south-africa-2026.html,/bookmakers/,Bookmakers
blog/best-deposit-methods-betting-south-africa-2026.html,/glossary.html,Glossary
blog/best-deposit-methods-betting-south-africa-2026.html,/calculators.html,Calculators
blog/best-deposit-methods-betting-south-africa-2026.html,/blog/,Blog
blog/best-deposit-methods-betting-south-africa-2026.html,/psl-match-centre.html,⚽ PSL Live
blog/best-deposit-methods-betting-south-africa-2026.html,/prediction-markets.html,💰 Smart Money
blog/best-deposit-methods-betting-south-africa-2026.html,/,Home
blog/best-deposit-methods-betting-south-africa-2026.html,/blog/,Blog
blog/best-deposit-methods-betting-south-africa-2026.html,/blog/,← Back to Blog
blog/best-deposit-methods-betting-south-africa-2026.html,/odds-comparison.html,odds comparison page
blog/best-deposit-methods-betting-south-africa-2026.html,/blog/hollywoodbets-review-south-africa-2026.html,Hollywoodbets
blog/best-deposit-methods-betting-south-africa-2026.html,/blog/supabets-review-south-africa-2026.html,Supabets
blog/best-deposit-methods-betting-south-africa-2026.html,/blog/sportingbet-review-south-africa-2026.html,Sportingbet
blog/best-deposit-methods-betting-south-africa-2026.html,/blog/betway-review-south-africa-2026.html,Betway
blog/best-deposit-methods-betting-south-africa-2026.html,/blog/10bet-review-south-africa-2026.html,10Bet
blog/best-deposit-methods-betting-south-africa-2026.html,/blog/capitec-pay-betting-payments-south-africa.html,Capitec Pay betting guide
blog/best-deposit-methods-betting-south-africa-2026.html,/blog/ozow-betting-payments-south-africa.html,Ozow betting payments guide
blog/best-deposit-methods-betting-south-africa-2026.html,/blog/instant-eft-betting-payments-south-africa.html,Instant EFT guide
blog/best-deposit-methods-betting-south-africa-2026.html,/blog/eft-betting-payments-south-africa.html,EFT betting payments article
blog/best-deposit-methods-betting-south-africa-2026.html,/blog/fnb-standard-bank-transfer-betting.html,FNB & Standard Bank transfer guide
blog/best-deposit-methods-betting-south-africa-2026.html,/blog/card-payments-betting-visa-mastercard-south-africa.html,card payments guide
blog/best-deposit-methods-betting-south-africa-2026.html,/blog/bankroll-management-guide-south-africa-2026.html,bankroll management guide
blog/best-deposit-methods-betting-south-africa-2026.html,/blog/voucher-deposits-betting-south-africa-2026.html,voucher deposits guide
blog/best-deposit-methods-betting-south-africa-2026.html,/blog/best-low-deposit-betting-sites-south-africa-2026.html,best low deposit sites
blog/best-deposit-methods-betting-south-africa-2026.html,/blog/betway-review-south-africa-2026.html,Betway
blog/best-deposit-methods-betting-south-africa-2026.html,/blog/fastest-paying-bookmakers-south-africa-2026.html,fastest paying bookmakers guide
blog/best-deposit-methods-betting-south-africa-2026.html,/blog/bankroll-management-guide-south-africa-2026.html,bankroll management guide
blog/best-deposit-methods-betting-south-africa-2026.html,/betting-calculator.html,betting calculator
blog/best-deposit-methods-betting-south-africa-2026.html,/kelly-criterion-calculator.html,Kelly criterion calculator
blog/best-deposit-methods-betting-south-africa-2026.html,/accumulator-calculator.html,accumulator calculator
blog/best-deposit-methods-betting-south-africa-2026.html,/odds-comparison.html,odds comparison tool
blog/best-deposit-methods-betting-south-africa-2026.html,/free-bet-calculator.html,free bet calculator
blog/best-deposit-methods-betting-south-africa-2026.html,/calculators.html,betting calculators
blog/best-deposit-methods-betting-south-africa-2026.html,/blog/,blog
blog/best-deposit-methods-betting-south-africa-2026.html,/blog/best-low-deposit-betting-sites-south-africa-2026.html,low deposit guide
blog/best-deposit-methods-betting-south-africa-2026.html,/blog/betting-tax-south-africa-2026.html,Betting Tax South Africa 2026: Are Your Winnings Taxed?
blog/best-deposit-methods-betting-south-africa-2026.html,/blog/category-payments-fica.html,Payments &amp; FICA
blog/best-deposit-methods-betting-south-africa-2026.html,/blog/fastest-paying-bookmakers-south-africa-may-2026.html,Fastest Paying Bookmakers in South Africa: May 2026 Withdrawal Guide
blog/best-deposit-methods-betting-south-africa-2026.html,/blog/fica-verification-guide-south-africa-2026.html,How to FICA Verify Your Betting Account in South Africa (2026 Guide)
blog/best-deposit-methods-betting-south-africa-2026.html,/blog/,← Back to Blog
blog/best-deposit-methods-betting-south-africa-2026.html,/about.html,About
blog/best-deposit-methods-betting-south-africa-2026.html,/editorial-policy.html,Editorial Policy
blog/best-deposit-methods-betting-south-africa-2026.html,/responsible-gambling.html,Responsible Gambling
blog/best-deposit-methods-betting-south-africa-2026.html,/privacy.html,Privacy
blog/best-deposit-methods-betting-south-africa-2026.html,/contact.html,Contact
blog/best-deposit-methods-betting-south-africa-2026.html,/blog/,Blog
blog/best-deposit-methods-betting-south-africa-2026.html,/blog/category-bookmaker-comparisons.html,Bookmaker Comparisons
blog/best-f1-betting-sites-south-africa-2026.html,/,BetSorted
blog/best-f1-betting-sites-south-africa-2026.html,/#comparison,Compare
blog/best-f1-betting-sites-south-africa-2026.html,/bookmakers/,Bookmakers
blog/best-f1-betting-sites-south-africa-2026.html,/glossary.html,Glossary
blog/best-f1-betting-sites-south-africa-2026.html,/calculators.html,Calculators
blog/best-f1-betting-sites-south-africa-2026.html,/blog/,Blog
blog/best-f1-betting-sites-south-africa-2026.html,/psl-match-centre.html,⚽ PSL Live
blog/best-f1-betting-sites-south-africa-2026.html,/prediction-markets.html,💰 Smart Money
blog/best-f1-betting-sites-south-africa-2026.html,/,Home
blog/best-f1-betting-sites-south-africa-2026.html,/blog/,Blog
blog/best-f1-betting-sites-south-africa-2026.html,/blog/best-betting-sites-beginners-south-africa-2026.html,best betting sites comparison
blog/best-f1-betting-sites-south-africa-2026.html,/calculators.html,betting calculators
blog/best-f1-betting-sites-south-africa-2026.html,/blog/understanding-betting-odds-south-africa-2026.html,understanding betting odds in South Africa
blog/best-f1-betting-sites-south-africa-2026.html,/calculators.html,payout calculator
blog/best-f1-betting-sites-south-africa-2026.html,/blog/best-betting-sites-beginners-south-africa-2026.html,best betting sites in South Africa 2026
blog/best-f1-betting-sites-south-africa-2026.html,/blog/how-to-use-free-bets-south-africa-2026.html,how to use free bets in South Africa
blog/best-f1-betting-sites-south-africa-2026.html,/blog/best-betting-sites-beginners-south-africa-2026.html,BetSorted
blog/best-f1-betting-sites-south-africa-2026.html,/blog/5-common-betting-mistakes-south-africa-2026.html,5 Common Betting Mistakes South African Punters Make (And How to Avoid Them)
blog/best-f1-betting-sites-south-africa-2026.html,/blog/aviator-betting-sites-south-africa-2026.html,Aviator Betting Sites South Africa 2026 — Best Apps & Strategy
blog/best-f1-betting-sites-south-africa-2026.html,/blog/best-betting-sites-beginners-south-africa-2026.html,Best Betting Sites for Beginners in South Africa 2026 — Start Here
blog/best-f1-betting-sites-south-africa-2026.html,/blog/category-betting-guides-strategy.html,Betting Guides &amp; Strategy
blog/best-f1-betting-sites-south-africa-2026.html,/blog/best-betting-sites-beginners-south-africa-2026.html,Best Betting Sites in South Africa 2026
blog/best-f1-betting-sites-south-africa-2026.html,/blog/understanding-betting-odds-south-africa-2026.html,Understanding Betting Odds in South Africa
blog/best-f1-betting-sites-south-africa-2026.html,/calculators.html,"Betting Calculators — Payout, Odds Converter & More"
blog/best-f1-betting-sites-south-africa-2026.html,/blog/how-to-use-free-bets-south-africa-2026.html,How to Use Free Bets in South Africa 2026
blog/best-f1-betting-sites-south-africa-2026.html,/about.html,About
blog/best-f1-betting-sites-south-africa-2026.html,/editorial-policy.html,Editorial Policy
blog/best-f1-betting-sites-south-africa-2026.html,/responsible-gambling.html,Responsible Gambling
blog/best-f1-betting-sites-south-africa-2026.html,/privacy.html,Privacy
blog/best-f1-betting-sites-south-africa-2026.html,/contact.html,Contact
blog/best-f1-betting-sites-south-africa-2026.html,/blog/,Blog
blog/best-f1-betting-sites-south-africa-2026.html,/blog/category-bookmaker-comparisons.html,Bookmaker Comparisons
blog/best-golf-betting-sites-south-africa-2026.html,/,BetSorted
blog/best-golf-betting-sites-south-africa-2026.html,/#comparison,Compare
blog/best-golf-betting-sites-south-africa-2026.html,/bookmakers/,Bookmakers
blog/best-golf-betting-sites-south-africa-2026.html,/glossary.html,Glossary
blog/best-golf-betting-sites-south-africa-2026.html,/calculators.html,Calculators
blog/best-golf-betting-sites-south-africa-2026.html,/blog/,Blog
blog/best-golf-betting-sites-south-africa-2026.html,/psl-match-centre.html,⚽ PSL Live
blog/best-golf-betting-sites-south-africa-2026.html,/prediction-markets.html,💰 Smart Money
blog/best-golf-betting-sites-south-africa-2026.html,/,Home
blog/best-golf-betting-sites-south-africa-2026.html,/blog/,Blog
blog/best-golf-betting-sites-south-africa-2026.html,/blog/,← Back to Blog
blog/best-golf-betting-sites-south-africa-2026.html,/betting-calculator.html,betting calculator
blog/best-golf-betting-sites-south-africa-2026.html,/each-way-calculator.html,each-way calculator
blog/best-golf-betting-sites-south-africa-2026.html,/each-way-calculator.html,each-way calculator
blog/best-golf-betting-sites-south-africa-2026.html,/odds-comparison.html,odds comparison page
blog/best-golf-betting-sites-south-africa-2026.html,/betting-calculator.html,betting calculator
blog/best-golf-betting-sites-south-africa-2026.html,/each-way-calculator.html,each-way calculator
blog/best-golf-betting-sites-south-africa-2026.html,/blog/5-common-betting-mistakes-south-africa-2026.html,5 Common Betting Mistakes South African Punters Make (And How to Avoid Them)
blog/best-golf-betting-sites-south-africa-2026.html,/blog/aviator-betting-sites-south-africa-2026.html,Aviator Betting Sites South Africa 2026 — Best Apps & Strategy
blog/best-golf-betting-sites-south-africa-2026.html,/blog/best-betting-sites-beginners-south-africa-2026.html,Best Betting Sites for Beginners in South Africa 2026 — Start Here
blog/best-golf-betting-sites-south-africa-2026.html,/blog/category-betting-guides-strategy.html,Betting Guides &amp; Strategy
blog/best-golf-betting-sites-south-africa-2026.html,/blog/,← Back to Blog
blog/best-golf-betting-sites-south-africa-2026.html,/about.html,About
blog/best-golf-betting-sites-south-africa-2026.html,/editorial-policy.html,Editorial Policy
blog/best-golf-betting-sites-south-africa-2026.html,/responsible-gambling.html,Responsible Gambling
blog/best-golf-betting-sites-south-africa-2026.html,/privacy.html,Privacy
blog/best-golf-betting-sites-south-africa-2026.html,/contact.html,Contact
blog/best-golf-betting-sites-south-africa-2026.html,/blog/,Blog
blog/best-golf-betting-sites-south-africa-2026.html,/blog/category-bookmaker-comparisons.html,Bookmaker Comparisons
blog/best-horse-racing-betting-sites-south-africa-2026.html,/,BetSorted
blog/best-horse-racing-betting-sites-south-africa-2026.html,/#comparison,Compare
blog/best-horse-racing-betting-sites-south-africa-2026.html,/bookmakers/,Bookmakers
blog/best-horse-racing-betting-sites-south-africa-2026.html,/glossary.html,Glossary
blog/best-horse-racing-betting-sites-south-africa-2026.html,/calculators.html,Calculators
blog/best-horse-racing-betting-sites-south-africa-2026.html,/blog/,Blog
blog/best-horse-racing-betting-sites-south-africa-2026.html,/psl-match-centre.html,⚽ PSL Live
blog/best-horse-racing-betting-sites-south-africa-2026.html,/prediction-markets.html,💰 Smart Money
blog/best-horse-racing-betting-sites-south-africa-2026.html,/,Home
blog/best-horse-racing-betting-sites-south-africa-2026.html,/blog/,Blog
blog/best-horse-racing-betting-sites-south-africa-2026.html,/blog/,← Back to Blog
blog/best-horse-racing-betting-sites-south-africa-2026.html,/blog/horse-racing-betting-guide-south-africa-2026.html,horse racing betting guide
blog/best-horse-racing-betting-sites-south-africa-2026.html,/blog/hollywoodbets-review-south-africa-2026.html,Hollywoodbets review
blog/best-horse-racing-betting-sites-south-africa-2026.html,/blog/durban-july-2026-betting-guide.html,Durban July 2026 betting guide
blog/best-horse-racing-betting-sites-south-africa-2026.html,/calculators.html,betting calculators
blog/best-horse-racing-betting-sites-south-africa-2026.html,/blog/durban-july-2026-betting-guide.html,Durban July 2026 guide
blog/best-horse-racing-betting-sites-south-africa-2026.html,/calculators.html,Use BetSorted Calculators →
blog/best-horse-racing-betting-sites-south-africa-2026.html,/blog/horse-racing-betting-guide-south-africa-2026.html,South African horse racing betting guide
blog/best-horse-racing-betting-sites-south-africa-2026.html,/blog/durban-july-2026-betting-guide.html,Durban July betting guide
blog/best-horse-racing-betting-sites-south-africa-2026.html,/blog/5-common-betting-mistakes-south-africa-2026.html,5 Common Betting Mistakes South African Punters Make (And How to Avoid Them)
blog/best-horse-racing-betting-sites-south-africa-2026.html,/blog/aviator-betting-sites-south-africa-2026.html,Aviator Betting Sites South Africa 2026 — Best Apps & Strategy
blog/best-horse-racing-betting-sites-south-africa-2026.html,/blog/best-betting-sites-beginners-south-africa-2026.html,Best Betting Sites for Beginners in South Africa 2026 — Start Here
blog/best-horse-racing-betting-sites-south-africa-2026.html,/blog/category-betting-guides-strategy.html,Betting Guides &amp; Strategy
blog/best-horse-racing-betting-sites-south-africa-2026.html,/blog/,← Back to Blog
blog/best-horse-racing-betting-sites-south-africa-2026.html,/about.html,About
blog/best-horse-racing-betting-sites-south-africa-2026.html,/editorial-policy.html,Editorial Policy
blog/best-horse-racing-betting-sites-south-africa-2026.html,/responsible-gambling.html,Responsible Gambling
blog/best-horse-racing-betting-sites-south-africa-2026.html,/privacy.html,Privacy
blog/best-horse-racing-betting-sites-south-africa-2026.html,/contact.html,Contact
blog/best-horse-racing-betting-sites-south-africa-2026.html,/blog/,Blog
blog/best-horse-racing-betting-sites-south-africa-2026.html,/blog/category-bookmaker-comparisons.html,Bookmaker Comparisons
blog/best-live-betting-sites-south-africa-2026.html,/blog/hollywoodbets-review-south-africa-2026.html,Hollywoodbets
blog/best-live-betting-sites-south-africa-2026.html,/blog/supabets-review-south-africa-2026.html,SupaBets
blog/best-live-betting-sites-south-africa-2026.html,/,BetSorted
blog/best-live-betting-sites-south-africa-2026.html,/#comparison,Compare
blog/best-live-betting-sites-south-africa-2026.html,/bookmakers/,Bookmakers
blog/best-live-betting-sites-south-africa-2026.html,/glossary.html,Glossary
blog/best-live-betting-sites-south-africa-2026.html,/calculators.html,Calculators
blog/best-live-betting-sites-south-africa-2026.html,/blog/,Blog
blog/best-live-betting-sites-south-africa-2026.html,/psl-match-centre.html,⚽ PSL Live
blog/best-live-betting-sites-south-africa-2026.html,/prediction-markets.html,💰 Smart Money
blog/best-live-betting-sites-south-africa-2026.html,/,Home
blog/best-live-betting-sites-south-africa-2026.html,/blog/,Blog
blog/best-live-betting-sites-south-africa-2026.html,/blog/betway-review-south-africa-2026.html,Betway
blog/best-live-betting-sites-south-africa-2026.html,/blog/supabets-review-south-africa-2026.html,SupaBets
blog/best-live-betting-sites-south-africa-2026.html,/blog/hollywoodbets-review-south-africa-2026.html,Hollywoodbets
blog/best-live-betting-sites-south-africa-2026.html,/blog/10bet-review-south-africa-2026.html,10bet
blog/best-live-betting-sites-south-africa-2026.html,/blog/wsb-review-south-africa-2026.html,WSB
blog/best-live-betting-sites-south-africa-2026.html,/blog/10bet-review-south-africa-2026.html,10bet
blog/best-live-betting-sites-south-africa-2026.html,/#calculators,Try BetSorted Calculators
blog/best-live-betting-sites-south-africa-2026.html,/blog/sportingbet-review-south-africa-2026.html,Sportingbet
blog/best-live-betting-sites-south-africa-2026.html,/blog/best-betway-alternatives-south-africa-june-2026.html,Best Betway Alternatives for South African Bettors (June 2026)
blog/best-live-betting-sites-south-africa-2026.html,/blog/betfred-vs-10bet-south-africa-2026.html,Betfred vs 10bet South Africa 2026: International Bookmaker Showdown
blog/best-live-betting-sites-south-africa-2026.html,/blog/category-bookmaker-comparisons.html,Bookmaker Comparisons
blog/best-live-betting-sites-south-africa-2026.html,/blog/gbets-vs-10bet-south-africa-2026.html,Gbets vs 10bet South Africa 2026 — Which Bookmaker Wins?
blog/best-live-betting-sites-south-africa-2026.html,/,Home
blog/best-live-betting-sites-south-africa-2026.html,/#calculators,Calculators
blog/best-live-betting-sites-south-africa-2026.html,/blog/,Blog
blog/best-live-betting-sites-south-africa-2026.html,/#bookmakers,Bookmakers
blog/best-live-betting-sites-south-africa-2026.html,/#faq,FAQ
blog/best-live-betting-sites-south-africa-2026.html,/about.html,About
blog/best-live-betting-sites-south-africa-2026.html,/editorial-policy.html,Editorial Policy
blog/best-live-betting-sites-south-africa-2026.html,/responsible-gambling.html,Responsible Gambling
blog/best-live-betting-sites-south-africa-2026.html,/privacy.html,Privacy
blog/best-live-betting-sites-south-africa-2026.html,/contact.html,Contact
blog/best-live-betting-sites-south-africa-2026.html,/blog/,Blog
blog/best-live-betting-sites-south-africa-2026.html,/blog/category-bookmaker-comparisons.html,Bookmaker Comparisons
blog/best-live-rugby-betting-sites-south-africa-2026.html,/,BetSorted
blog/best-live-rugby-betting-sites-south-africa-2026.html,/#comparison,Compare
blog/best-live-rugby-betting-sites-south-africa-2026.html,/bookmakers/,Bookmakers
blog/best-live-rugby-betting-sites-south-africa-2026.html,/glossary.html,Glossary
blog/best-live-rugby-betting-sites-south-africa-2026.html,/calculators.html,Calculators
blog/best-live-rugby-betting-sites-south-africa-2026.html,/blog/,Blog
blog/best-live-rugby-betting-sites-south-africa-2026.html,/psl-match-centre.html,⚽ PSL Live
blog/best-live-rugby-betting-sites-south-africa-2026.html,/prediction-markets.html,💰 Smart Money
blog/best-live-rugby-betting-sites-south-africa-2026.html,/,Home
blog/best-live-rugby-betting-sites-south-africa-2026.html,/blog/,Blog
blog/best-live-rugby-betting-sites-south-africa-2026.html,/betting-calculator.html,BetSorted betting calculator
blog/best-live-rugby-betting-sites-south-africa-2026.html,/value-bet-calculator.html,value bet calculator
blog/best-live-rugby-betting-sites-south-africa-2026.html,/accumulator-calculator.html,accumulator calculator
blog/best-live-rugby-betting-sites-south-africa-2026.html,/betting-calculator.html,betting calculator
blog/best-live-rugby-betting-sites-south-africa-2026.html,/accumulator-calculator.html,accumulator calculator
blog/best-live-rugby-betting-sites-south-africa-2026.html,/blog/springboks-vs-barbarians-betting-guide.html,Springboks vs Barbarians Gqeberha betting guide
blog/best-live-rugby-betting-sites-south-africa-2026.html,/blog/rugby-championship-2026-betting-guide.html,Rugby Championship 2026 guide
blog/best-live-rugby-betting-sites-south-africa-2026.html,/betting-calculator.html,betting calculator
blog/best-live-rugby-betting-sites-south-africa-2026.html,/free-bet-calculator.html,free bet calculator
blog/best-live-rugby-betting-sites-south-africa-2026.html,/blog/best-rugby-betting-sites-south-africa-2026.html,Best Rugby Betting Sites in South Africa
blog/best-live-rugby-betting-sites-south-africa-2026.html,/blog/rugby-handicap-calculator-south-africa-2026.html,Rugby Handicap Betting Guide for South Africa
blog/best-live-rugby-betting-sites-south-africa-2026.html,/blog/how-to-bet-on-rugby-south-africa-2026.html,How to Bet on Rugby in South Africa
blog/best-live-rugby-betting-sites-south-africa-2026.html,/blog/betway-vs-world-sports-betting-south-africa-2026.html,Betway vs World Sports Betting South Africa
blog/best-live-rugby-betting-sites-south-africa-2026.html,/blog/how-to-bet-nations-championship-2026.html,How to Bet on the Nations Championship 2026 — Your Springboks Betting Guide
blog/best-live-rugby-betting-sites-south-africa-2026.html,/blog/category-rugby.html,Rugby
blog/best-live-rugby-betting-sites-south-africa-2026.html,/blog/urc-playoffs-betting-guide.html,URC Playoffs Betting Guide for South Africans | BetSorted
blog/best-live-rugby-betting-sites-south-africa-2026.html,/blog/springboks-july-tests-2026-betting-calculator-guide.html,Springboks July Tests 2026: Betting Calculator Guide for South Africans
blog/best-low-deposit-betting-sites-south-africa-2026.html,/,BetSorted
blog/best-low-deposit-betting-sites-south-africa-2026.html,/#comparison,Compare
blog/best-low-deposit-betting-sites-south-africa-2026.html,/bookmakers/,Bookmakers
blog/best-low-deposit-betting-sites-south-africa-2026.html,/glossary.html,Glossary
blog/best-low-deposit-betting-sites-south-africa-2026.html,/calculators.html,Calculators
blog/best-low-deposit-betting-sites-south-africa-2026.html,/blog/,Blog
blog/best-low-deposit-betting-sites-south-africa-2026.html,/psl-match-centre.html,⚽ PSL Live
blog/best-low-deposit-betting-sites-south-africa-2026.html,/prediction-markets.html,💰 Smart Money
blog/best-low-deposit-betting-sites-south-africa-2026.html,/,Home
blog/best-low-deposit-betting-sites-south-africa-2026.html,/blog/,Blog
blog/best-low-deposit-betting-sites-south-africa-2026.html,/blog/,← Back to Blog
blog/best-low-deposit-betting-sites-south-africa-2026.html,/betting-calculator.html,betting calculator
blog/best-low-deposit-betting-sites-south-africa-2026.html,/blog/betway-review-south-africa-2026.html,full Betway review
blog/best-low-deposit-betting-sites-south-africa-2026.html,/blog/hollywoodbets-review-south-africa-2026.html,Hollywoodbets review
blog/best-low-deposit-betting-sites-south-africa-2026.html,/accumulator-calculator.html,accumulator calculator
blog/best-low-deposit-betting-sites-south-africa-2026.html,/odds-comparison.html,odds comparison tool
blog/best-low-deposit-betting-sites-south-africa-2026.html,/accumulator-calculator.html,accumulator calculator
blog/best-low-deposit-betting-sites-south-africa-2026.html,/blog/betting-tax-south-africa-2026.html,Betting Tax South Africa 2026: Are Your Winnings Taxed?
blog/best-low-deposit-betting-sites-south-africa-2026.html,/blog/category-payments-fica.html,Payments &amp; FICA
blog/best-low-deposit-betting-sites-south-africa-2026.html,/blog/fastest-paying-bookmakers-south-africa-may-2026.html,Fastest Paying Bookmakers in South Africa: May 2026 Withdrawal Guide
blog/best-low-deposit-betting-sites-south-africa-2026.html,/blog/fica-verification-guide-south-africa-2026.html,How to FICA Verify Your Betting Account in South Africa (2026 Guide)
blog/best-low-deposit-betting-sites-south-africa-2026.html,/blog/,← Back to Blog
blog/best-low-deposit-betting-sites-south-africa-2026.html,/about.html,About
blog/best-low-deposit-betting-sites-south-africa-2026.html,/editorial-policy.html,Editorial Policy
blog/best-low-deposit-betting-sites-south-africa-2026.html,/responsible-gambling.html,Responsible Gambling
blog/best-low-deposit-betting-sites-south-africa-2026.html,/privacy.html,Privacy
blog/best-low-deposit-betting-sites-south-africa-2026.html,/contact.html,Contact
blog/best-low-deposit-betting-sites-south-africa-2026.html,/blog/,Blog
blog/best-low-deposit-betting-sites-south-africa-2026.html,/blog/category-bookmaker-comparisons.html,Bookmaker Comparisons
blog/best-psl-betting-site-2026.html,/,BetSorted
blog/best-psl-betting-site-2026.html,/#comparison,Compare
blog/best-psl-betting-site-2026.html,/bookmakers/,Bookmakers
blog/best-psl-betting-site-2026.html,/glossary.html,Glossary
blog/best-psl-betting-site-2026.html,/calculators.html,Calculators
blog/best-psl-betting-site-2026.html,/blog/,Blog
blog/best-psl-betting-site-2026.html,/psl-match-centre.html,⚽ PSL Live
blog/best-psl-betting-site-2026.html,/prediction-markets.html,💰 Smart Money
blog/best-psl-betting-site-2026.html,/,Home
blog/best-psl-betting-site-2026.html,/blog/,Blog
blog/best-psl-betting-site-2026.html,/blog/,← Back to Blog
blog/best-psl-betting-site-2026.html,/odds-comparison.html,odds comparison page
blog/best-psl-betting-site-2026.html,/accumulator-calculator.html,accumulator calculator
blog/best-psl-betting-site-2026.html,/blog/eft-betting-payments-south-africa.html,EFT
blog/best-psl-betting-site-2026.html,/blog/instant-eft-betting-payments-south-africa.html,Instant EFT
blog/best-psl-betting-site-2026.html,/blog/ozow-betting-payments-south-africa.html,Ozow
blog/best-psl-betting-site-2026.html,/blog/fastest-paying-bookmakers-south-africa-2026.html,fastest paying bookmakers
blog/best-psl-betting-site-2026.html,/blog/supabets-review-south-africa-2026.html,Supabets
blog/best-psl-betting-site-2026.html,/blog/hollywoodbets-review-south-africa-2026.html,Hollywoodbets
blog/best-psl-betting-site-2026.html,/blog/betway-review-south-africa-2026.html,Betway
blog/best-psl-betting-site-2026.html,/blog/sportingbet-review-south-africa-2026.html,Sportingbet
blog/best-psl-betting-site-2026.html,/odds-comparison.html,odds comparison tool
blog/best-psl-betting-site-2026.html,/accumulator-calculator.html,accumulator calculator
blog/best-psl-betting-site-2026.html,/blog/mtn8-betting-guide-south-africa-2026.html,MTN8 Betting Guide South Africa 2026: How to Bet PSL Cup Football Without Guessing
blog/best-psl-betting-site-2026.html,/blog/nedbank-cup-betting-guide.html,Nedbank Cup Betting Guide for South Africans | BetSorted
blog/best-psl-betting-site-2026.html,/blog/category-psl.html,PSL
blog/best-psl-betting-site-2026.html,/blog/psl-playoffs-2026-betting-guide.html,"PSL Playoffs 2026 Betting Guide — Top 8 Odds, Predictions &amp; Best Bookmakers"
blog/best-psl-betting-site-2026.html,/blog/,← Back to Blog
blog/best-psl-betting-site-2026.html,/about.html,About
blog/best-psl-betting-site-2026.html,/editorial-policy.html,Editorial Policy
blog/best-psl-betting-site-2026.html,/responsible-gambling.html,Responsible Gambling
blog/best-psl-betting-site-2026.html,/privacy.html,Privacy
blog/best-psl-betting-site-2026.html,/contact.html,Contact
blog/best-psl-betting-site-2026.html,/blog/,Blog
blog/best-psl-betting-site-2026.html,/blog/category-bookmaker-comparisons.html,Bookmaker Comparisons
blog/best-rugby-betting-sites-south-africa-2026.html,/,BetSorted
blog/best-rugby-betting-sites-south-africa-2026.html,/#comparison,Compare
blog/best-rugby-betting-sites-south-africa-2026.html,/bookmakers/,Bookmakers
blog/best-rugby-betting-sites-south-africa-2026.html,/glossary.html,Glossary
blog/best-rugby-betting-sites-south-africa-2026.html,/calculators.html,Calculators
blog/best-rugby-betting-sites-south-africa-2026.html,/blog/,Blog
blog/best-rugby-betting-sites-south-africa-2026.html,/psl-match-centre.html,⚽ PSL Live
blog/best-rugby-betting-sites-south-africa-2026.html,/prediction-markets.html,💰 Smart Money
blog/best-rugby-betting-sites-south-africa-2026.html,/,Home
blog/best-rugby-betting-sites-south-africa-2026.html,/blog/,Blog
blog/best-rugby-betting-sites-south-africa-2026.html,/blog/,← Back to Blog
blog/best-rugby-betting-sites-south-africa-2026.html,/betting-calculator.html,betting calculator
blog/best-rugby-betting-sites-south-africa-2026.html,/accumulator-calculator.html,accumulator calculator
blog/best-rugby-betting-sites-south-africa-2026.html,/blog/sa-cup-2026-betting-guide.html,SA Cup 2026 betting guide
blog/best-rugby-betting-sites-south-africa-2026.html,/blog/springboks-2026-betting-guide.html,Springboks 2026 betting guide
blog/best-rugby-betting-sites-south-africa-2026.html,/odds-comparison.html,odds comparison page
blog/best-rugby-betting-sites-south-africa-2026.html,/blog/how-to-bet-nations-championship-2026.html,inaugural Nations Championship kicks off in July
blog/best-rugby-betting-sites-south-africa-2026.html,/accumulator-calculator.html,accumulator calculator
blog/best-rugby-betting-sites-south-africa-2026.html,/blog/springboks-2026-betting-guide.html,Springboks 2026 guide
blog/best-rugby-betting-sites-south-africa-2026.html,/odds-comparison.html,odds comparison tool
blog/best-rugby-betting-sites-south-africa-2026.html,/betting-calculator.html,betting calculator
blog/best-rugby-betting-sites-south-africa-2026.html,/odds-comparison.html,Live Odds Comparison
blog/best-rugby-betting-sites-south-africa-2026.html,/betting-calculator.html,Betting Calculator
blog/best-rugby-betting-sites-south-africa-2026.html,/accumulator-calculator.html,Accumulator Calculator
blog/best-rugby-betting-sites-south-africa-2026.html,/blog/how-to-bet-on-rugby-south-africa-2026.html,How to Bet on Rugby in South Africa: Complete 2026 Guide
blog/best-rugby-betting-sites-south-africa-2026.html,/blog/urc-playoffs-betting-guide.html,URC Round 13: Bulls vs Stormers & SA Derbies Preview
blog/best-rugby-betting-sites-south-africa-2026.html,/blog/how-to-bet-nations-championship-2026.html,How to Bet on the Nations Championship 2026 — Your Springboks Betting Guide
blog/best-rugby-betting-sites-south-africa-2026.html,/blog/category-rugby.html,Rugby
blog/best-rugby-betting-sites-south-africa-2026.html,/blog/urc-playoffs-betting-guide.html,URC Playoffs Betting Guide for South Africans | BetSorted
blog/best-rugby-betting-sites-south-africa-2026.html,/blog/springboks-july-tests-2026-betting-calculator-guide.html,Springboks July Tests 2026: Betting Calculator Guide for South Africans
blog/best-rugby-betting-sites-south-africa-2026.html,/about.html,About
blog/best-rugby-betting-sites-south-africa-2026.html,/editorial-policy.html,Editorial Policy
blog/best-rugby-betting-sites-south-africa-2026.html,/responsible-gambling.html,Responsible Gambling
blog/best-rugby-betting-sites-south-africa-2026.html,/privacy.html,Privacy
blog/best-rugby-betting-sites-south-africa-2026.html,/contact.html,Contact
blog/best-rugby-betting-sites-south-africa-2026.html,/blog/,Blog
blog/best-rugby-betting-sites-south-africa-2026.html,/blog/category-bookmaker-comparisons.html,Bookmaker Comparisons
blog/best-tennis-betting-sites-south-africa-2026.html,/,BetSorted
blog/best-tennis-betting-sites-south-africa-2026.html,/#comparison,Compare
blog/best-tennis-betting-sites-south-africa-2026.html,/bookmakers/,Bookmakers
blog/best-tennis-betting-sites-south-africa-2026.html,/glossary.html,Glossary
blog/best-tennis-betting-sites-south-africa-2026.html,/calculators.html,Calculators
blog/best-tennis-betting-sites-south-africa-2026.html,/blog/,Blog
blog/best-tennis-betting-sites-south-africa-2026.html,/psl-match-centre.html,⚽ PSL Live
blog/best-tennis-betting-sites-south-africa-2026.html,/prediction-markets.html,💰 Smart Money
blog/best-tennis-betting-sites-south-africa-2026.html,/,Home
blog/best-tennis-betting-sites-south-africa-2026.html,/blog/,Blog
blog/best-tennis-betting-sites-south-africa-2026.html,/accumulator-calculator.html,Try Accumulator Calculator →
blog/best-tennis-betting-sites-south-africa-2026.html,/best-betting-apps.html,Best Betting Apps
blog/best-tennis-betting-sites-south-africa-2026.html,/blog/5-common-betting-mistakes-south-africa-2026.html,5 Common Betting Mistakes South African Punters Make (And How to Avoid Them)
blog/best-tennis-betting-sites-south-africa-2026.html,/blog/aviator-betting-sites-south-africa-2026.html,Aviator Betting Sites South Africa 2026 — Best Apps & Strategy
blog/best-tennis-betting-sites-south-africa-2026.html,/blog/best-betting-sites-beginners-south-africa-2026.html,Best Betting Sites for Beginners in South Africa 2026 — Start Here
blog/best-tennis-betting-sites-south-africa-2026.html,/blog/category-betting-guides-strategy.html,Betting Guides &amp; Strategy
blog/best-tennis-betting-sites-south-africa-2026.html,/about.html,About
blog/best-tennis-betting-sites-south-africa-2026.html,/editorial-policy.html,Editorial Policy
blog/best-tennis-betting-sites-south-africa-2026.html,/responsible-gambling.html,Responsible Gambling
blog/best-tennis-betting-sites-south-africa-2026.html,/privacy.html,Privacy
blog/best-tennis-betting-sites-south-africa-2026.html,/contact.html,Contact
blog/best-tennis-betting-sites-south-africa-2026.html,/blog/,Blog
blog/best-tennis-betting-sites-south-africa-2026.html,/blog/category-bookmaker-comparisons.html,Bookmaker Comparisons
blog/best-tennis-betting-sites-south-africa-2026.html,/,Home
blog/best-tennis-betting-sites-south-africa-2026.html,/blog/,Blog
blog/best-tennis-betting-sites-south-africa-2026.html,/odds-comparison.html,Compare Bookmakers
blog/best-urc-betting-sites-south-africa-2026.html,/,BetSorted
blog/best-urc-betting-sites-south-africa-2026.html,/#comparison,Compare
blog/best-urc-betting-sites-south-africa-2026.html,/bookmakers/,Bookmakers
blog/best-urc-betting-sites-south-africa-2026.html,/glossary.html,Glossary
blog/best-urc-betting-sites-south-africa-2026.html,/calculators.html,Calculators
blog/best-urc-betting-sites-south-africa-2026.html,/blog/,Blog
blog/best-urc-betting-sites-south-africa-2026.html,/psl-match-centre.html,⚽ PSL Live
blog/best-urc-betting-sites-south-africa-2026.html,/prediction-markets.html,💰 Smart Money
blog/best-urc-betting-sites-south-africa-2026.html,/,Home
blog/best-urc-betting-sites-south-africa-2026.html,/blog/,Blog
blog/best-urc-betting-sites-south-africa-2026.html,/betting-calculator.html,BetSorted betting calculator
blog/best-urc-betting-sites-south-africa-2026.html,/value-bet-calculator.html,value bet calculator
blog/best-urc-betting-sites-south-africa-2026.html,/accumulator-calculator.html,accumulator calculator
blog/best-urc-betting-sites-south-africa-2026.html,/accumulator-calculator.html,accumulator calculator
blog/best-urc-betting-sites-south-africa-2026.html,/blog/best-live-rugby-betting-sites-south-africa-2026.html,Best Live Rugby Betting Sites in South Africa
blog/best-urc-betting-sites-south-africa-2026.html,/blog/rugby-handicap-calculator-south-africa-2026.html,Rugby Handicap Betting Guide South Africa
blog/best-urc-betting-sites-south-africa-2026.html,/blog/urc-playoffs-betting-guide.html,URC Playoff Race Betting Guide
blog/best-urc-betting-sites-south-africa-2026.html,/blog/wsb-vs-hollywoodbets-south-africa-2026.html,Hollywoodbets vs WSB for Rugby and Cricket
blog/best-urc-betting-sites-south-africa-2026.html,/withdrawal-speed-comparison.html,Withdrawal Speed Comparison
blog/best-urc-betting-sites-south-africa-2026.html,/blog/how-to-bet-nations-championship-2026.html,How to Bet on the Nations Championship 2026 — Your Springboks Betting Guide
blog/best-urc-betting-sites-south-africa-2026.html,/blog/category-rugby.html,Rugby
blog/best-urc-betting-sites-south-africa-2026.html,/blog/urc-playoffs-betting-guide.html,URC Playoffs Betting Guide for South Africans | BetSorted
blog/best-urc-betting-sites-south-africa-2026.html,/blog/springboks-july-tests-2026-betting-calculator-guide.html,Springboks July Tests 2026: Betting Calculator Guide for South Africans
blog/bet-co-za-review-south-africa-2026.html,/,BetSorted
blog/bet-co-za-review-south-africa-2026.html,/#comparison,Compare
blog/bet-co-za-review-south-africa-2026.html,/bookmakers/,Bookmakers
blog/bet-co-za-review-south-africa-2026.html,/glossary.html,Glossary
blog/bet-co-za-review-south-africa-2026.html,/calculators.html,Calculators
blog/bet-co-za-review-south-africa-2026.html,/blog/,Blog
blog/bet-co-za-review-south-africa-2026.html,/psl-match-centre.html,⚽ PSL Live
blog/bet-co-za-review-south-africa-2026.html,/prediction-markets.html,💰 Smart Money
blog/bet-co-za-review-south-africa-2026.html,/,Home
blog/bet-co-za-review-south-africa-2026.html,/bookmakers/,Bookmakers
blog/bet-co-za-review-south-africa-2026.html,/bookmakers/,&larr; Back to Bookmakers
blog/bet-co-za-review-south-africa-2026.html,/odds-comparison.html,odds comparison page
blog/bet-co-za-review-south-africa-2026.html,/betting-calculator.html,betting calculator
blog/bet-co-za-review-south-africa-2026.html,/bookmakers/bet-co-za-login.html,BET.co.za login guide
blog/bet-co-za-review-south-africa-2026.html,/blog/best-psl-betting-site-2026.html,best PSL betting sites
blog/bet-co-za-review-south-africa-2026.html,/odds-comparison.html,odds comparison tool
blog/bet-co-za-review-south-africa-2026.html,/bookmakers/bet-co-za-login.html,BET.co.za login
blog/bet-co-za-review-south-africa-2026.html,/blog/fastest-paying-bookmakers-south-africa-2026.html,fastest paying bookmakers
blog/bet-co-za-review-south-africa-2026.html,/best-odds-finder.html,best odds finder
blog/bet-co-za-review-south-africa-2026.html,/blog/fastest-paying-bookmakers-south-africa-2026.html,fastest paying bookmakers in South Africa
blog/bet-co-za-review-south-africa-2026.html,/blog/betway-vs-hollywoodbets.html,Betway vs Hollywoodbets comparison
blog/bet-co-za-review-south-africa-2026.html,/blog/hollywoodbets-vs-supabets-2026.html,Hollywoodbets vs Supabets
blog/bet-co-za-review-south-africa-2026.html,/blog/easybet-vs-world-sports-betting-psl-2026.html,Easybet vs WSB for PSL
blog/bet-co-za-review-south-africa-2026.html,/accumulator-calculator.html,accumulator calculator
blog/bet-co-za-review-south-africa-2026.html,/betting-calculator.html,betting calculator
blog/bet-co-za-review-south-africa-2026.html,/bookmakers/bet-co-za-login.html,BET.co.za Login South Africa
blog/bet-co-za-review-south-africa-2026.html,/blog/betmaster-review-south-africa-2026.html,Betmaster Review South Africa 2026 — Is It Worth Signing Up?
blog/bet-co-za-review-south-africa-2026.html,/blog/category-bookmaker-reviews.html,Bookmaker Reviews
blog/bet-co-za-review-south-africa-2026.html,/blog/lottostar-review-south-africa-2026.html,"LottoStar Review South Africa (2026): Lucky Numbers, Virtual Games & Sports Betting"
blog/bet-co-za-review-south-africa-2026.html,/blog/new-betting-sites-south-africa-april-2026.html,New Betting Sites South Africa April 2026 — Latest Bookmakers Reviewed
blog/bet-co-za-review-south-africa-2026.html,/blog/,← Back to Blog
blog/bet-co-za-review-south-africa-2026.html,/about.html,About
blog/bet-co-za-review-south-africa-2026.html,/editorial-policy.html,Editorial Policy
blog/bet-co-za-review-south-africa-2026.html,/responsible-gambling.html,Responsible Gambling
blog/bet-co-za-review-south-africa-2026.html,/privacy.html,Privacy
blog/bet-co-za-review-south-africa-2026.html,/contact.html,Contact
blog/bet-co-za-review-south-africa-2026.html,/blog/,Blog
blog/bet-co-za-review-south-africa-2026.html,/blog/category-bookmaker-comparisons.html,Bookmaker Comparisons
blog/bet-co-za-vs-betway-south-africa-2026.html,/blog/betway-review-south-africa-2026.html,Betway
blog/bet-co-za-vs-betway-south-africa-2026.html,/,BetSorted
blog/bet-co-za-vs-betway-south-africa-2026.html,/#comparison,Compare
blog/bet-co-za-vs-betway-south-africa-2026.html,/bookmakers/,Bookmakers
blog/bet-co-za-vs-betway-south-africa-2026.html,/glossary.html,Glossary
blog/bet-co-za-vs-betway-south-africa-2026.html,/calculators.html,Calculators
blog/bet-co-za-vs-betway-south-africa-2026.html,/blog/,Blog
blog/bet-co-za-vs-betway-south-africa-2026.html,/psl-match-centre.html,⚽ PSL Live
blog/bet-co-za-vs-betway-south-africa-2026.html,/prediction-markets.html,💰 Smart Money
blog/bet-co-za-vs-betway-south-africa-2026.html,/,Home
blog/bet-co-za-vs-betway-south-africa-2026.html,/blog/,Blog
blog/bet-co-za-vs-betway-south-africa-2026.html,/blog/bet-co-za-review-south-africa-2026.html,Bet.co.za
blog/bet-co-za-vs-betway-south-africa-2026.html,/accumulator-calculator.html,accumulator calculator
blog/bet-co-za-vs-betway-south-africa-2026.html,/betting-calculator.html,betting calculator
blog/bet-co-za-vs-betway-south-africa-2026.html,/blog/fastest-paying-bookmakers-south-africa-2026.html,fastest paying bookmakers in SA
blog/bet-co-za-vs-betway-south-africa-2026.html,/accumulator-calculator.html,accumulator calculator
blog/bet-co-za-vs-betway-south-africa-2026.html,/blog/best-betting-sites-beginners-south-africa-2026.html,best betting sites for beginners in South Africa
blog/bet-co-za-vs-betway-south-africa-2026.html,/bankroll-tracker.html,Try the free BetSorted bankroll tracker
blog/bet-co-za-vs-betway-south-africa-2026.html,/blog/betway-vs-hollywoodbets.html,Hollywoodbets vs Betway
blog/bet-co-za-vs-betway-south-africa-2026.html,/blog/best-betway-alternatives-south-africa-june-2026.html,Best Betway Alternatives for South African Bettors (June 2026)
blog/bet-co-za-vs-betway-south-africa-2026.html,/blog/betfred-vs-10bet-south-africa-2026.html,Betfred vs 10bet South Africa 2026: International Bookmaker Showdown
blog/bet-co-za-vs-betway-south-africa-2026.html,/blog/category-bookmaker-comparisons.html,Bookmaker Comparisons
blog/bet-co-za-vs-betway-south-africa-2026.html,/blog/gbets-vs-10bet-south-africa-2026.html,Gbets vs 10bet South Africa 2026 — Which Bookmaker Wins?
blog/bet-co-za-vs-betway-south-africa-2026.html,/about.html,About
blog/bet-co-za-vs-betway-south-africa-2026.html,/editorial-policy.html,Editorial Policy
blog/bet-co-za-vs-betway-south-africa-2026.html,/responsible-gambling.html,Responsible Gambling
blog/bet-co-za-vs-betway-south-africa-2026.html,/privacy.html,Privacy
blog/bet-co-za-vs-betway-south-africa-2026.html,/contact.html,Contact
blog/bet-co-za-vs-betway-south-africa-2026.html,/blog/,Blog
blog/bet-co-za-vs-betway-south-africa-2026.html,/blog/category-bookmaker-comparisons.html,Bookmaker Comparisons
blog/bet-co-za-vs-betway-south-africa-2026.html,/privacy.html,Privacy
blog/bet-co-za-vs-betway-south-africa-2026.html,/terms.html,Terms
blog/bet-co-za-vs-easybet-south-africa-2026.html,/blog/easybet-review-south-africa-2026.html,Easybet
blog/bet-co-za-vs-easybet-south-africa-2026.html,/,BetSorted
blog/bet-co-za-vs-easybet-south-africa-2026.html,/#comparison,Compare
blog/bet-co-za-vs-easybet-south-africa-2026.html,/bookmakers/,Bookmakers
blog/bet-co-za-vs-easybet-south-africa-2026.html,/glossary.html,Glossary
blog/bet-co-za-vs-easybet-south-africa-2026.html,/calculators.html,Calculators
blog/bet-co-za-vs-easybet-south-africa-2026.html,/blog/,Blog
blog/bet-co-za-vs-easybet-south-africa-2026.html,/psl-match-centre.html,⚽ PSL Live
blog/bet-co-za-vs-easybet-south-africa-2026.html,/prediction-markets.html,💰 Smart Money
blog/bet-co-za-vs-easybet-south-africa-2026.html,/,Home
blog/bet-co-za-vs-easybet-south-africa-2026.html,/blog/,Blog
blog/bet-co-za-vs-easybet-south-africa-2026.html,/blog/bet-co-za-review-south-africa-2026.html,Bet.co.za
blog/bet-co-za-vs-easybet-south-africa-2026.html,/betting-calculator.html,betting calculator
blog/bet-co-za-vs-easybet-south-africa-2026.html,/accumulator-calculator.html,accumulator calculator
blog/bet-co-za-vs-easybet-south-africa-2026.html,/withdrawal-speed-comparison.html,withdrawal speed comparison
blog/bet-co-za-vs-easybet-south-africa-2026.html,/free-bet-calculator.html,free bet calculator
blog/bet-co-za-vs-easybet-south-africa-2026.html,/bankroll-tracker.html,bankroll tracker
blog/bet-co-za-vs-easybet-south-africa-2026.html,/blog/bet-co-za-review-south-africa-2026.html,Bet.co.za Review South Africa
blog/bet-co-za-vs-easybet-south-africa-2026.html,/blog/hollywoodbets-vs-easybet-south-africa-2026.html,Hollywoodbets vs Easybet South Africa
blog/bet-co-za-vs-easybet-south-africa-2026.html,/blog/psl-bet-builder-guide-south-africa-2026.html,PSL Bet Builder Guide
blog/bet-co-za-vs-easybet-south-africa-2026.html,/calculators.html,BetSorted Calculators
blog/bet-co-za-vs-easybet-south-africa-2026.html,/blog/best-betway-alternatives-south-africa-june-2026.html,Best Betway Alternatives for South African Bettors (June 2026)
blog/bet-co-za-vs-easybet-south-africa-2026.html,/blog/betfred-vs-10bet-south-africa-2026.html,Betfred vs 10bet South Africa 2026: International Bookmaker Showdown
blog/bet-co-za-vs-easybet-south-africa-2026.html,/blog/category-bookmaker-comparisons.html,Bookmaker Comparisons
blog/bet-co-za-vs-easybet-south-africa-2026.html,/blog/gbets-vs-10bet-south-africa-2026.html,Gbets vs 10bet South Africa 2026 — Which Bookmaker Wins?
blog/bet-co-za-vs-hollywoodbets-south-africa-2026.html,/,BetSorted
blog/bet-co-za-vs-hollywoodbets-south-africa-2026.html,/#comparison,Compare
blog/bet-co-za-vs-hollywoodbets-south-africa-2026.html,/bookmakers/,Bookmakers
blog/bet-co-za-vs-hollywoodbets-south-africa-2026.html,/glossary.html,Glossary
blog/bet-co-za-vs-hollywoodbets-south-africa-2026.html,/calculators.html,Calculators
blog/bet-co-za-vs-hollywoodbets-south-africa-2026.html,/blog/,Blog
blog/bet-co-za-vs-hollywoodbets-south-africa-2026.html,/psl-match-centre.html,⚽ PSL Live
blog/bet-co-za-vs-hollywoodbets-south-africa-2026.html,/prediction-markets.html,💰 Smart Money
blog/bet-co-za-vs-hollywoodbets-south-africa-2026.html,/,Home
blog/bet-co-za-vs-hollywoodbets-south-africa-2026.html,/blog/,Blog
blog/bet-co-za-vs-hollywoodbets-south-africa-2026.html,/blog/,← Back to Blog
blog/bet-co-za-vs-hollywoodbets-south-africa-2026.html,/odds-comparison.html,odds
blog/bet-co-za-vs-hollywoodbets-south-africa-2026.html,/blog/bet-co-za-review-south-africa-2026.html,Bet.co.za
blog/bet-co-za-vs-hollywoodbets-south-africa-2026.html,/betting-calculator.html,betting calculator
blog/bet-co-za-vs-hollywoodbets-south-africa-2026.html,/odds-comparison.html,odds comparison tool
blog/bet-co-za-vs-hollywoodbets-south-africa-2026.html,/blog/lucky-numbers-betting-guide-south-africa-2026.html,complete Lucky Numbers betting guide
blog/bet-co-za-vs-hollywoodbets-south-africa-2026.html,/blog/bet-co-za-review-south-africa-2026.html,full Bet.co.za review
blog/bet-co-za-vs-hollywoodbets-south-africa-2026.html,/blog/hollywoodbets-review-south-africa-2026.html,full Hollywoodbets review
blog/bet-co-za-vs-hollywoodbets-south-africa-2026.html,/odds-comparison.html,odds comparison tool
blog/bet-co-za-vs-hollywoodbets-south-africa-2026.html,/bookmakers/,bookmaker comparison page
blog/bet-co-za-vs-hollywoodbets-south-africa-2026.html,/betting-calculator.html,betting calculator
blog/bet-co-za-vs-hollywoodbets-south-africa-2026.html,/blog/bet-co-za-review-south-africa-2026.html,Bet.co.za Review South Africa 2026
blog/bet-co-za-vs-hollywoodbets-south-africa-2026.html,/blog/hollywoodbets-review-south-africa-2026.html,Hollywoodbets Review South Africa 2026
blog/bet-co-za-vs-hollywoodbets-south-africa-2026.html,/blog/betway-vs-hollywoodbets.html,Betway vs Hollywoodbets: Which Is Better?
blog/bet-co-za-vs-hollywoodbets-south-africa-2026.html,/blog/lucky-numbers-betting-guide-south-africa-2026.html,Lucky Numbers Betting Guide South Africa 2026
blog/bet-co-za-vs-hollywoodbets-south-africa-2026.html,/bookmakers/,Compare All South African Bookmakers
blog/bet-co-za-vs-hollywoodbets-south-africa-2026.html,/betting-calculator.html,Betting Calculator – Check Your Returns
blog/bet-co-za-vs-hollywoodbets-south-africa-2026.html,/odds-comparison.html,Live Odds Comparison Tool
blog/bet-co-za-vs-hollywoodbets-south-africa-2026.html,/about.html,About
blog/bet-co-za-vs-hollywoodbets-south-africa-2026.html,/editorial-policy.html,Editorial Policy
blog/bet-co-za-vs-hollywoodbets-south-africa-2026.html,/responsible-gambling.html,Responsible Gambling
blog/bet-co-za-vs-hollywoodbets-south-africa-2026.html,/privacy.html,Privacy
blog/bet-co-za-vs-hollywoodbets-south-africa-2026.html,/contact.html,Contact
blog/bet-co-za-vs-hollywoodbets-south-africa-2026.html,/blog/,Blog
blog/bet-co-za-vs-hollywoodbets-south-africa-2026.html,/blog/category-bookmaker-comparisons.html,Bookmaker Comparisons
blog/betfred-review-south-africa-2026.html,/,BetSorted
blog/betfred-review-south-africa-2026.html,/#comparison,Compare
blog/betfred-review-south-africa-2026.html,/bookmakers/,Bookmakers
blog/betfred-review-south-africa-2026.html,/glossary.html,Glossary
blog/betfred-review-south-africa-2026.html,/calculators.html,Calculators
blog/betfred-review-south-africa-2026.html,/blog/,Blog
blog/betfred-review-south-africa-2026.html,/psl-match-centre.html,⚽ PSL Live
blog/betfred-review-south-africa-2026.html,/prediction-markets.html,💰 Smart Money
blog/betfred-review-south-africa-2026.html,/,Home
blog/betfred-review-south-africa-2026.html,/blog/,Blog
blog/betfred-review-south-africa-2026.html,/blog/,← Back to Blog
blog/betfred-review-south-africa-2026.html,/betting-calculator.html,betting calculator
blog/betfred-review-south-africa-2026.html,/best-odds-finder.html,best odds finder
blog/betfred-review-south-africa-2026.html,/blog/ozow-betting-payments-south-africa.html,Ozow
blog/betfred-review-south-africa-2026.html,/blog/voucher-deposits-betting-south-africa-2026.html,voucher deposits
blog/betfred-review-south-africa-2026.html,/blog/capitec-pay-betting-payments-south-africa.html,Capitec Pay
blog/betfred-review-south-africa-2026.html,/blog/fastest-paying-bookmakers-south-africa-2026.html,fastest-paying bookmakers
blog/betfred-review-south-africa-2026.html,/bookmakers/betfred-app.html,Betfred app guide
blog/betfred-review-south-africa-2026.html,/best-betting-apps.html,best betting apps in South Africa
blog/betfred-review-south-africa-2026.html,/blog/betway-vs-hollywoodbets.html,Betway vs Hollywoodbets
blog/betfred-review-south-africa-2026.html,/bookmakers/,bookmaker reviews
blog/betfred-review-south-africa-2026.html,/blog/betway-review-south-africa-2026.html,Betway
blog/betfred-review-south-africa-2026.html,/blog/hollywoodbets-review-south-africa-2026.html,Hollywoodbets
blog/betfred-review-south-africa-2026.html,/blog/betfred-vs-10bet-south-africa-2026.html,Betfred vs 10bet South Africa 2026
blog/betfred-review-south-africa-2026.html,/blog/betfred-vs-hollywoodbets-south-africa-2026.html,Betfred vs Hollywoodbets 2026
blog/betfred-review-south-africa-2026.html,/blog/betfred-vs-betway-south-africa-2026.html,Betfred vs Betway 2026
blog/betfred-review-south-africa-2026.html,/blog/betfred-vs-sportingbet-south-africa-2026.html,Betfred vs Sportingbet 2026
blog/betfred-review-south-africa-2026.html,/bookmakers/betfred-login.html,Betfred Login South Africa
blog/betfred-review-south-africa-2026.html,/bookmakers/betfred-app.html,Betfred App Download South Africa
blog/betfred-review-south-africa-2026.html,/blog/betmaster-review-south-africa-2026.html,Betmaster Review South Africa 2026 — Is It Worth Signing Up?
blog/betfred-review-south-africa-2026.html,/blog/category-bookmaker-reviews.html,Bookmaker Reviews
blog/betfred-review-south-africa-2026.html,/blog/lottostar-review-south-africa-2026.html,"LottoStar Review South Africa (2026): Lucky Numbers, Virtual Games & Sports Betting"
blog/betfred-review-south-africa-2026.html,/blog/new-betting-sites-south-africa-april-2026.html,New Betting Sites South Africa April 2026 — Latest Bookmakers Reviewed
blog/betfred-review-south-africa-2026.html,/about.html,About
blog/betfred-review-south-africa-2026.html,/editorial-policy.html,Editorial Policy
blog/betfred-review-south-africa-2026.html,/responsible-gambling.html,Responsible Gambling
blog/betfred-review-south-africa-2026.html,/blog/,Blog
blog/betfred-vs-10bet-south-africa-2026.html,/,BetSorted
blog/betfred-vs-10bet-south-africa-2026.html,/#comparison,Compare
blog/betfred-vs-10bet-south-africa-2026.html,/bookmakers/,Bookmakers
blog/betfred-vs-10bet-south-africa-2026.html,/glossary.html,Glossary
blog/betfred-vs-10bet-south-africa-2026.html,/calculators.html,Calculators
blog/betfred-vs-10bet-south-africa-2026.html,/blog/,Blog
blog/betfred-vs-10bet-south-africa-2026.html,/psl-match-centre.html,⚽ PSL Live
blog/betfred-vs-10bet-south-africa-2026.html,/prediction-markets.html,💰 Smart Money
blog/betfred-vs-10bet-south-africa-2026.html,/,Home
blog/betfred-vs-10bet-south-africa-2026.html,/blog/,Blog
blog/betfred-vs-10bet-south-africa-2026.html,/,Home
blog/betfred-vs-10bet-south-africa-2026.html,/blog/,Blog
blog/betfred-vs-10bet-south-africa-2026.html,/blog/10bet-review-south-africa-2026.html,10bet
blog/betfred-vs-10bet-south-africa-2026.html,/blog/hollywoodbets-review-south-africa-2026.html,Hollywoodbets
blog/betfred-vs-10bet-south-africa-2026.html,/blog/betway-review-south-africa-2026.html,Betway
blog/betfred-vs-10bet-south-africa-2026.html,/blog/betway-review-south-africa-2026.html,Betway
blog/betfred-vs-10bet-south-africa-2026.html,/odds-comparison.html,odds comparison tool
blog/betfred-vs-10bet-south-africa-2026.html,/betting-calculator.html,betting calculator
blog/betfred-vs-10bet-south-africa-2026.html,/blog/wsb-review-south-africa-2026.html,WSB
blog/betfred-vs-10bet-south-africa-2026.html,/blog/hollywoodbets-review-south-africa-2026.html,Hollywoodbets
blog/betfred-vs-10bet-south-africa-2026.html,/blog/how-to-bet-on-ufc-mma-south-africa-2026.html,UFC betting guide
blog/betfred-vs-10bet-south-africa-2026.html,/blog/how-to-use-free-bets-south-africa-2026.html,free bet guide
blog/betfred-vs-10bet-south-africa-2026.html,/blog/how-to-withdraw-betting-sites-south-africa-2026.html,complete withdrawal guide
blog/betfred-vs-10bet-south-africa-2026.html,/blog/data-free-betting-apps-south-africa-2026.html,our data-free betting guide
blog/betfred-vs-10bet-south-africa-2026.html,/blog/live-betting-guide-south-africa-2026.html,complete live betting guide
blog/betfred-vs-10bet-south-africa-2026.html,/blog/cash-out-betting-guide-south-africa-2026.html,cash-out guide
blog/betfred-vs-10bet-south-africa-2026.html,/odds-comparison.html,odds comparison tool
blog/betfred-vs-10bet-south-africa-2026.html,/blog/hollywoodbets-review-south-africa-2026.html,Hollywoodbets
blog/betfred-vs-10bet-south-africa-2026.html,/blog/wsb-review-south-africa-2026.html,WSB
blog/betfred-vs-10bet-south-africa-2026.html,/blog/betfred-vs-hollywoodbets-south-africa-2026.html,Betfred vs Hollywoodbets 2026
blog/betfred-vs-10bet-south-africa-2026.html,/blog/betfred-vs-betway-south-africa-2026.html,Betfred vs Betway 2026
blog/betfred-vs-10bet-south-africa-2026.html,/blog/betfred-vs-sportingbet-south-africa-2026.html,Betfred vs Sportingbet 2026
blog/betfred-vs-10bet-south-africa-2026.html,/blog/10bet-review-south-africa-2026.html,10bet Full Review 2026
blog/betfred-vs-10bet-south-africa-2026.html,/blog/betfred-review-south-africa-2026.html,Betfred Full Review 2026
blog/betfred-vs-10bet-south-africa-2026.html,/,BetSorted
blog/betfred-vs-10bet-south-africa-2026.html,/about.html,About
blog/betfred-vs-10bet-south-africa-2026.html,/editorial-policy.html,Editorial Policy
blog/betfred-vs-10bet-south-africa-2026.html,/responsible-gambling.html,Responsible Gambling
blog/betfred-vs-betway-south-africa-2026.html,/,BetSorted
blog/betfred-vs-betway-south-africa-2026.html,/#comparison,Compare
blog/betfred-vs-betway-south-africa-2026.html,/bookmakers/,Bookmakers
blog/betfred-vs-betway-south-africa-2026.html,/glossary.html,Glossary
blog/betfred-vs-betway-south-africa-2026.html,/calculators.html,Calculators
blog/betfred-vs-betway-south-africa-2026.html,/blog/,Blog
blog/betfred-vs-betway-south-africa-2026.html,/psl-match-centre.html,⚽ PSL Live
blog/betfred-vs-betway-south-africa-2026.html,/prediction-markets.html,💰 Smart Money
blog/betfred-vs-betway-south-africa-2026.html,/,Home
blog/betfred-vs-betway-south-africa-2026.html,/blog/,Blog
blog/betfred-vs-betway-south-africa-2026.html,/blog/,← Back to Blog
blog/betfred-vs-betway-south-africa-2026.html,/blog/betfred-review-south-africa-2026.html,Betfred
blog/betfred-vs-betway-south-africa-2026.html,/blog/betway-review-south-africa-2026.html,Betway
blog/betfred-vs-betway-south-africa-2026.html,/betting-calculator.html,betting calculator
blog/betfred-vs-betway-south-africa-2026.html,/accumulator-calculator.html,accumulator calculator
blog/betfred-vs-betway-south-africa-2026.html,/blog/betway-vs-hollywoodbets.html,Hollywoodbets when it comes to SA horse racing
blog/betfred-vs-betway-south-africa-2026.html,/blog/hollywoodbets-review-south-africa-2026.html,Hollywoodbets
blog/betfred-vs-betway-south-africa-2026.html,/arbitrage-calculator.html,arbitrage calculator
blog/betfred-vs-betway-south-africa-2026.html,/blog/betfred-review-south-africa-2026.html,Betfred South Africa review
blog/betfred-vs-betway-south-africa-2026.html,/blog/betway-review-south-africa-2026.html,Betway South Africa review
blog/betfred-vs-betway-south-africa-2026.html,/odds-comparison.html,odds comparison page
blog/betfred-vs-betway-south-africa-2026.html,/blog/best-betway-alternatives-south-africa-june-2026.html,Best Betway Alternatives for South African Bettors (June 2026)
blog/betfred-vs-betway-south-africa-2026.html,/blog/betfred-vs-10bet-south-africa-2026.html,Betfred vs 10bet South Africa 2026: International Bookmaker Showdown
blog/betfred-vs-betway-south-africa-2026.html,/blog/category-bookmaker-comparisons.html,Bookmaker Comparisons
blog/betfred-vs-betway-south-africa-2026.html,/blog/gbets-vs-10bet-south-africa-2026.html,Gbets vs 10bet South Africa 2026 — Which Bookmaker Wins?
blog/betfred-vs-betway-south-africa-2026.html,/responsible-gambling.html,responsible gambling page
blog/betfred-vs-betway-south-africa-2026.html,/blog/,← Back to Blog
blog/betfred-vs-betway-south-africa-2026.html,/about.html,About
blog/betfred-vs-betway-south-africa-2026.html,/editorial-policy.html,Editorial Policy
blog/betfred-vs-betway-south-africa-2026.html,/responsible-gambling.html,Responsible Gambling
blog/betfred-vs-betway-south-africa-2026.html,/privacy.html,Privacy
blog/betfred-vs-betway-south-africa-2026.html,/contact.html,Contact
blog/betfred-vs-betway-south-africa-2026.html,/blog/,Blog
blog/betfred-vs-betway-south-africa-2026.html,/blog/category-bookmaker-comparisons.html,Bookmaker Comparisons
blog/betfred-vs-hollywoodbets-south-africa-2026.html,/,BetSorted
blog/betfred-vs-hollywoodbets-south-africa-2026.html,/#comparison,Compare
blog/betfred-vs-hollywoodbets-south-africa-2026.html,/bookmakers/,Bookmakers
blog/betfred-vs-hollywoodbets-south-africa-2026.html,/glossary.html,Glossary
blog/betfred-vs-hollywoodbets-south-africa-2026.html,/calculators.html,Calculators
blog/betfred-vs-hollywoodbets-south-africa-2026.html,/blog/,Blog
blog/betfred-vs-hollywoodbets-south-africa-2026.html,/psl-match-centre.html,⚽ PSL Live
blog/betfred-vs-hollywoodbets-south-africa-2026.html,/prediction-markets.html,💰 Smart Money
blog/betfred-vs-hollywoodbets-south-africa-2026.html,/,Home
blog/betfred-vs-hollywoodbets-south-africa-2026.html,/blog/,Blog
blog/betfred-vs-hollywoodbets-south-africa-2026.html,/blog/,← Back to Blog
blog/betfred-vs-hollywoodbets-south-africa-2026.html,/blog/betfred-review-south-africa-2026.html,Betfred
blog/betfred-vs-hollywoodbets-south-africa-2026.html,/blog/hollywoodbets-review-south-africa-2026.html,Hollywoodbets
blog/betfred-vs-hollywoodbets-south-africa-2026.html,/betting-calculator.html,betting calculator
blog/betfred-vs-hollywoodbets-south-africa-2026.html,/blog/betway-review-south-africa-2026.html,Betway
blog/betfred-vs-hollywoodbets-south-africa-2026.html,/blog/how-to-withdraw-betting-sites-south-africa-2026.html,withdrawal guide for all SA bookmakers
blog/betfred-vs-hollywoodbets-south-africa-2026.html,/blog/betfred-review-south-africa-2026.html,Betfred review
blog/betfred-vs-hollywoodbets-south-africa-2026.html,/blog/hollywoodbets-review-south-africa-2026.html,Hollywoodbets review
blog/betfred-vs-hollywoodbets-south-africa-2026.html,/odds-comparison.html,odds comparison page
blog/betfred-vs-hollywoodbets-south-africa-2026.html,/blog/betway-review-south-africa-2026.html,Betway
blog/betfred-vs-hollywoodbets-south-africa-2026.html,/blog/best-betway-alternatives-south-africa-june-2026.html,Best Betway Alternatives for South African Bettors (June 2026)
blog/betfred-vs-hollywoodbets-south-africa-2026.html,/blog/betfred-vs-10bet-south-africa-2026.html,Betfred vs 10bet South Africa 2026: International Bookmaker Showdown
blog/betfred-vs-hollywoodbets-south-africa-2026.html,/blog/category-bookmaker-comparisons.html,Bookmaker Comparisons
blog/betfred-vs-hollywoodbets-south-africa-2026.html,/blog/gbets-vs-10bet-south-africa-2026.html,Gbets vs 10bet South Africa 2026 — Which Bookmaker Wins?
blog/betfred-vs-hollywoodbets-south-africa-2026.html,/blog/,← Back to Blog
blog/betfred-vs-hollywoodbets-south-africa-2026.html,/about.html,About
blog/betfred-vs-hollywoodbets-south-africa-2026.html,/editorial-policy.html,Editorial Policy
blog/betfred-vs-hollywoodbets-south-africa-2026.html,/responsible-gambling.html,Responsible Gambling
blog/betfred-vs-hollywoodbets-south-africa-2026.html,/privacy.html,Privacy
blog/betfred-vs-hollywoodbets-south-africa-2026.html,/contact.html,Contact
blog/betfred-vs-hollywoodbets-south-africa-2026.html,/blog/,Blog
blog/betfred-vs-hollywoodbets-south-africa-2026.html,/blog/category-bookmaker-comparisons.html,Bookmaker Comparisons
blog/betfred-vs-sportingbet-south-africa-2026.html,/,BetSorted
blog/betfred-vs-sportingbet-south-africa-2026.html,/#comparison,Compare
blog/betfred-vs-sportingbet-south-africa-2026.html,/bookmakers/,Bookmakers
blog/betfred-vs-sportingbet-south-africa-2026.html,/glossary.html,Glossary
blog/betfred-vs-sportingbet-south-africa-2026.html,/calculators.html,Calculators
blog/betfred-vs-sportingbet-south-africa-2026.html,/blog/,Blog
blog/betfred-vs-sportingbet-south-africa-2026.html,/psl-match-centre.html,⚽ PSL Live
blog/betfred-vs-sportingbet-south-africa-2026.html,/prediction-markets.html,💰 Smart Money
blog/betfred-vs-sportingbet-south-africa-2026.html,/,Home
blog/betfred-vs-sportingbet-south-africa-2026.html,/blog/,Blog
blog/betfred-vs-sportingbet-south-africa-2026.html,/blog/,← Back to Blog
blog/betfred-vs-sportingbet-south-africa-2026.html,/odds-comparison.html,compare odds
blog/betfred-vs-sportingbet-south-africa-2026.html,/betting-calculator.html,betting calculator
blog/betfred-vs-sportingbet-south-africa-2026.html,/blog/betfred-review-south-africa-2026.html,Betfred review
blog/betfred-vs-sportingbet-south-africa-2026.html,/blog/sportingbet-review-south-africa-2026.html,Sportingbet review
blog/betfred-vs-sportingbet-south-africa-2026.html,/blog/betfred-review-south-africa-2026.html,Betfred South Africa review
blog/betfred-vs-sportingbet-south-africa-2026.html,/blog/sportingbet-review-south-africa-2026.html,Sportingbet South Africa review
blog/betfred-vs-sportingbet-south-africa-2026.html,/odds-comparison.html,odds comparison tool
blog/betfred-vs-sportingbet-south-africa-2026.html,/odds-comparison.html,odds comparison page
blog/betfred-vs-sportingbet-south-africa-2026.html,/blog/betfred-review-south-africa-2026.html,Betfred South Africa Review 2026
blog/betfred-vs-sportingbet-south-africa-2026.html,/blog/sportingbet-review-south-africa-2026.html,Sportingbet South Africa Review 2026
blog/betfred-vs-sportingbet-south-africa-2026.html,/blog/betfred-vs-hollywoodbets-south-africa-2026.html,Betfred vs Hollywoodbets South Africa 2026
blog/betfred-vs-sportingbet-south-africa-2026.html,/bookmakers/,All SA Bookmakers Compared
blog/betfred-vs-sportingbet-south-africa-2026.html,/odds-comparison.html,Live Odds Comparison Tool
blog/betfred-vs-sportingbet-south-africa-2026.html,/betting-calculator.html,Betting Calculator
blog/betfred-vs-sportingbet-south-africa-2026.html,/about.html,About
blog/betfred-vs-sportingbet-south-africa-2026.html,/editorial-policy.html,Editorial Policy
blog/betfred-vs-sportingbet-south-africa-2026.html,/responsible-gambling.html,Responsible Gambling
blog/betfred-vs-sportingbet-south-africa-2026.html,/privacy.html,Privacy
blog/betfred-vs-sportingbet-south-africa-2026.html,/contact.html,Contact
blog/betfred-vs-sportingbet-south-africa-2026.html,/blog/,Blog
blog/betfred-vs-sportingbet-south-africa-2026.html,/blog/category-bookmaker-comparisons.html,Bookmaker Comparisons
blog/betmaster-review-south-africa-2026.html,/,BetSorted
blog/betmaster-review-south-africa-2026.html,/#comparison,Compare
blog/betmaster-review-south-africa-2026.html,/bookmakers/,Bookmakers
blog/betmaster-review-south-africa-2026.html,/glossary.html,Glossary
blog/betmaster-review-south-africa-2026.html,/calculators.html,Calculators
blog/betmaster-review-south-africa-2026.html,/blog/,Blog
blog/betmaster-review-south-africa-2026.html,/psl-match-centre.html,⚽ PSL Live
blog/betmaster-review-south-africa-2026.html,/prediction-markets.html,💰 Smart Money
blog/betmaster-review-south-africa-2026.html,/,Home
blog/betmaster-review-south-africa-2026.html,/blog/,Blog
blog/betmaster-review-south-africa-2026.html,/odds-comparison.html,live odds comparison tool
blog/betmaster-review-south-africa-2026.html,/blog/betway-review-south-africa-2026.html,Betway
blog/betmaster-review-south-africa-2026.html,/blog/best-betting-bonuses-south-africa-2026.html,best betting bonuses 2026 guide
blog/betmaster-review-south-africa-2026.html,/blog/best-betting-sites-beginners-south-africa-2026.html,best sites for beginners
blog/betmaster-review-south-africa-2026.html,/blog/best-betting-bonuses-south-africa-2026.html,← Best SA Betting Bonuses
blog/betmaster-review-south-africa-2026.html,/blog/betway-review-south-africa-2026.html,Betway Review →
blog/betmaster-review-south-africa-2026.html,/blog/category-bookmaker-reviews.html,Bookmaker Reviews
blog/betmaster-review-south-africa-2026.html,/blog/lottostar-review-south-africa-2026.html,"LottoStar Review South Africa (2026): Lucky Numbers, Virtual Games & Sports Betting"
blog/betmaster-review-south-africa-2026.html,/blog/new-betting-sites-south-africa-april-2026.html,New Betting Sites South Africa April 2026 — Latest Bookmakers Reviewed
blog/betmaster-review-south-africa-2026.html,/blog/yesplay-review-south-africa-2026.html,"YesPlay Review South Africa (2026): Sports, Casino & Lucky Numbers"
blog/betmaster-review-south-africa-2026.html,/about.html,About
blog/betmaster-review-south-africa-2026.html,/contact.html,Contact
blog/betmaster-review-south-africa-2026.html,/responsible-gambling.html,Responsible Gambling
blog/betmaster-review-south-africa-2026.html,/about.html,About
blog/betmaster-review-south-africa-2026.html,/editorial-policy.html,Editorial Policy
blog/betmaster-review-south-africa-2026.html,/responsible-gambling.html,Responsible Gambling
blog/betmaster-review-south-africa-2026.html,/privacy.html,Privacy
blog/betmaster-review-south-africa-2026.html,/contact.html,Contact
blog/betmaster-review-south-africa-2026.html,/blog/,Blog
blog/betmaster-review-south-africa-2026.html,/blog/category-bookmaker-comparisons.html,Bookmaker Comparisons
blog/betmaster-vs-betway-south-africa-2026.html,/,BetSorted
blog/betmaster-vs-betway-south-africa-2026.html,/#comparison,Compare
blog/betmaster-vs-betway-south-africa-2026.html,/bookmakers/,Bookmakers
blog/betmaster-vs-betway-south-africa-2026.html,/glossary.html,Glossary
blog/betmaster-vs-betway-south-africa-2026.html,/calculators.html,Calculators
blog/betmaster-vs-betway-south-africa-2026.html,/blog/,Blog
blog/betmaster-vs-betway-south-africa-2026.html,/psl-match-centre.html,⚽ PSL Live
blog/betmaster-vs-betway-south-africa-2026.html,/prediction-markets.html,💰 Smart Money
blog/betmaster-vs-betway-south-africa-2026.html,/,Home
blog/betmaster-vs-betway-south-africa-2026.html,/blog/,Blog
blog/betmaster-vs-betway-south-africa-2026.html,/,⚽ BetSorted
blog/betmaster-vs-betway-south-africa-2026.html,/blog/,Blog
blog/betmaster-vs-betway-south-africa-2026.html,/blog/betway-review-south-africa-2026.html,Betway
blog/betmaster-vs-betway-south-africa-2026.html,/odds-comparison.html,BetSorted's odds comparison tool
blog/betmaster-vs-betway-south-africa-2026.html,/odds-comparison.html,BetSorted odds comparison tool
blog/betmaster-vs-betway-south-africa-2026.html,/odds-comparison.html,BetSorted Odds Comparison →
blog/betmaster-vs-betway-south-africa-2026.html,/blog/best-betting-sites-beginners-south-africa-2026.html,Best Betting Sites in South Africa (Full List)
blog/betmaster-vs-betway-south-africa-2026.html,/blog/fastest-paying-bookmakers-south-africa-2026.html,Fastest Paying Bookmakers in South Africa
blog/betmaster-vs-betway-south-africa-2026.html,/blog/best-betway-alternatives-south-africa-june-2026.html,Best Betway Alternatives for South African Bettors (June 2026)
blog/betmaster-vs-betway-south-africa-2026.html,/blog/betfred-vs-10bet-south-africa-2026.html,Betfred vs 10bet South Africa 2026: International Bookmaker Showdown
blog/betmaster-vs-betway-south-africa-2026.html,/blog/category-bookmaker-comparisons.html,Bookmaker Comparisons
blog/betmaster-vs-betway-south-africa-2026.html,/blog/gbets-vs-10bet-south-africa-2026.html,Gbets vs 10bet South Africa 2026 — Which Bookmaker Wins?
blog/betmaster-vs-betway-south-africa-2026.html,/about.html,About
blog/betmaster-vs-betway-south-africa-2026.html,/editorial-policy.html,Editorial Policy
blog/betmaster-vs-betway-south-africa-2026.html,/responsible-gambling.html,Responsible Gambling
blog/betmaster-vs-betway-south-africa-2026.html,/privacy.html,Privacy
blog/betmaster-vs-betway-south-africa-2026.html,/contact.html,Contact
blog/betmaster-vs-betway-south-africa-2026.html,/blog/,Blog
blog/betmaster-vs-betway-south-africa-2026.html,/blog/category-bookmaker-comparisons.html,Bookmaker Comparisons
blog/betmaster-vs-betway-south-africa-2026.html,/,Home
blog/betmaster-vs-betway-south-africa-2026.html,/blog/,Blog
blog/betmaster-vs-betway-south-africa-2026.html,/calculators.html,Calculators
blog/betmaster-vs-sunbet-south-africa-2026.html,/,BetSorted
blog/betmaster-vs-sunbet-south-africa-2026.html,/#comparison,Compare
blog/betmaster-vs-sunbet-south-africa-2026.html,/bookmakers/,Bookmakers
blog/betmaster-vs-sunbet-south-africa-2026.html,/glossary.html,Glossary
blog/betmaster-vs-sunbet-south-africa-2026.html,/calculators.html,Calculators
blog/betmaster-vs-sunbet-south-africa-2026.html,/blog/,Blog
blog/betmaster-vs-sunbet-south-africa-2026.html,/psl-match-centre.html,⚽ PSL Live
blog/betmaster-vs-sunbet-south-africa-2026.html,/prediction-markets.html,💰 Smart Money
blog/betmaster-vs-sunbet-south-africa-2026.html,/,Home
blog/betmaster-vs-sunbet-south-africa-2026.html,/blog/,Blog
blog/betmaster-vs-sunbet-south-africa-2026.html,/blog/sunbet-review-south-africa-2026.html,Sunbet
blog/betmaster-vs-sunbet-south-africa-2026.html,/accumulator-calculator.html,Accumulator calculator
blog/betmaster-vs-sunbet-south-africa-2026.html,/betting-calculator.html,Betting calculator
blog/betmaster-vs-sunbet-south-africa-2026.html,/accumulator-calculator.html,BetSorted accumulator calculator
blog/betmaster-vs-sunbet-south-africa-2026.html,/blog/rugby-handicap-calculator-south-africa-2026.html,rugby handicap calculator guide
blog/betmaster-vs-sunbet-south-africa-2026.html,/betting-calculator.html,betting calculator
blog/betmaster-vs-sunbet-south-africa-2026.html,/value-bet-calculator.html,value bet calculator
blog/betmaster-vs-sunbet-south-africa-2026.html,/calculators.html,calculator hub
blog/betmaster-vs-sunbet-south-africa-2026.html,/accumulator-calculator.html,accumulator calculator
blog/betmaster-vs-sunbet-south-africa-2026.html,/betting-calculator.html,betting calculator
blog/betmaster-vs-sunbet-south-africa-2026.html,/blog/best-betway-alternatives-south-africa-june-2026.html,Best Betway Alternatives for South African Bettors (June 2026)
blog/betmaster-vs-sunbet-south-africa-2026.html,/blog/betfred-vs-10bet-south-africa-2026.html,Betfred vs 10bet South Africa 2026: International Bookmaker Showdown
blog/betmaster-vs-sunbet-south-africa-2026.html,/blog/category-bookmaker-comparisons.html,Bookmaker Comparisons
blog/betmaster-vs-sunbet-south-africa-2026.html,/blog/gbets-vs-10bet-south-africa-2026.html,Gbets vs 10bet South Africa 2026 — Which Bookmaker Wins?
blog/betmaster-vs-sunbet-south-africa-2026.html,/responsible-gambling.html,Responsible gambling
blog/betmaster-vs-sunbet-south-africa-2026.html,/editorial-policy.html,Editorial policy
blog/betolimp-review-south-africa-2026.html,/,BetSorted
blog/betolimp-review-south-africa-2026.html,/#comparison,Compare
blog/betolimp-review-south-africa-2026.html,/bookmakers/,Bookmakers
blog/betolimp-review-south-africa-2026.html,/glossary.html,Glossary
blog/betolimp-review-south-africa-2026.html,/calculators.html,Calculators
blog/betolimp-review-south-africa-2026.html,/blog/,Blog
blog/betolimp-review-south-africa-2026.html,/psl-match-centre.html,⚽ PSL Live
blog/betolimp-review-south-africa-2026.html,/prediction-markets.html,💰 Smart Money
blog/betolimp-review-south-africa-2026.html,/,Home
blog/betolimp-review-south-africa-2026.html,/blog/,Blog
blog/betolimp-review-south-africa-2026.html,/odds-converter.html,BetSorted odds converter
blog/betolimp-review-south-africa-2026.html,/blog/psl-title-race-betting-guide.html,fastest paying betting sites guide
blog/betolimp-review-south-africa-2026.html,/value-bet-calculator.html,value bet calculator
blog/betolimp-review-south-africa-2026.html,/accumulator-calculator.html,accumulator calculator
blog/betolimp-review-south-africa-2026.html,/best-odds-finder.html,best odds finder
blog/betolimp-review-south-africa-2026.html,/odds-converter.html,odds converter
blog/betolimp-review-south-africa-2026.html,/bankroll-tracker.html,bankroll tracker
blog/betolimp-review-south-africa-2026.html,/bookmakers/betolimp-login.html,BetOlimp Login South Africa
blog/betolimp-review-south-africa-2026.html,/bookmakers/betolimp-app.html,BetOlimp App Download South Africa
blog/betolimp-review-south-africa-2026.html,/blog/psl-title-race-betting-guide.html,Fastest Paying Betting Sites South Africa
blog/betolimp-review-south-africa-2026.html,/blog/best-betting-sites-beginners-south-africa-2026.html,Best Betting Sites South Africa
blog/betolimp-review-south-africa-2026.html,/blog/betway-vs-supabets-south-africa-2026.html,Betway vs Supabets South Africa
blog/betolimp-review-south-africa-2026.html,/blog/hollywoodbets-review-south-africa-2026.html,Hollywoodbets Review South Africa
blog/betolimp-review-south-africa-2026.html,/blog/how-to-open-betting-account-south-africa-2026.html,How to Open a Betting Account in South Africa
blog/betolimp-review-south-africa-2026.html,/blog/betmaster-review-south-africa-2026.html,Betmaster Review South Africa 2026 — Is It Worth Signing Up?
blog/betolimp-review-south-africa-2026.html,/blog/category-bookmaker-reviews.html,Bookmaker Reviews
blog/betolimp-review-south-africa-2026.html,/blog/lottostar-review-south-africa-2026.html,"LottoStar Review South Africa (2026): Lucky Numbers, Virtual Games & Sports Betting"
blog/betolimp-review-south-africa-2026.html,/blog/new-betting-sites-south-africa-april-2026.html,New Betting Sites South Africa April 2026 — Latest Bookmakers Reviewed
blog/betshezi-review-south-africa-2026.html,/,BetSorted
blog/betshezi-review-south-africa-2026.html,/#comparison,Compare
blog/betshezi-review-south-africa-2026.html,/bookmakers/,Bookmakers
blog/betshezi-review-south-africa-2026.html,/glossary.html,Glossary
blog/betshezi-review-south-africa-2026.html,/calculators.html,Calculators
blog/betshezi-review-south-africa-2026.html,/blog/,Blog
blog/betshezi-review-south-africa-2026.html,/psl-match-centre.html,⚽ PSL Live
blog/betshezi-review-south-africa-2026.html,/prediction-markets.html,💰 Smart Money
blog/betshezi-review-south-africa-2026.html,/,Home
blog/betshezi-review-south-africa-2026.html,/blog/,Blog
blog/betshezi-review-south-africa-2026.html,/blog/category-rugby.html,Nations Championship
blog/betshezi-review-south-africa-2026.html,/calculators.html,odds calculator
blog/betshezi-review-south-africa-2026.html,/calculators.html,betting calculators
blog/betshezi-review-south-africa-2026.html,/calculators.html,Betting Calculators →
blog/betshezi-review-south-africa-2026.html,/blog/betmaster-review-south-africa-2026.html,Betmaster Review South Africa 2026 — Is It Worth Signing Up?
blog/betshezi-review-south-africa-2026.html,/blog/category-bookmaker-reviews.html,Bookmaker Reviews
blog/betshezi-review-south-africa-2026.html,/blog/lottostar-review-south-africa-2026.html,"LottoStar Review South Africa (2026): Lucky Numbers, Virtual Games & Sports Betting"
blog/betshezi-review-south-africa-2026.html,/blog/new-betting-sites-south-africa-april-2026.html,New Betting Sites South Africa April 2026 — Latest Bookmakers Reviewed
blog/betshezi-review-south-africa-2026.html,/about.html,About
blog/betshezi-review-south-africa-2026.html,/editorial-policy.html,Editorial Policy
blog/betshezi-review-south-africa-2026.html,/responsible-gambling.html,Responsible Gambling
blog/betshezi-review-south-africa-2026.html,/privacy.html,Privacy
blog/betshezi-review-south-africa-2026.html,/contact.html,Contact
blog/betshezi-review-south-africa-2026.html,/blog/,Blog
blog/betshezi-review-south-africa-2026.html,/blog/category-bookmaker-comparisons.html,Bookmaker Comparisons
blog/betshezi-vs-betway-south-africa-2026.html,/,BetSorted
blog/betshezi-vs-betway-south-africa-2026.html,/#comparison,Compare
blog/betshezi-vs-betway-south-africa-2026.html,/bookmakers/,Bookmakers
blog/betshezi-vs-betway-south-africa-2026.html,/glossary.html,Glossary
blog/betshezi-vs-betway-south-africa-2026.html,/calculators.html,Calculators
blog/betshezi-vs-betway-south-africa-2026.html,/blog/,Blog
blog/betshezi-vs-betway-south-africa-2026.html,/psl-match-centre.html,⚽ PSL Live
blog/betshezi-vs-betway-south-africa-2026.html,/prediction-markets.html,💰 Smart Money
blog/betshezi-vs-betway-south-africa-2026.html,/,Home
blog/betshezi-vs-betway-south-africa-2026.html,/blog/,Blog
blog/betshezi-vs-betway-south-africa-2026.html,/blog/betway-review-south-africa-2026.html,Betway
blog/betshezi-vs-betway-south-africa-2026.html,/odds-comparison.html,real-time PSL odds comparison tool
blog/betshezi-vs-betway-south-africa-2026.html,/bookmakers/,BetSorted Bookmaker Reviews
blog/betshezi-vs-betway-south-africa-2026.html,/betting-calculator.html,free betting calculator
blog/betshezi-vs-betway-south-africa-2026.html,/blog/betshezi-review-south-africa-2026.html,BetShezi Full Review South Africa 2026
blog/betshezi-vs-betway-south-africa-2026.html,/blog/betway-review-south-africa-2026.html,Betway Full Review South Africa 2026
blog/betshezi-vs-betway-south-africa-2026.html,/blog/betshezi-vs-hollywoodbets-south-africa-2026.html,BetShezi vs Hollywoodbets 2026
blog/betshezi-vs-betway-south-africa-2026.html,/blog/betway-vs-hollywoodbets.html,Betway vs Hollywoodbets 2026
blog/betshezi-vs-betway-south-africa-2026.html,/blog/fastest-paying-bookmakers-south-africa-2026.html,Fastest Paying Bookmakers SA 2026
blog/betshezi-vs-betway-south-africa-2026.html,/blog/best-betting-bonuses-south-africa-2026.html,Best Welcome Bonuses SA 2026
blog/betshezi-vs-betway-south-africa-2026.html,/blog/betshezi-review-south-africa-2026.html,← BetShezi Full Review
blog/betshezi-vs-betway-south-africa-2026.html,/blog/,All Articles
blog/betshezi-vs-betway-south-africa-2026.html,/blog/betway-review-south-africa-2026.html,Betway Full Review →
blog/betshezi-vs-betway-south-africa-2026.html,/blog/best-betway-alternatives-south-africa-june-2026.html,Best Betway Alternatives for South African Bettors (June 2026)
blog/betshezi-vs-betway-south-africa-2026.html,/blog/betfred-vs-10bet-south-africa-2026.html,Betfred vs 10bet South Africa 2026: International Bookmaker Showdown
blog/betshezi-vs-betway-south-africa-2026.html,/blog/category-bookmaker-comparisons.html,Bookmaker Comparisons
blog/betshezi-vs-betway-south-africa-2026.html,/blog/gbets-vs-10bet-south-africa-2026.html,Gbets vs 10bet South Africa 2026 — Which Bookmaker Wins?
blog/betshezi-vs-betway-south-africa-2026.html,/responsible-gambling.html,Gamble Responsibly
blog/betshezi-vs-betway-south-africa-2026.html,/about.html,About
blog/betshezi-vs-betway-south-africa-2026.html,/editorial-policy.html,Editorial Policy
blog/betshezi-vs-betway-south-africa-2026.html,/responsible-gambling.html,Responsible Gambling
blog/betshezi-vs-betway-south-africa-2026.html,/privacy.html,Privacy
blog/betshezi-vs-betway-south-africa-2026.html,/contact.html,Contact
blog/betshezi-vs-betway-south-africa-2026.html,/blog/,Blog
blog/betshezi-vs-betway-south-africa-2026.html,/blog/category-bookmaker-comparisons.html,Bookmaker Comparisons
blog/betshezi-vs-hollywoodbets-south-africa-2026.html,/,BetSorted
blog/betshezi-vs-hollywoodbets-south-africa-2026.html,/#comparison,Compare
blog/betshezi-vs-hollywoodbets-south-africa-2026.html,/bookmakers/,Bookmakers
blog/betshezi-vs-hollywoodbets-south-africa-2026.html,/glossary.html,Glossary
blog/betshezi-vs-hollywoodbets-south-africa-2026.html,/calculators.html,Calculators
blog/betshezi-vs-hollywoodbets-south-africa-2026.html,/blog/,Blog
blog/betshezi-vs-hollywoodbets-south-africa-2026.html,/psl-match-centre.html,⚽ PSL Live
blog/betshezi-vs-hollywoodbets-south-africa-2026.html,/prediction-markets.html,💰 Smart Money
blog/betshezi-vs-hollywoodbets-south-africa-2026.html,/,Home
blog/betshezi-vs-hollywoodbets-south-africa-2026.html,/blog/,Blog
blog/betshezi-vs-hollywoodbets-south-africa-2026.html,/blog/hollywoodbets-review-south-africa-2026.html,Hollywoodbets
blog/betshezi-vs-hollywoodbets-south-africa-2026.html,/blog/betshezi-review-south-africa-2026.html,Betshezi
blog/betshezi-vs-hollywoodbets-south-africa-2026.html,/blog/best-betting-bonuses-south-africa-2026.html,best betting bonuses guide
blog/betshezi-vs-hollywoodbets-south-africa-2026.html,/psl-match-centre.html,PSL Match Centre
blog/betshezi-vs-hollywoodbets-south-africa-2026.html,/blog/data-free-betting-apps-south-africa-2026.html,data-free access on all major networks
blog/betshezi-vs-hollywoodbets-south-africa-2026.html,/bookmakers/,bookmaker reviews
blog/betshezi-vs-hollywoodbets-south-africa-2026.html,/blog/betway-review-south-africa-2026.html,Betway
blog/betshezi-vs-hollywoodbets-south-africa-2026.html,/blog/best-betting-bonuses-south-africa-2026.html,best betting bonuses
blog/betshezi-vs-hollywoodbets-south-africa-2026.html,/calculators.html,betting calculators
blog/betshezi-vs-hollywoodbets-south-africa-2026.html,/bookmakers/,South African bookmaker reviews
blog/betshezi-vs-hollywoodbets-south-africa-2026.html,/blog/hollywoodbets-review-south-africa-2026.html,Hollywoodbets review
blog/betshezi-vs-hollywoodbets-south-africa-2026.html,/blog/betshezi-review-south-africa-2026.html,Betshezi review
blog/betshezi-vs-hollywoodbets-south-africa-2026.html,/blog/hollywoodbets-review-south-africa-2026.html,Hollywoodbets Review South Africa 2026 — Full Breakdown
blog/betshezi-vs-hollywoodbets-south-africa-2026.html,/blog/betshezi-review-south-africa-2026.html,Betshezi Review South Africa 2026 — Full Sportsbook Breakdown
blog/betshezi-vs-hollywoodbets-south-africa-2026.html,/blog/best-betting-bonuses-south-africa-2026.html,Best Betting Bonuses in South Africa 2026
blog/betshezi-vs-hollywoodbets-south-africa-2026.html,/blog/data-free-betting-apps-south-africa-2026.html,Data-Free Betting Apps South Africa 2026
blog/betshezi-vs-hollywoodbets-south-africa-2026.html,/blog/best-betting-sites-beginners-south-africa-2026.html,Best Betting Sites for Beginners in South Africa 2026
blog/betshezi-vs-hollywoodbets-south-africa-2026.html,/blog/betshezi-review-south-africa-2026.html,← Betshezi Full Review
blog/betshezi-vs-hollywoodbets-south-africa-2026.html,/blog/,All Articles
blog/betshezi-vs-hollywoodbets-south-africa-2026.html,/blog/hollywoodbets-review-south-africa-2026.html,Hollywoodbets Full Review →
blog/betshezi-vs-hollywoodbets-south-africa-2026.html,/blog/best-betway-alternatives-south-africa-june-2026.html,Best Betway Alternatives for South African Bettors (June 2026)
blog/betshezi-vs-hollywoodbets-south-africa-2026.html,/blog/betfred-vs-10bet-south-africa-2026.html,Betfred vs 10bet South Africa 2026: International Bookmaker Showdown
blog/betshezi-vs-hollywoodbets-south-africa-2026.html,/blog/category-bookmaker-comparisons.html,Bookmaker Comparisons
blog/betshezi-vs-hollywoodbets-south-africa-2026.html,/blog/gbets-vs-10bet-south-africa-2026.html,Gbets vs 10bet South Africa 2026 — Which Bookmaker Wins?
blog/betshezi-vs-hollywoodbets-south-africa-2026.html,/responsible-gambling.html,Gamble Responsibly
blog/betshezi-vs-hollywoodbets-south-africa-2026.html,/about.html,About
blog/betshezi-vs-hollywoodbets-south-africa-2026.html,/editorial-policy.html,Editorial Policy
blog/betshezi-vs-hollywoodbets-south-africa-2026.html,/responsible-gambling.html,Responsible Gambling
blog/betshezi-vs-hollywoodbets-south-africa-2026.html,/privacy.html,Privacy
blog/betshezi-vs-hollywoodbets-south-africa-2026.html,/contact.html,Contact
blog/betshezi-vs-hollywoodbets-south-africa-2026.html,/blog/,Blog
blog/betshezi-vs-hollywoodbets-south-africa-2026.html,/blog/category-bookmaker-comparisons.html,Bookmaker Comparisons
blog/betshezi-vs-supabets-mobile-betting-south-africa-2026.html,/,BetSorted
blog/betshezi-vs-supabets-mobile-betting-south-africa-2026.html,/#comparison,Compare
blog/betshezi-vs-supabets-mobile-betting-south-africa-2026.html,/bookmakers/,Bookmakers
blog/betshezi-vs-supabets-mobile-betting-south-africa-2026.html,/glossary.html,Glossary
blog/betshezi-vs-supabets-mobile-betting-south-africa-2026.html,/calculators.html,Calculators
blog/betshezi-vs-supabets-mobile-betting-south-africa-2026.html,/blog/,Blog
blog/betshezi-vs-supabets-mobile-betting-south-africa-2026.html,/psl-match-centre.html,⚽ PSL Live
blog/betshezi-vs-supabets-mobile-betting-south-africa-2026.html,/prediction-markets.html,💰 Smart Money
blog/betshezi-vs-supabets-mobile-betting-south-africa-2026.html,/,Home
blog/betshezi-vs-supabets-mobile-betting-south-africa-2026.html,/blog/,Blog
blog/betshezi-vs-supabets-mobile-betting-south-africa-2026.html,/blog/,← Back to Blog
blog/betshezi-vs-supabets-mobile-betting-south-africa-2026.html,/blog/supabets-review-south-africa-2026.html,SupaBets
blog/betshezi-vs-supabets-mobile-betting-south-africa-2026.html,/odds-comparison.html,odds comparison page
blog/betshezi-vs-supabets-mobile-betting-south-africa-2026.html,/accumulator-calculator.html,accumulator calculator
blog/betshezi-vs-supabets-mobile-betting-south-africa-2026.html,/odds-comparison.html,live odds comparison tool
blog/betshezi-vs-supabets-mobile-betting-south-africa-2026.html,/bookmakers/,bookmaker reviews
blog/betshezi-vs-supabets-mobile-betting-south-africa-2026.html,/betting-calculator.html,betting calculator
blog/betshezi-vs-supabets-mobile-betting-south-africa-2026.html,/blog/best-betway-alternatives-south-africa-june-2026.html,Best Betway Alternatives for South African Bettors (June 2026)
blog/betshezi-vs-supabets-mobile-betting-south-africa-2026.html,/blog/betfred-vs-10bet-south-africa-2026.html,Betfred vs 10bet South Africa 2026: International Bookmaker Showdown
blog/betshezi-vs-supabets-mobile-betting-south-africa-2026.html,/blog/category-bookmaker-comparisons.html,Bookmaker Comparisons
blog/betshezi-vs-supabets-mobile-betting-south-africa-2026.html,/blog/gbets-vs-10bet-south-africa-2026.html,Gbets vs 10bet South Africa 2026 — Which Bookmaker Wins?
blog/betshezi-vs-supabets-mobile-betting-south-africa-2026.html,/about.html,About
blog/betshezi-vs-supabets-mobile-betting-south-africa-2026.html,/editorial-policy.html,Editorial Policy
blog/betshezi-vs-supabets-mobile-betting-south-africa-2026.html,/responsible-gambling.html,Responsible Gambling
blog/betshezi-vs-supabets-mobile-betting-south-africa-2026.html,/privacy.html,Privacy
blog/betshezi-vs-supabets-mobile-betting-south-africa-2026.html,/contact.html,Contact
blog/betshezi-vs-supabets-mobile-betting-south-africa-2026.html,/blog/,Blog
blog/betshezi-vs-supabets-mobile-betting-south-africa-2026.html,/blog/category-bookmaker-comparisons.html,Bookmaker Comparisons
blog/betshezi-vs-supabets-mobile-betting-south-africa-2026.html,/bookmakers/,Bookmaker Reviews
blog/betshezi-vs-supabets-mobile-betting-south-africa-2026.html,/calculators.html,Betting Calculators
blog/betshezi-vs-supabets-mobile-betting-south-africa-2026.html,/glossary.html,Betting Glossary
blog/betshezi-vs-supabets-mobile-betting-south-africa-2026.html,/blog/,Betting Blog
blog/betting-tax-south-africa-2026.html,/,BetSorted
blog/betting-tax-south-africa-2026.html,/#comparison,Compare
blog/betting-tax-south-africa-2026.html,/bookmakers/,Bookmakers
blog/betting-tax-south-africa-2026.html,/glossary.html,Glossary
blog/betting-tax-south-africa-2026.html,/calculators.html,Calculators
blog/betting-tax-south-africa-2026.html,/blog/,Blog
blog/betting-tax-south-africa-2026.html,/psl-match-centre.html,⚽ PSL Live
blog/betting-tax-south-africa-2026.html,/prediction-markets.html,💰 Smart Money
blog/betting-tax-south-africa-2026.html,/,Home
blog/betting-tax-south-africa-2026.html,/blog/,Blog
blog/betting-tax-south-africa-2026.html,/,Home
blog/betting-tax-south-africa-2026.html,/blog/,Blog
blog/betting-tax-south-africa-2026.html,/#comparison,Compare Bookmakers →
blog/betting-tax-south-africa-2026.html,/blog/category-payments-fica.html,Payments &amp; FICA
blog/betting-tax-south-africa-2026.html,/blog/fastest-paying-bookmakers-south-africa-may-2026.html,Fastest Paying Bookmakers in South Africa: May 2026 Withdrawal Guide
blog/betting-tax-south-africa-2026.html,/blog/fica-verification-guide-south-africa-2026.html,How to FICA Verify Your Betting Account in South Africa (2026 Guide)
blog/betting-tax-south-africa-2026.html,/blog/withdrawal-times-south-africa-bookmakers-2026.html,Bookmaker Withdrawal Times South Africa 2026 — How Long Does It Really Take?
blog/betting-tax-south-africa-2026.html,/about.html,About
blog/betting-tax-south-africa-2026.html,/editorial-policy.html,Editorial Policy
blog/betting-tax-south-africa-2026.html,/responsible-gambling.html,Responsible Gambling
blog/betting-tax-south-africa-2026.html,/privacy.html,Privacy
blog/betting-tax-south-africa-2026.html,/contact.html,Contact
blog/betting-tax-south-africa-2026.html,/blog/,Blog
blog/betting-tax-south-africa-2026.html,/blog/category-bookmaker-comparisons.html,Bookmaker Comparisons
blog/betway-premiership-2026-27-opening-weekend-betting-guide.html,/,BetSorted
blog/betway-premiership-2026-27-opening-weekend-betting-guide.html,/#comparison,Compare
blog/betway-premiership-2026-27-opening-weekend-betting-guide.html,/bookmakers/,Bookmakers
blog/betway-premiership-2026-27-opening-weekend-betting-guide.html,/glossary.html,Glossary
blog/betway-premiership-2026-27-opening-weekend-betting-guide.html,/calculators.html,Calculators
blog/betway-premiership-2026-27-opening-weekend-betting-guide.html,/blog/,Blog
blog/betway-premiership-2026-27-opening-weekend-betting-guide.html,/psl-match-centre.html,⚽ PSL Live
blog/betway-premiership-2026-27-opening-weekend-betting-guide.html,/prediction-markets.html,💰 Smart Money
blog/betway-premiership-2026-27-opening-weekend-betting-guide.html,/,Home
blog/betway-premiership-2026-27-opening-weekend-betting-guide.html,/blog/,Blog
blog/betway-premiership-2026-27-opening-weekend-betting-guide.html,/blog/,Back to Blog
blog/betway-premiership-2026-27-opening-weekend-betting-guide.html,/odds-comparison.html,odds comparison tool
blog/betway-premiership-2026-27-opening-weekend-betting-guide.html,/betting-calculator.html,betting calculator
blog/betway-premiership-2026-27-opening-weekend-betting-guide.html,/accumulator-calculator.html,accumulator calculator
blog/betway-premiership-2026-27-opening-weekend-betting-guide.html,/blog/best-psl-betting-site-2026.html,Our PSL betting site guide
blog/betway-premiership-2026-27-opening-weekend-betting-guide.html,/blog/fica-verification-guide-south-africa-2026.html,FICA verification guide
blog/betway-premiership-2026-27-opening-weekend-betting-guide.html,/blog/withdrawal-times-south-africa-bookmakers-2026.html,withdrawal times guide
blog/betway-premiership-2026-27-opening-weekend-betting-guide.html,/value-bet-calculator.html,value bet calculator
blog/betway-premiership-2026-27-opening-weekend-betting-guide.html,/odds-comparison.html,Odds Comparison
blog/betway-premiership-2026-27-opening-weekend-betting-guide.html,/betting-calculator.html,Betting Calculator
blog/betway-premiership-2026-27-opening-weekend-betting-guide.html,/accumulator-calculator.html,Accumulator Calculator
blog/betway-premiership-2026-27-opening-weekend-betting-guide.html,/value-bet-calculator.html,Value Bet Calculator
blog/betway-premiership-2026-27-opening-weekend-betting-guide.html,/blog/best-psl-betting-site-2026.html,Best PSL Betting Site South Africa 2026
blog/betway-premiership-2026-27-opening-weekend-betting-guide.html,/blog/psl-offseason-transfer-betting-guide-2026.html,PSL Offseason Transfer Betting Guide 2026
blog/betway-premiership-2026-27-opening-weekend-betting-guide.html,/blog/psl-bet-builder-guide-south-africa-2026.html,PSL Bet Builder Guide for South African Punters 2026
blog/betway-premiership-2026-27-opening-weekend-betting-guide.html,/blog/how-to-bet-on-psl-south-africa-2026.html,How to Bet on PSL in South Africa
blog/betway-premiership-2026-27-opening-weekend-betting-guide.html,/blog/category-psl.html,More PSL betting guides
blog/betway-premiership-2026-27-opening-weekend-betting-guide.html,/about.html,About
blog/betway-premiership-2026-27-opening-weekend-betting-guide.html,/editorial-policy.html,Editorial Policy
blog/betway-premiership-2026-27-opening-weekend-betting-guide.html,/responsible-gambling.html,Responsible Gambling
blog/betway-premiership-2026-27-opening-weekend-betting-guide.html,/privacy.html,Privacy
blog/betway-premiership-2026-27-opening-weekend-betting-guide.html,/contact.html,Contact
blog/betway-premiership-2026-27-opening-weekend-betting-guide.html,/blog/,Blog
blog/betway-premiership-2026-27-opening-weekend-betting-guide.html,/blog/category-bookmaker-comparisons.html,Bookmaker Comparisons
blog/betway-review-south-africa-2026.html,/,BetSorted
blog/betway-review-south-africa-2026.html,/#comparison,Compare
blog/betway-review-south-africa-2026.html,/bookmakers/,Bookmakers
blog/betway-review-south-africa-2026.html,/glossary.html,Glossary
blog/betway-review-south-africa-2026.html,/calculators.html,Calculators
blog/betway-review-south-africa-2026.html,/blog/,Blog
blog/betway-review-south-africa-2026.html,/psl-match-centre.html,⚽ PSL Live
blog/betway-review-south-africa-2026.html,/prediction-markets.html,💰 Smart Money
blog/betway-review-south-africa-2026.html,/,Home
blog/betway-review-south-africa-2026.html,/bookmakers/,Bookmakers
blog/betway-review-south-africa-2026.html,/bookmakers/betway-app.html,Betway app guide
blog/betway-review-south-africa-2026.html,/odds-comparison.html,Odds Comparison
blog/betway-review-south-africa-2026.html,/responsible-gambling.html,Responsible Gambling
blog/betway-review-south-africa-2026.html,/blog/hollywoodbets-review-south-africa-2026.html,Hollywoodbets review
blog/betway-review-south-africa-2026.html,/blog/sportingbet-review-south-africa-2026.html,Sportingbet review
blog/betway-review-south-africa-2026.html,/blog/supabets-review-south-africa-2026.html,Supabets review
blog/betway-review-south-africa-2026.html,/bookmakers/betway-login.html,Betway login guide
blog/betway-review-south-africa-2026.html,/bookmakers/betway-app.html,Betway app guide
blog/betway-review-south-africa-2026.html,/bookmakers/betway-psl-betting.html,Betway PSL betting
blog/betway-review-south-africa-2026.html,/bookmakers/betway-rugby-betting.html,Betway Rugby betting
blog/betway-review-south-africa-2026.html,/bookmakers/betway-cricket-betting.html,Betway Cricket betting
blog/betway-review-south-africa-2026.html,/withdrawal-speed-comparison.html,Withdrawal speed comparison
blog/betway-review-south-africa-2026.html,/bookmakers/,Bookmakers hub
blog/betway-review-south-africa-2026.html,/blog/best-betting-sites-beginners-south-africa-2026.html,best betting sites in South Africa
blog/betway-review-south-africa-2026.html,/odds-comparison.html,odds comparison page
blog/betway-review-south-africa-2026.html,/betting-calculator.html,betting calculator
blog/betway-review-south-africa-2026.html,/blog/best-psl-betting-site-2026.html,best PSL betting sites
blog/betway-review-south-africa-2026.html,/odds-comparison.html,odds comparison tool
blog/betway-review-south-africa-2026.html,/betting-calculator.html,betting calculator
blog/betway-review-south-africa-2026.html,/blog/instant-eft-betting-payments-south-africa.html,Instant EFT
blog/betway-review-south-africa-2026.html,/blog/ozow-betting-payments-south-africa.html,Ozow
blog/betway-review-south-africa-2026.html,/best-odds-finder.html,best odds finder
blog/betway-review-south-africa-2026.html,/blog/fastest-paying-bookmakers-south-africa-2026.html,fastest paying bookmakers in South Africa
blog/betway-review-south-africa-2026.html,/blog/betway-vs-hollywoodbets.html,Betway vs Hollywoodbets comparison
blog/betway-review-south-africa-2026.html,/blog/betway-vs-wsb-south-africa-2026.html,Betway vs WSB
blog/betway-review-south-africa-2026.html,/blog/hollywoodbets-vs-supabets-2026.html,Hollywoodbets vs Supabets
blog/betway-review-south-africa-2026.html,/blog/betway-vs-easybet-south-africa-2026.html,Betway vs Easybet comparison
blog/betway-review-south-africa-2026.html,/blog/easybet-vs-world-sports-betting-psl-2026.html,Easybet vs WSB for PSL
blog/betway-review-south-africa-2026.html,/accumulator-calculator.html,accumulator calculator
blog/betway-review-south-africa-2026.html,/betting-calculator.html,betting calculator
blog/betway-review-south-africa-2026.html,/blog/,← Back to Blog
blog/betway-vs-10bet-south-africa-2026.html,/blog/10bet-review-south-africa-2026.html,10bet
blog/betway-vs-10bet-south-africa-2026.html,/,BetSorted
blog/betway-vs-10bet-south-africa-2026.html,/#comparison,Compare
blog/betway-vs-10bet-south-africa-2026.html,/bookmakers/,Bookmakers
blog/betway-vs-10bet-south-africa-2026.html,/glossary.html,Glossary
blog/betway-vs-10bet-south-africa-2026.html,/calculators.html,Calculators
blog/betway-vs-10bet-south-africa-2026.html,/blog/,Blog
blog/betway-vs-10bet-south-africa-2026.html,/psl-match-centre.html,⚽ PSL Live
blog/betway-vs-10bet-south-africa-2026.html,/prediction-markets.html,💰 Smart Money
blog/betway-vs-10bet-south-africa-2026.html,/,Home
blog/betway-vs-10bet-south-africa-2026.html,/blog/,Blog
blog/betway-vs-10bet-south-africa-2026.html,/blog/,← Back to Blog
blog/betway-vs-10bet-south-africa-2026.html,/blog/betway-review-south-africa-2026.html,Betway
blog/betway-vs-10bet-south-africa-2026.html,/odds-comparison.html,odds comparison page
blog/betway-vs-10bet-south-africa-2026.html,/betting-calculator.html,betting calculator
blog/betway-vs-10bet-south-africa-2026.html,/odds-comparison.html,odds comparison tool
blog/betway-vs-10bet-south-africa-2026.html,/blog/hollywoodbets-review-south-africa-2026.html,Hollywoodbets
blog/betway-vs-10bet-south-africa-2026.html,/blog/hollywoodbets-vs-10bet-south-africa-2026.html,Hollywoodbets vs 10bet comparison
blog/betway-vs-10bet-south-africa-2026.html,/blog/hollywoodbets-review-south-africa-2026.html,Hollywoodbets
blog/betway-vs-10bet-south-africa-2026.html,/blog/betway-review-south-africa-2026.html,Betway review
blog/betway-vs-10bet-south-africa-2026.html,/blog/10bet-review-south-africa-2026.html,10bet review
blog/betway-vs-10bet-south-africa-2026.html,/odds-comparison.html,odds comparison tool
blog/betway-vs-10bet-south-africa-2026.html,/betting-calculator.html,betting calculator
blog/betway-vs-10bet-south-africa-2026.html,/odds-comparison.html,odds comparison page
blog/betway-vs-10bet-south-africa-2026.html,/blog/best-betway-alternatives-south-africa-june-2026.html,Best Betway Alternatives for South African Bettors (June 2026)
blog/betway-vs-10bet-south-africa-2026.html,/blog/betfred-vs-10bet-south-africa-2026.html,Betfred vs 10bet South Africa 2026: International Bookmaker Showdown
blog/betway-vs-10bet-south-africa-2026.html,/blog/category-bookmaker-comparisons.html,Bookmaker Comparisons
blog/betway-vs-10bet-south-africa-2026.html,/blog/gbets-vs-10bet-south-africa-2026.html,Gbets vs 10bet South Africa 2026 — Which Bookmaker Wins?
blog/betway-vs-10bet-south-africa-2026.html,/blog/,← Back to Blog
blog/betway-vs-10bet-south-africa-2026.html,/about.html,About
blog/betway-vs-10bet-south-africa-2026.html,/editorial-policy.html,Editorial Policy
blog/betway-vs-10bet-south-africa-2026.html,/responsible-gambling.html,Responsible Gambling
blog/betway-vs-10bet-south-africa-2026.html,/privacy.html,Privacy
blog/betway-vs-10bet-south-africa-2026.html,/contact.html,Contact
blog/betway-vs-10bet-south-africa-2026.html,/blog/,Blog
blog/betway-vs-10bet-south-africa-2026.html,/blog/category-bookmaker-comparisons.html,Bookmaker Comparisons
blog/betway-vs-10bet-world-cup-psl-june-2026.html,/,BetSorted
blog/betway-vs-10bet-world-cup-psl-june-2026.html,/#comparison,Compare
blog/betway-vs-10bet-world-cup-psl-june-2026.html,/bookmakers/,Bookmakers
blog/betway-vs-10bet-world-cup-psl-june-2026.html,/glossary.html,Glossary
blog/betway-vs-10bet-world-cup-psl-june-2026.html,/calculators.html,Calculators
blog/betway-vs-10bet-world-cup-psl-june-2026.html,/blog/,Blog
blog/betway-vs-10bet-world-cup-psl-june-2026.html,/psl-match-centre.html,⚽ PSL Live
blog/betway-vs-10bet-world-cup-psl-june-2026.html,/prediction-markets.html,💰 Smart Money
blog/betway-vs-10bet-world-cup-psl-june-2026.html,/blog/psl-title-race-betting-guide.html,Click here
blog/betway-vs-easybet-psl-rugby-cricket-guide-2026.html,/blog/easybet-review-south-africa-2026.html,Easybet
blog/betway-vs-easybet-psl-rugby-cricket-guide-2026.html,/,BetSorted
blog/betway-vs-easybet-psl-rugby-cricket-guide-2026.html,/#comparison,Compare
blog/betway-vs-easybet-psl-rugby-cricket-guide-2026.html,/bookmakers/,Bookmakers
blog/betway-vs-easybet-psl-rugby-cricket-guide-2026.html,/glossary.html,Glossary
blog/betway-vs-easybet-psl-rugby-cricket-guide-2026.html,/calculators.html,Calculators
blog/betway-vs-easybet-psl-rugby-cricket-guide-2026.html,/blog/,Blog
blog/betway-vs-easybet-psl-rugby-cricket-guide-2026.html,/psl-match-centre.html,⚽ PSL Live
blog/betway-vs-easybet-psl-rugby-cricket-guide-2026.html,/prediction-markets.html,💰 Smart Money
blog/betway-vs-easybet-psl-rugby-cricket-guide-2026.html,/,Home
blog/betway-vs-easybet-psl-rugby-cricket-guide-2026.html,/blog/,Blog
blog/betway-vs-easybet-psl-rugby-cricket-guide-2026.html,/blog/betway-review-south-africa-2026.html,Betway
blog/betway-vs-easybet-psl-rugby-cricket-guide-2026.html,/best-odds-finder.html,best odds finder
blog/betway-vs-easybet-psl-rugby-cricket-guide-2026.html,/betting-calculator.html,betting calculator
blog/betway-vs-easybet-psl-rugby-cricket-guide-2026.html,/blog/rugby-handicap-calculator-south-africa-2026.html,rugby handicap calculator guide
blog/betway-vs-easybet-psl-rugby-cricket-guide-2026.html,/free-bet-calculator.html,free bet calculator
blog/betway-vs-easybet-psl-rugby-cricket-guide-2026.html,/accumulator-calculator.html,accumulator calculator
blog/betway-vs-easybet-psl-rugby-cricket-guide-2026.html,/blog/best-betway-alternatives-south-africa-june-2026.html,Best Betway Alternatives for South African Bettors (June 2026)
blog/betway-vs-easybet-psl-rugby-cricket-guide-2026.html,/blog/betfred-vs-10bet-south-africa-2026.html,Betfred vs 10bet South Africa 2026: International Bookmaker Showdown
blog/betway-vs-easybet-psl-rugby-cricket-guide-2026.html,/blog/category-bookmaker-comparisons.html,Bookmaker Comparisons
blog/betway-vs-easybet-psl-rugby-cricket-guide-2026.html,/blog/gbets-vs-10bet-south-africa-2026.html,Gbets vs 10bet South Africa 2026 — Which Bookmaker Wins?
blog/betway-vs-easybet-psl-rugby-cricket-guide-2026.html,/about.html,About
blog/betway-vs-easybet-psl-rugby-cricket-guide-2026.html,/editorial-policy.html,Editorial Policy
blog/betway-vs-easybet-psl-rugby-cricket-guide-2026.html,/responsible-gambling.html,Responsible Gambling
blog/betway-vs-easybet-psl-rugby-cricket-guide-2026.html,/privacy.html,Privacy
blog/betway-vs-easybet-psl-rugby-cricket-guide-2026.html,/contact.html,Contact
blog/betway-vs-easybet-psl-rugby-cricket-guide-2026.html,/blog/,Blog
blog/betway-vs-easybet-psl-rugby-cricket-guide-2026.html,/blog/category-bookmaker-comparisons.html,Bookmaker Comparisons
blog/betway-vs-easybet-south-africa-2026.html,/blog/easybet-review-south-africa-2026.html,Easybet
blog/betway-vs-easybet-south-africa-2026.html,/,BetSorted
blog/betway-vs-easybet-south-africa-2026.html,/#comparison,Compare
blog/betway-vs-easybet-south-africa-2026.html,/bookmakers/,Bookmakers
blog/betway-vs-easybet-south-africa-2026.html,/glossary.html,Glossary
blog/betway-vs-easybet-south-africa-2026.html,/calculators.html,Calculators
blog/betway-vs-easybet-south-africa-2026.html,/blog/,Blog
blog/betway-vs-easybet-south-africa-2026.html,/psl-match-centre.html,⚽ PSL Live
blog/betway-vs-easybet-south-africa-2026.html,/prediction-markets.html,💰 Smart Money
blog/betway-vs-easybet-south-africa-2026.html,/,Home
blog/betway-vs-easybet-south-africa-2026.html,/blog/,Blog
blog/betway-vs-easybet-south-africa-2026.html,/blog/,← Back to Blog
blog/betway-vs-easybet-south-africa-2026.html,/blog/betway-review-south-africa-2026.html,Betway
blog/betway-vs-easybet-south-africa-2026.html,/betting-calculator.html,betting calculator
blog/betway-vs-easybet-south-africa-2026.html,/odds-comparison.html,odds comparison page
blog/betway-vs-easybet-south-africa-2026.html,/odds-comparison.html,odds comparison tool
blog/betway-vs-easybet-south-africa-2026.html,/bookmakers/,bookmaker that offers it
blog/betway-vs-easybet-south-africa-2026.html,/blog/betway-review-south-africa-2026.html,Betway review
blog/betway-vs-easybet-south-africa-2026.html,/blog/easybet-review-south-africa-2026.html,Easybet review
blog/betway-vs-easybet-south-africa-2026.html,/odds-comparison.html,odds comparison tool
blog/betway-vs-easybet-south-africa-2026.html,/betting-calculator.html,betting calculator
blog/betway-vs-easybet-south-africa-2026.html,/odds-comparison.html,odds comparison page
blog/betway-vs-easybet-south-africa-2026.html,/blog/best-betway-alternatives-south-africa-june-2026.html,Best Betway Alternatives for South African Bettors (June 2026)
blog/betway-vs-easybet-south-africa-2026.html,/blog/betfred-vs-10bet-south-africa-2026.html,Betfred vs 10bet South Africa 2026: International Bookmaker Showdown
blog/betway-vs-easybet-south-africa-2026.html,/blog/category-bookmaker-comparisons.html,Bookmaker Comparisons
blog/betway-vs-easybet-south-africa-2026.html,/blog/gbets-vs-10bet-south-africa-2026.html,Gbets vs 10bet South Africa 2026 — Which Bookmaker Wins?
blog/betway-vs-easybet-south-africa-2026.html,/blog/,← Back to Blog
blog/betway-vs-easybet-south-africa-2026.html,/about.html,About
blog/betway-vs-easybet-south-africa-2026.html,/editorial-policy.html,Editorial Policy
blog/betway-vs-easybet-south-africa-2026.html,/responsible-gambling.html,Responsible Gambling
blog/betway-vs-easybet-south-africa-2026.html,/privacy.html,Privacy
blog/betway-vs-easybet-south-africa-2026.html,/contact.html,Contact
blog/betway-vs-easybet-south-africa-2026.html,/blog/,Blog
blog/betway-vs-easybet-south-africa-2026.html,/blog/category-bookmaker-comparisons.html,Bookmaker Comparisons
blog/betway-vs-hollywoodbets-withdrawals-south-africa-2026.html,/,BetSorted
blog/betway-vs-hollywoodbets-withdrawals-south-africa-2026.html,/#comparison,Compare
blog/betway-vs-hollywoodbets-withdrawals-south-africa-2026.html,/bookmakers/,Bookmakers
blog/betway-vs-hollywoodbets-withdrawals-south-africa-2026.html,/glossary.html,Glossary
blog/betway-vs-hollywoodbets-withdrawals-south-africa-2026.html,/calculators.html,Calculators
blog/betway-vs-hollywoodbets-withdrawals-south-africa-2026.html,/blog/,Blog
blog/betway-vs-hollywoodbets-withdrawals-south-africa-2026.html,/psl-match-centre.html,⚽ PSL Live
blog/betway-vs-hollywoodbets-withdrawals-south-africa-2026.html,/prediction-markets.html,💰 Smart Money
blog/betway-vs-hollywoodbets-withdrawals-south-africa-2026.html,/blog/betway-vs-hollywoodbets.html,Click here
blog/betway-vs-hollywoodbets.html,/,BetSorted
blog/betway-vs-hollywoodbets.html,/#comparison,Compare
blog/betway-vs-hollywoodbets.html,/bookmakers/,Bookmakers
blog/betway-vs-hollywoodbets.html,/glossary.html,Glossary
blog/betway-vs-hollywoodbets.html,/calculators.html,Calculators
blog/betway-vs-hollywoodbets.html,/blog/,Blog
blog/betway-vs-hollywoodbets.html,/psl-match-centre.html,⚽ PSL Live
blog/betway-vs-hollywoodbets.html,/prediction-markets.html,💰 Smart Money
blog/betway-vs-hollywoodbets.html,/,Home
blog/betway-vs-hollywoodbets.html,/blog/,Blog
blog/betway-vs-hollywoodbets.html,/blog/,← Back to Blog
blog/betway-vs-hollywoodbets.html,/blog/betway-review-south-africa-2026.html,Betway
blog/betway-vs-hollywoodbets.html,/odds-comparison.html,Hollywoodbets vs Betway odds comparison
blog/betway-vs-hollywoodbets.html,/betting-calculator.html,betting calculator
blog/betway-vs-hollywoodbets.html,/odds-comparison.html,odds comparison calculator
blog/betway-vs-hollywoodbets.html,/each-way-calculator.html,each-way calculator
blog/betway-vs-hollywoodbets.html,/odds-comparison.html,odds comparison tool
blog/betway-vs-hollywoodbets.html,/betting-calculator.html,betting calculator
blog/betway-vs-hollywoodbets.html,/accumulator-calculator.html,accumulator calculator
blog/betway-vs-hollywoodbets.html,/odds-comparison.html,odds comparison page
blog/betway-vs-hollywoodbets.html,/blog/best-betway-alternatives-south-africa-june-2026.html,Best Betway Alternatives for South African Bettors (June 2026)
blog/betway-vs-hollywoodbets.html,/blog/betfred-vs-10bet-south-africa-2026.html,Betfred vs 10bet South Africa 2026: International Bookmaker Showdown
blog/betway-vs-hollywoodbets.html,/blog/category-bookmaker-comparisons.html,Bookmaker Comparisons
blog/betway-vs-hollywoodbets.html,/blog/gbets-vs-10bet-south-africa-2026.html,Gbets vs 10bet South Africa 2026 — Which Bookmaker Wins?
blog/betway-vs-hollywoodbets.html,/blog/,← Back to Blog
blog/betway-vs-hollywoodbets.html,/about.html,About
blog/betway-vs-hollywoodbets.html,/editorial-policy.html,Editorial Policy
blog/betway-vs-hollywoodbets.html,/responsible-gambling.html,Responsible Gambling
blog/betway-vs-hollywoodbets.html,/privacy.html,Privacy
blog/betway-vs-hollywoodbets.html,/contact.html,Contact
blog/betway-vs-hollywoodbets.html,/blog/,Blog
blog/betway-vs-hollywoodbets.html,/blog/category-bookmaker-comparisons.html,Bookmaker Comparisons
blog/betway-vs-sportingbet-fast-withdrawals-south-africa-2026.html,/,BetSorted
blog/betway-vs-sportingbet-fast-withdrawals-south-africa-2026.html,/#comparison,Compare
blog/betway-vs-sportingbet-fast-withdrawals-south-africa-2026.html,/bookmakers/,Bookmakers
blog/betway-vs-sportingbet-fast-withdrawals-south-africa-2026.html,/glossary.html,Glossary
blog/betway-vs-sportingbet-fast-withdrawals-south-africa-2026.html,/calculators.html,Calculators
blog/betway-vs-sportingbet-fast-withdrawals-south-africa-2026.html,/blog/,Blog
blog/betway-vs-sportingbet-fast-withdrawals-south-africa-2026.html,/psl-match-centre.html,⚽ PSL Live
blog/betway-vs-sportingbet-fast-withdrawals-south-africa-2026.html,/prediction-markets.html,💰 Smart Money
blog/betway-vs-sportingbet-fast-withdrawals-south-africa-2026.html,/blog/betway-vs-sportingbet-south-africa-2026.html,Click here
blog/betway-vs-sportingbet-south-africa-2026.html,/blog/sportingbet-review-south-africa-2026.html,Sportingbet
blog/betway-vs-sportingbet-south-africa-2026.html,/,BetSorted
blog/betway-vs-sportingbet-south-africa-2026.html,/#comparison,Compare
blog/betway-vs-sportingbet-south-africa-2026.html,/bookmakers/,Bookmakers
blog/betway-vs-sportingbet-south-africa-2026.html,/glossary.html,Glossary
blog/betway-vs-sportingbet-south-africa-2026.html,/calculators.html,Calculators
blog/betway-vs-sportingbet-south-africa-2026.html,/blog/,Blog
blog/betway-vs-sportingbet-south-africa-2026.html,/psl-match-centre.html,⚽ PSL Live
blog/betway-vs-sportingbet-south-africa-2026.html,/prediction-markets.html,💰 Smart Money
blog/betway-vs-sportingbet-south-africa-2026.html,/,Home
blog/betway-vs-sportingbet-south-africa-2026.html,/blog/,Blog
blog/betway-vs-sportingbet-south-africa-2026.html,/blog/betway-review-south-africa-2026.html,Betway
blog/betway-vs-sportingbet-south-africa-2026.html,/betting-calculator.html,betting calculator
blog/betway-vs-sportingbet-south-africa-2026.html,/accumulator-calculator.html,accumulator calculator
blog/betway-vs-sportingbet-south-africa-2026.html,/free-bet-calculator.html,free bet calculator
blog/betway-vs-sportingbet-south-africa-2026.html,/blog/betway-review-south-africa-2026.html,Betway Review South Africa
blog/betway-vs-sportingbet-south-africa-2026.html,/blog/sportingbet-vs-supabets.html,Sportingbet vs Supabets
blog/betway-vs-sportingbet-south-africa-2026.html,/blog/how-to-build-psl-rugby-cricket-accumulator-south-africa-2026.html,"How to Build PSL, Rugby and Cricket Accumulators"
blog/betway-vs-sportingbet-south-africa-2026.html,/blog/fastest-paying-bookmakers-south-africa-may-2026.html,Fastest Paying Bookmakers in South Africa
blog/betway-vs-sportingbet-south-africa-2026.html,/blog/best-betway-alternatives-south-africa-june-2026.html,Best Betway Alternatives for South African Bettors (June 2026)
blog/betway-vs-sportingbet-south-africa-2026.html,/blog/betfred-vs-10bet-south-africa-2026.html,Betfred vs 10bet South Africa 2026: International Bookmaker Showdown
blog/betway-vs-sportingbet-south-africa-2026.html,/blog/category-bookmaker-comparisons.html,Bookmaker Comparisons
blog/betway-vs-sportingbet-south-africa-2026.html,/blog/gbets-vs-10bet-south-africa-2026.html,Gbets vs 10bet South Africa 2026 — Which Bookmaker Wins?
blog/betway-vs-sportingbet.html,/,BetSorted
blog/betway-vs-sportingbet.html,/#comparison,Compare
blog/betway-vs-sportingbet.html,/bookmakers/,Bookmakers
blog/betway-vs-sportingbet.html,/glossary.html,Glossary
blog/betway-vs-sportingbet.html,/calculators.html,Calculators
blog/betway-vs-sportingbet.html,/blog/,Blog
blog/betway-vs-sportingbet.html,/psl-match-centre.html,⚽ PSL Live
blog/betway-vs-sportingbet.html,/prediction-markets.html,💰 Smart Money
blog/betway-vs-sportingbet.html,/blog/betway-vs-sportingbet-south-africa-2026.html,Click here
blog/betway-vs-supabets-psl-rugby-cricket-2026.html,/blog/supabets-review-south-africa-2026.html,Supabets
blog/betway-vs-supabets-psl-rugby-cricket-2026.html,/,BetSorted
blog/betway-vs-supabets-psl-rugby-cricket-2026.html,/#comparison,Compare
blog/betway-vs-supabets-psl-rugby-cricket-2026.html,/bookmakers/,Bookmakers
blog/betway-vs-supabets-psl-rugby-cricket-2026.html,/glossary.html,Glossary
blog/betway-vs-supabets-psl-rugby-cricket-2026.html,/calculators.html,Calculators
blog/betway-vs-supabets-psl-rugby-cricket-2026.html,/blog/,Blog
blog/betway-vs-supabets-psl-rugby-cricket-2026.html,/psl-match-centre.html,⚽ PSL Live
blog/betway-vs-supabets-psl-rugby-cricket-2026.html,/prediction-markets.html,💰 Smart Money
blog/betway-vs-supabets-psl-rugby-cricket-2026.html,/,Home
blog/betway-vs-supabets-psl-rugby-cricket-2026.html,/blog/,Blog
blog/betway-vs-supabets-psl-rugby-cricket-2026.html,/blog/betway-review-south-africa-2026.html,Betway
blog/betway-vs-supabets-psl-rugby-cricket-2026.html,/best-odds-finder.html,best odds finder
blog/betway-vs-supabets-psl-rugby-cricket-2026.html,/betting-calculator.html,betting calculator
blog/betway-vs-supabets-psl-rugby-cricket-2026.html,/accumulator-calculator.html,accumulator calculator
blog/betway-vs-supabets-psl-rugby-cricket-2026.html,/free-bet-calculator.html,free bet calculator
blog/betway-vs-supabets-psl-rugby-cricket-2026.html,/blog/betway-vs-supabets-south-africa-2026.html,Betway vs Supabets Full Comparison
blog/betway-vs-supabets-psl-rugby-cricket-2026.html,/blog/how-to-bet-on-psl-south-africa-2026.html,How to Bet on PSL in South Africa
blog/betway-vs-supabets-psl-rugby-cricket-2026.html,/blog/best-rugby-betting-sites-south-africa-2026.html,Best Rugby Betting Sites in South Africa
blog/betway-vs-supabets-psl-rugby-cricket-2026.html,/blog/best-cricket-betting-sites-south-africa-2026.html,Best Cricket Betting Sites in South Africa
blog/betway-vs-supabets-psl-rugby-cricket-2026.html,/blog/best-betway-alternatives-south-africa-june-2026.html,Best Betway Alternatives for South African Bettors (June 2026)
blog/betway-vs-supabets-psl-rugby-cricket-2026.html,/blog/betfred-vs-10bet-south-africa-2026.html,Betfred vs 10bet South Africa 2026: International Bookmaker Showdown
blog/betway-vs-supabets-psl-rugby-cricket-2026.html,/blog/category-bookmaker-comparisons.html,Bookmaker Comparisons
blog/betway-vs-supabets-psl-rugby-cricket-2026.html,/blog/gbets-vs-10bet-south-africa-2026.html,Gbets vs 10bet South Africa 2026 — Which Bookmaker Wins?
blog/betway-vs-supabets-rugby-betting-south-africa-2026.html,/blog/supabets-review-south-africa-2026.html,Supabets
blog/betway-vs-supabets-rugby-betting-south-africa-2026.html,/,BetSorted
blog/betway-vs-supabets-rugby-betting-south-africa-2026.html,/#comparison,Compare
blog/betway-vs-supabets-rugby-betting-south-africa-2026.html,/bookmakers/,Bookmakers
blog/betway-vs-supabets-rugby-betting-south-africa-2026.html,/glossary.html,Glossary
blog/betway-vs-supabets-rugby-betting-south-africa-2026.html,/calculators.html,Calculators
blog/betway-vs-supabets-rugby-betting-south-africa-2026.html,/blog/,Blog
blog/betway-vs-supabets-rugby-betting-south-africa-2026.html,/psl-match-centre.html,⚽ PSL Live
blog/betway-vs-supabets-rugby-betting-south-africa-2026.html,/prediction-markets.html,💰 Smart Money
blog/betway-vs-supabets-rugby-betting-south-africa-2026.html,/,Home
blog/betway-vs-supabets-rugby-betting-south-africa-2026.html,/blog/,Blog
blog/betway-vs-supabets-rugby-betting-south-africa-2026.html,/blog/betway-review-south-africa-2026.html,Betway
blog/betway-vs-supabets-rugby-betting-south-africa-2026.html,/betting-calculator.html,BetSorted betting calculator
blog/betway-vs-supabets-rugby-betting-south-africa-2026.html,/accumulator-calculator.html,accumulator calculator
blog/betway-vs-supabets-rugby-betting-south-africa-2026.html,/blog/fastest-paying-bookmakers-south-africa-may-2026.html,fastest paying bookmakers in South Africa
blog/betway-vs-supabets-rugby-betting-south-africa-2026.html,/blog/fica-verification-guide-south-africa-2026.html,FICA verification checklist
blog/betway-vs-supabets-rugby-betting-south-africa-2026.html,/betting-calculator.html,calculator
blog/betway-vs-supabets-rugby-betting-south-africa-2026.html,/blog/best-betway-alternatives-south-africa-june-2026.html,Best Betway Alternatives for South African Bettors (June 2026)
blog/betway-vs-supabets-rugby-betting-south-africa-2026.html,/blog/betfred-vs-10bet-south-africa-2026.html,Betfred vs 10bet South Africa 2026: International Bookmaker Showdown
blog/betway-vs-supabets-rugby-betting-south-africa-2026.html,/blog/category-bookmaker-comparisons.html,Bookmaker Comparisons
blog/betway-vs-supabets-rugby-betting-south-africa-2026.html,/blog/gbets-vs-10bet-south-africa-2026.html,Gbets vs 10bet South Africa 2026 — Which Bookmaker Wins?
blog/betway-vs-supabets-south-africa-2026.html,/blog/supabets-review-south-africa-2026.html,SupaBets
blog/betway-vs-supabets-south-africa-2026.html,/,BetSorted
blog/betway-vs-supabets-south-africa-2026.html,/#comparison,Compare
blog/betway-vs-supabets-south-africa-2026.html,/bookmakers/,Bookmakers
blog/betway-vs-supabets-south-africa-2026.html,/glossary.html,Glossary
blog/betway-vs-supabets-south-africa-2026.html,/calculators.html,Calculators
blog/betway-vs-supabets-south-africa-2026.html,/blog/,Blog
blog/betway-vs-supabets-south-africa-2026.html,/psl-match-centre.html,⚽ PSL Live
blog/betway-vs-supabets-south-africa-2026.html,/prediction-markets.html,💰 Smart Money
blog/betway-vs-supabets-south-africa-2026.html,/,Home
blog/betway-vs-supabets-south-africa-2026.html,/blog/,Blog
blog/betway-vs-supabets-south-africa-2026.html,/blog/,← Back to Blog
blog/betway-vs-supabets-south-africa-2026.html,/blog/betway-review-south-africa-2026.html,Betway
blog/betway-vs-supabets-south-africa-2026.html,/odds-comparison.html,odds comparison page
blog/betway-vs-supabets-south-africa-2026.html,/betting-calculator.html,betting calculator
blog/betway-vs-supabets-south-africa-2026.html,/accumulator-calculator.html,accumulator calculator
blog/betway-vs-supabets-south-africa-2026.html,/blog/best-psl-betting-site-2026.html,best PSL betting site guide
blog/betway-vs-supabets-south-africa-2026.html,/blog/live-betting-guide-south-africa-2026.html,live betting guide
blog/betway-vs-supabets-south-africa-2026.html,/blog/fastest-paying-bookmakers-south-africa-2026.html,fastest paying bookmakers guide
blog/betway-vs-supabets-south-africa-2026.html,/blog/best-betting-bonuses-south-africa-2026.html,best betting bonuses guide
blog/betway-vs-supabets-south-africa-2026.html,/blog/ozow-betting-payments-south-africa.html,Ozow betting payments
blog/betway-vs-supabets-south-africa-2026.html,/blog/fnb-standard-bank-transfer-betting.html,FNB transfers for betting
blog/betway-vs-supabets-south-africa-2026.html,/odds-comparison.html,live odds comparison tool
blog/betway-vs-supabets-south-africa-2026.html,/odds-comparison.html,Live Odds Comparison
blog/betway-vs-supabets-south-africa-2026.html,/betting-calculator.html,Betting Calculator
blog/betway-vs-supabets-south-africa-2026.html,/accumulator-calculator.html,Accumulator Calculator
blog/betway-vs-supabets-south-africa-2026.html,/blog/best-betway-alternatives-south-africa-june-2026.html,Best Betway Alternatives for South African Bettors (June 2026)
blog/betway-vs-supabets-south-africa-2026.html,/blog/betfred-vs-10bet-south-africa-2026.html,Betfred vs 10bet South Africa 2026: International Bookmaker Showdown
blog/betway-vs-supabets-south-africa-2026.html,/blog/category-bookmaker-comparisons.html,Bookmaker Comparisons
blog/betway-vs-supabets-south-africa-2026.html,/blog/gbets-vs-10bet-south-africa-2026.html,Gbets vs 10bet South Africa 2026 — Which Bookmaker Wins?
blog/betway-vs-supabets-south-africa-2026.html,/about.html,About
blog/betway-vs-supabets-south-africa-2026.html,/editorial-policy.html,Editorial Policy
blog/betway-vs-supabets-south-africa-2026.html,/responsible-gambling.html,Responsible Gambling
blog/betway-vs-supabets-south-africa-2026.html,/privacy.html,Privacy
blog/betway-vs-supabets-south-africa-2026.html,/contact.html,Contact
blog/betway-vs-supabets-south-africa-2026.html,/blog/,Blog
blog/betway-vs-supabets-south-africa-2026.html,/blog/category-bookmaker-comparisons.html,Bookmaker Comparisons
blog/betway-vs-supersportbet-south-africa-2026.html,/,BetSorted
blog/betway-vs-supersportbet-south-africa-2026.html,/#comparison,Compare
blog/betway-vs-supersportbet-south-africa-2026.html,/bookmakers/,Bookmakers
blog/betway-vs-supersportbet-south-africa-2026.html,/glossary.html,Glossary
blog/betway-vs-supersportbet-south-africa-2026.html,/calculators.html,Calculators
blog/betway-vs-supersportbet-south-africa-2026.html,/blog/,Blog
blog/betway-vs-supersportbet-south-africa-2026.html,/psl-match-centre.html,⚽ PSL Live
blog/betway-vs-supersportbet-south-africa-2026.html,/prediction-markets.html,💰 Smart Money
blog/betway-vs-supersportbet-south-africa-2026.html,/blog/,← Back to Blog
blog/betway-vs-supersportbet-south-africa-2026.html,/blog/category-bookmaker-comparisons.html,Bookmaker Comparisons
blog/betway-vs-supersportbet-south-africa-2026.html,/betting-calculator.html,Betting calculator
blog/betway-vs-supersportbet-south-africa-2026.html,/accumulator-calculator.html,Accumulator calculator
blog/betway-vs-supersportbet-south-africa-2026.html,/free-bet-calculator.html,free bet calculator
blog/betway-vs-supersportbet-south-africa-2026.html,/betting-calculator.html,BetSorted betting calculator
blog/betway-vs-supersportbet-south-africa-2026.html,/free-bet-calculator.html,free bet calculator
blog/betway-vs-supersportbet-south-africa-2026.html,/betting-calculator.html,betting calculator
blog/betway-vs-supersportbet-south-africa-2026.html,/blog/rugby-handicap-calculator-south-africa-2026.html,rugby handicap betting guide
blog/betway-vs-supersportbet-south-africa-2026.html,/accumulator-calculator.html,accumulator calculator
blog/betway-vs-supersportbet-south-africa-2026.html,/free-bet-calculator.html,free bet calculator
blog/betway-vs-supersportbet-south-africa-2026.html,/blog/south-africa-welcome-bonus-guide-2026.html,welcome bonus guide
blog/betway-vs-supersportbet-south-africa-2026.html,/blog/payshap-betting-deposits-withdrawals-south-africa-2026.html,PayShap betting deposits and withdrawals
blog/betway-vs-supersportbet-south-africa-2026.html,/blog/withdrawal-times-south-africa-bookmakers-2026.html,withdrawal times at South African bookmakers
blog/betway-vs-supersportbet-south-africa-2026.html,/betting-calculator.html,betting calculator
blog/betway-vs-supersportbet-south-africa-2026.html,/accumulator-calculator.html,accumulator calculator
blog/betway-vs-world-sports-betting-south-africa-2026.html,/blog/wsb-review-south-africa-2026.html,World Sports Betting
blog/betway-vs-world-sports-betting-south-africa-2026.html,/,BetSorted
blog/betway-vs-world-sports-betting-south-africa-2026.html,/#comparison,Compare
blog/betway-vs-world-sports-betting-south-africa-2026.html,/bookmakers/,Bookmakers
blog/betway-vs-world-sports-betting-south-africa-2026.html,/glossary.html,Glossary
blog/betway-vs-world-sports-betting-south-africa-2026.html,/calculators.html,Calculators
blog/betway-vs-world-sports-betting-south-africa-2026.html,/blog/,Blog
blog/betway-vs-world-sports-betting-south-africa-2026.html,/psl-match-centre.html,⚽ PSL Live
blog/betway-vs-world-sports-betting-south-africa-2026.html,/prediction-markets.html,💰 Smart Money
blog/betway-vs-world-sports-betting-south-africa-2026.html,/,Home
blog/betway-vs-world-sports-betting-south-africa-2026.html,/blog/,Blog
blog/betway-vs-world-sports-betting-south-africa-2026.html,/blog/wsb-review-south-africa-2026.html,WSB
blog/betway-vs-world-sports-betting-south-africa-2026.html,/blog/betway-review-south-africa-2026.html,Betway
blog/betway-vs-world-sports-betting-south-africa-2026.html,/blog/wsb-review-south-africa-2026.html,WSB
blog/betway-vs-world-sports-betting-south-africa-2026.html,/blog/hollywoodbets-review-south-africa-2026.html,Hollywoodbets
blog/betway-vs-world-sports-betting-south-africa-2026.html,/blog/supabets-review-south-africa-2026.html,Supabets
blog/betway-vs-world-sports-betting-south-africa-2026.html,/blog/sportingbet-review-south-africa-2026.html,Sportingbet
blog/betway-vs-world-sports-betting-south-africa-2026.html,/best-odds-finder.html,BetSorted best odds finder
blog/betway-vs-world-sports-betting-south-africa-2026.html,/betting-calculator.html,betting calculator
blog/betway-vs-world-sports-betting-south-africa-2026.html,/betting-calculator.html,betting calculator
blog/betway-vs-world-sports-betting-south-africa-2026.html,/odds-converter.html,odds converter
blog/betway-vs-world-sports-betting-south-africa-2026.html,/accumulator-calculator.html,accumulator calculator
blog/betway-vs-world-sports-betting-south-africa-2026.html,/blog/withdrawal-times-south-africa-bookmakers-2026.html,fastest bookmaker withdrawals guide
blog/betway-vs-world-sports-betting-south-africa-2026.html,/blog/best-deposit-methods-betting-south-africa-2026.html,best deposit methods guide
blog/betway-vs-world-sports-betting-south-africa-2026.html,/free-bet-calculator.html,free bet calculator
blog/betway-vs-world-sports-betting-south-africa-2026.html,/blog/hollywoodbets-review-south-africa-2026.html,Hollywoodbets
blog/betway-vs-world-sports-betting-south-africa-2026.html,/accumulator-calculator.html,accumulator calculator
blog/betway-vs-world-sports-betting-south-africa-2026.html,/best-odds-finder.html,best odds finder
blog/betway-vs-world-sports-betting-south-africa-2026.html,/value-bet-calculator.html,value bet calculator
blog/betway-vs-world-sports-betting-south-africa-2026.html,/blog/betway-review-south-africa-2026.html,Betway Review South Africa 2026
blog/betway-vs-world-sports-betting-south-africa-2026.html,/blog/wsb-review-south-africa-2026.html,World Sports Betting Review South Africa 2026
blog/betway-vs-world-sports-betting-south-africa-2026.html,/blog/betway-vs-hollywoodbets.html,Hollywoodbets vs Betway
blog/betway-vs-world-sports-betting-south-africa-2026.html,/blog/supabets-vs-world-sports-betting-south-africa-2026.html,Supabets vs WSB
blog/betway-vs-world-sports-betting-south-africa-2026.html,/blog/best-betway-alternatives-south-africa-june-2026.html,Best Betway Alternatives for South African Bettors (June 2026)
blog/betway-vs-world-sports-betting-south-africa-2026.html,/blog/betfred-vs-10bet-south-africa-2026.html,Betfred vs 10bet South Africa 2026: International Bookmaker Showdown
blog/betway-vs-world-sports-betting-south-africa-2026.html,/blog/category-bookmaker-comparisons.html,Bookmaker Comparisons
blog/betway-vs-world-sports-betting-south-africa-2026.html,/blog/gbets-vs-10bet-south-africa-2026.html,Gbets vs 10bet South Africa 2026 — Which Bookmaker Wins?
blog/betway-vs-wsb-south-africa-2026.html,/blog/wsb-review-south-africa-2026.html,World Sports Betting
blog/betway-vs-wsb-south-africa-2026.html,/blog/wsb-review-south-africa-2026.html,WSB
blog/betway-vs-wsb-south-africa-2026.html,/,BetSorted
blog/betway-vs-wsb-south-africa-2026.html,/#comparison,Compare
blog/betway-vs-wsb-south-africa-2026.html,/bookmakers/,Bookmakers
blog/betway-vs-wsb-south-africa-2026.html,/glossary.html,Glossary
blog/betway-vs-wsb-south-africa-2026.html,/calculators.html,Calculators
blog/betway-vs-wsb-south-africa-2026.html,/blog/,Blog
blog/betway-vs-wsb-south-africa-2026.html,/psl-match-centre.html,⚽ PSL Live
blog/betway-vs-wsb-south-africa-2026.html,/prediction-markets.html,💰 Smart Money
blog/betway-vs-wsb-south-africa-2026.html,/,Home
blog/betway-vs-wsb-south-africa-2026.html,/blog/,Blog
blog/betway-vs-wsb-south-africa-2026.html,/blog/,← Back to Blog
blog/betway-vs-wsb-south-africa-2026.html,/blog/wsb-review-south-africa-2026.html,World Sports Betting
blog/betway-vs-wsb-south-africa-2026.html,/blog/betway-review-south-africa-2026.html,Betway
blog/betway-vs-wsb-south-africa-2026.html,/betting-calculator.html,betting calculator
blog/betway-vs-wsb-south-africa-2026.html,/blog/best-rugby-betting-sites-south-africa-2026.html,best rugby betting sites guide
blog/betway-vs-wsb-south-africa-2026.html,/blog/sa-cup-2026-betting-guide.html,SA Cup
blog/betway-vs-wsb-south-africa-2026.html,/blog/hollywoodbets-review-south-africa-2026.html,Hollywoodbets
blog/betway-vs-wsb-south-africa-2026.html,/blog/wsb-review-south-africa-2026.html,full WSB review
blog/betway-vs-wsb-south-africa-2026.html,/blog/betway-review-south-africa-2026.html,Betway review
blog/betway-vs-wsb-south-africa-2026.html,/best-betting-apps.html,best betting apps guide
blog/betway-vs-wsb-south-africa-2026.html,/blog/voucher-deposits-betting-south-africa-2026.html,voucher deposits
blog/betway-vs-wsb-south-africa-2026.html,/blog/fastest-paying-bookmakers-south-africa-2026.html,fastest paying bookmakers
blog/betway-vs-wsb-south-africa-2026.html,/blog/best-betting-bonuses-south-africa-2026.html,best bonuses guide
blog/betway-vs-wsb-south-africa-2026.html,/blog/hollywoodbets-review-south-africa-2026.html,Hollywoodbets
blog/betway-vs-wsb-south-africa-2026.html,/blog/horse-racing-betting-guide-south-africa-2026.html,horse racing guide
blog/betway-vs-wsb-south-africa-2026.html,/betting-calculator.html,betting calculator
blog/betway-vs-wsb-south-africa-2026.html,/blog/betway-vs-hollywoodbets.html,Betway vs Hollywoodbets
blog/betway-vs-wsb-south-africa-2026.html,/blog/betway-vs-supabets-south-africa-2026.html,Betway vs Supabets
blog/betway-vs-wsb-south-africa-2026.html,/bookmakers/,bookmaker comparison page
blog/betway-vs-wsb-south-africa-2026.html,/betting-calculator.html,Betting Calculator
blog/betway-vs-wsb-south-africa-2026.html,/accumulator-calculator.html,Accumulator Calculator
blog/betway-vs-wsb-south-africa-2026.html,/arbitrage-calculator.html,Arbitrage Calculator
blog/betway-vs-wsb-south-africa-2026.html,/bookmakers/,Full Bookmaker Comparison
blog/betway-vs-wsb-south-africa-2026.html,/blog/best-betway-alternatives-south-africa-june-2026.html,Best Betway Alternatives for South African Bettors (June 2026)
blog/betway-vs-wsb-south-africa-2026.html,/blog/betfred-vs-10bet-south-africa-2026.html,Betfred vs 10bet South Africa 2026: International Bookmaker Showdown
blog/betway-vs-wsb-south-africa-2026.html,/blog/category-bookmaker-comparisons.html,Bookmaker Comparisons
blog/betway-vs-wsb-south-africa-2026.html,/blog/gbets-vs-10bet-south-africa-2026.html,Gbets vs 10bet South Africa 2026 — Which Bookmaker Wins?
blog/betway-vs-wsb-south-africa-2026.html,/about.html,About
blog/betway-vs-wsb-south-africa-2026.html,/editorial-policy.html,Editorial Policy
blog/betway-vs-wsb-south-africa-2026.html,/responsible-gambling.html,Responsible Gambling
blog/betway-vs-wsb-south-africa-2026.html,/privacy.html,Privacy
blog/betway-vs-wsb-south-africa-2026.html,/contact.html,Contact
blog/betway-vs-wsb-south-africa-2026.html,/blog/,Blog
blog/betway-vs-wsb-south-africa-2026.html,/blog/category-bookmaker-comparisons.html,Bookmaker Comparisons
blog/both-teams-to-score-betting-south-africa-2026.html,/,BetSorted
blog/both-teams-to-score-betting-south-africa-2026.html,/#comparison,Compare
blog/both-teams-to-score-betting-south-africa-2026.html,/bookmakers/,Bookmakers
blog/both-teams-to-score-betting-south-africa-2026.html,/glossary.html,Glossary
blog/both-teams-to-score-betting-south-africa-2026.html,/calculators.html,Calculators
blog/both-teams-to-score-betting-south-africa-2026.html,/blog/,Blog
blog/both-teams-to-score-betting-south-africa-2026.html,/psl-match-centre.html,⚽ PSL Live
blog/both-teams-to-score-betting-south-africa-2026.html,/prediction-markets.html,💰 Smart Money
blog/both-teams-to-score-betting-south-africa-2026.html,/,Home
blog/both-teams-to-score-betting-south-africa-2026.html,/blog/,Blog
blog/both-teams-to-score-betting-south-africa-2026.html,/blog/,Back to Blog
blog/both-teams-to-score-betting-south-africa-2026.html,/betting-calculator.html,BetSorted betting calculator
blog/both-teams-to-score-betting-south-africa-2026.html,/blog/hollywoodbets-review-south-africa-2026.html,Hollywoodbets
blog/both-teams-to-score-betting-south-africa-2026.html,/blog/betway-review-south-africa-2026.html,Betway
blog/both-teams-to-score-betting-south-africa-2026.html,/blog/supabets-review-south-africa-2026.html,Supabets
blog/both-teams-to-score-betting-south-africa-2026.html,/blog/wsb-review-south-africa-2026.html,World Sports Betting
blog/both-teams-to-score-betting-south-africa-2026.html,/blog/sportingbet-review-south-africa-2026.html,Sportingbet
blog/both-teams-to-score-betting-south-africa-2026.html,/blog/how-to-withdraw-betting-sites-south-africa-2026.html,withdrawal guide
blog/both-teams-to-score-betting-south-africa-2026.html,/blog/instant-eft-betting-payments-south-africa.html,instant EFT betting payments
blog/both-teams-to-score-betting-south-africa-2026.html,/odds-converter.html,odds converter
blog/both-teams-to-score-betting-south-africa-2026.html,/betting-calculator.html,betting calculator
blog/both-teams-to-score-betting-south-africa-2026.html,/accumulator-calculator.html,accumulator calculator
blog/boxing-betting-guide-south-africa-2026.html,/,BetSorted
blog/boxing-betting-guide-south-africa-2026.html,/#comparison,Compare
blog/boxing-betting-guide-south-africa-2026.html,/bookmakers/,Bookmakers
blog/boxing-betting-guide-south-africa-2026.html,/glossary.html,Glossary
blog/boxing-betting-guide-south-africa-2026.html,/calculators.html,Calculators
blog/boxing-betting-guide-south-africa-2026.html,/blog/,Blog
blog/boxing-betting-guide-south-africa-2026.html,/psl-match-centre.html,⚽ PSL Live
blog/boxing-betting-guide-south-africa-2026.html,/prediction-markets.html,💰 Smart Money
blog/boxing-betting-guide-south-africa-2026.html,/,Home
blog/boxing-betting-guide-south-africa-2026.html,/blog/,Blog
blog/boxing-betting-guide-south-africa-2026.html,/blog/best-betting-sites-beginners-south-africa-2026.html,SA bookmakers
blog/boxing-betting-guide-south-africa-2026.html,/calculators.html,betting calculators
blog/boxing-betting-guide-south-africa-2026.html,/blog/understanding-betting-odds-south-africa-2026.html,how betting odds work
blog/boxing-betting-guide-south-africa-2026.html,/calculators.html,odds calculator
blog/boxing-betting-guide-south-africa-2026.html,/blog/how-to-bet-on-ufc-mma-south-africa-2026.html,complete guide to UFC and MMA betting in South Africa
blog/boxing-betting-guide-south-africa-2026.html,/blog/best-betting-sites-beginners-south-africa-2026.html,best betting sites comparison
blog/boxing-betting-guide-south-africa-2026.html,/blog/understanding-betting-odds-south-africa-2026.html,understanding betting odds in South Africa
blog/boxing-betting-guide-south-africa-2026.html,/blog/5-common-betting-mistakes-south-africa-2026.html,5 Common Betting Mistakes South African Punters Make (And How to Avoid Them)
blog/boxing-betting-guide-south-africa-2026.html,/blog/aviator-betting-sites-south-africa-2026.html,Aviator Betting Sites South Africa 2026 — Best Apps & Strategy
blog/boxing-betting-guide-south-africa-2026.html,/blog/best-betting-sites-beginners-south-africa-2026.html,Best Betting Sites for Beginners in South Africa 2026 — Start Here
blog/boxing-betting-guide-south-africa-2026.html,/blog/category-betting-guides-strategy.html,Betting Guides &amp; Strategy
blog/boxing-betting-guide-south-africa-2026.html,/blog/,← Back to Blog
blog/boxing-betting-guide-south-africa-2026.html,/about.html,About
blog/boxing-betting-guide-south-africa-2026.html,/editorial-policy.html,Editorial Policy
blog/boxing-betting-guide-south-africa-2026.html,/responsible-gambling.html,Responsible Gambling
blog/boxing-betting-guide-south-africa-2026.html,/privacy.html,Privacy
blog/boxing-betting-guide-south-africa-2026.html,/contact.html,Contact
blog/boxing-betting-guide-south-africa-2026.html,/blog/,Blog
blog/boxing-betting-guide-south-africa-2026.html,/blog/category-bookmaker-comparisons.html,Bookmaker Comparisons
blog/boxing-betting-guide-south-africa-2026.html,/responsible-gambling.html,Responsible Gambling
blog/boxing-betting-guide-south-africa-2026.html,/privacy.html,Privacy Policy
blog/boxing-betting-guide-south-africa-2026.html,/terms.html,Terms of Use
blog/bulls-vs-stormers-urc-betting-preview-march-14-2026.html,/,BetSorted
blog/bulls-vs-stormers-urc-betting-preview-march-14-2026.html,/#comparison,Compare
blog/bulls-vs-stormers-urc-betting-preview-march-14-2026.html,/bookmakers/,Bookmakers
blog/bulls-vs-stormers-urc-betting-preview-march-14-2026.html,/glossary.html,Glossary
blog/bulls-vs-stormers-urc-betting-preview-march-14-2026.html,/calculators.html,Calculators
blog/bulls-vs-stormers-urc-betting-preview-march-14-2026.html,/blog/,Blog
blog/bulls-vs-stormers-urc-betting-preview-march-14-2026.html,/psl-match-centre.html,⚽ PSL Live
blog/bulls-vs-stormers-urc-betting-preview-march-14-2026.html,/prediction-markets.html,💰 Smart Money
blog/bulls-vs-stormers-urc-betting-preview-march-14-2026.html,/blog/urc-playoffs-betting-guide.html,Click here
blog/capitec-pay-betting-payments-south-africa.html,/,BetSorted
blog/capitec-pay-betting-payments-south-africa.html,/#comparison,Compare
blog/capitec-pay-betting-payments-south-africa.html,/bookmakers/,Bookmakers
blog/capitec-pay-betting-payments-south-africa.html,/glossary.html,Glossary
blog/capitec-pay-betting-payments-south-africa.html,/calculators.html,Calculators
blog/capitec-pay-betting-payments-south-africa.html,/blog/,Blog
blog/capitec-pay-betting-payments-south-africa.html,/psl-match-centre.html,⚽ PSL Live
blog/capitec-pay-betting-payments-south-africa.html,/prediction-markets.html,💰 Smart Money
blog/capitec-pay-betting-payments-south-africa.html,/,Home
blog/capitec-pay-betting-payments-south-africa.html,/blog/,Blog
blog/capitec-pay-betting-payments-south-africa.html,/blog/,← Back to Blog
blog/capitec-pay-betting-payments-south-africa.html,/withdrawal-speed-comparison.html,withdrawal speed comparison
blog/capitec-pay-betting-payments-south-africa.html,/odds-comparison.html,odds comparison page
blog/capitec-pay-betting-payments-south-africa.html,/blog/instant-eft-betting-payments-south-africa.html,Instant EFT
blog/capitec-pay-betting-payments-south-africa.html,/blog/ozow-betting-payments-south-africa.html,Ozow
blog/capitec-pay-betting-payments-south-africa.html,/betting-calculator.html,betting calculator
blog/capitec-pay-betting-payments-south-africa.html,/blog/ozow-betting-payments-south-africa.html,Ozow
blog/capitec-pay-betting-payments-south-africa.html,/blog/capitec-pay-betting-payments-south-africa.html,Capitec Pay
blog/capitec-pay-betting-payments-south-africa.html,/blog/fastest-paying-bookmakers-south-africa-2026.html,fastest paying bookmakers in South Africa
blog/capitec-pay-betting-payments-south-africa.html,/blog/best-psl-betting-site-2026.html,best PSL betting sites
blog/capitec-pay-betting-payments-south-africa.html,/accumulator-calculator.html,accumulator calculator
blog/capitec-pay-betting-payments-south-africa.html,/betting-calculator.html,betting calculator
blog/capitec-pay-betting-payments-south-africa.html,/blog/betting-tax-south-africa-2026.html,Betting Tax South Africa 2026: Are Your Winnings Taxed?
blog/capitec-pay-betting-payments-south-africa.html,/blog/category-payments-fica.html,Payments &amp; FICA
blog/capitec-pay-betting-payments-south-africa.html,/blog/fastest-paying-bookmakers-south-africa-may-2026.html,Fastest Paying Bookmakers in South Africa: May 2026 Withdrawal Guide
blog/capitec-pay-betting-payments-south-africa.html,/blog/fica-verification-guide-south-africa-2026.html,How to FICA Verify Your Betting Account in South Africa (2026 Guide)
blog/capitec-pay-betting-payments-south-africa.html,/blog/,← Back to Blog
blog/capitec-pay-betting-payments-south-africa.html,/about.html,About
blog/capitec-pay-betting-payments-south-africa.html,/editorial-policy.html,Editorial Policy
blog/capitec-pay-betting-payments-south-africa.html,/responsible-gambling.html,Responsible Gambling
blog/capitec-pay-betting-payments-south-africa.html,/privacy.html,Privacy
blog/capitec-pay-betting-payments-south-africa.html,/contact.html,Contact
blog/capitec-pay-betting-payments-south-africa.html,/blog/,Blog
blog/capitec-pay-betting-payments-south-africa.html,/blog/category-bookmaker-comparisons.html,Bookmaker Comparisons
blog/card-payments-betting-visa-mastercard-south-africa.html,/,BetSorted
blog/card-payments-betting-visa-mastercard-south-africa.html,/#comparison,Compare
blog/card-payments-betting-visa-mastercard-south-africa.html,/bookmakers/,Bookmakers
blog/card-payments-betting-visa-mastercard-south-africa.html,/glossary.html,Glossary
blog/card-payments-betting-visa-mastercard-south-africa.html,/calculators.html,Calculators
blog/card-payments-betting-visa-mastercard-south-africa.html,/blog/,Blog
blog/card-payments-betting-visa-mastercard-south-africa.html,/psl-match-centre.html,⚽ PSL Live
blog/card-payments-betting-visa-mastercard-south-africa.html,/prediction-markets.html,💰 Smart Money
blog/card-payments-betting-visa-mastercard-south-africa.html,/,Home
blog/card-payments-betting-visa-mastercard-south-africa.html,/blog/,Blog
blog/card-payments-betting-visa-mastercard-south-africa.html,/blog/,← Back to Blog
blog/card-payments-betting-visa-mastercard-south-africa.html,/withdrawal-speed-comparison.html,withdrawal speed comparison
blog/card-payments-betting-visa-mastercard-south-africa.html,/odds-comparison.html,odds comparison page
blog/card-payments-betting-visa-mastercard-south-africa.html,/blog/instant-eft-betting-payments-south-africa.html,Instant EFT
blog/card-payments-betting-visa-mastercard-south-africa.html,/blog/ozow-betting-payments-south-africa.html,Ozow
blog/card-payments-betting-visa-mastercard-south-africa.html,/betting-calculator.html,betting calculator
blog/card-payments-betting-visa-mastercard-south-africa.html,/blog/ozow-betting-payments-south-africa.html,Ozow
blog/card-payments-betting-visa-mastercard-south-africa.html,/blog/capitec-pay-betting-payments-south-africa.html,Capitec Pay
blog/card-payments-betting-visa-mastercard-south-africa.html,/blog/fastest-paying-bookmakers-south-africa-2026.html,fastest paying bookmakers in South Africa
blog/card-payments-betting-visa-mastercard-south-africa.html,/blog/best-psl-betting-site-2026.html,best PSL betting sites
blog/card-payments-betting-visa-mastercard-south-africa.html,/accumulator-calculator.html,accumulator calculator
blog/card-payments-betting-visa-mastercard-south-africa.html,/betting-calculator.html,betting calculator
blog/card-payments-betting-visa-mastercard-south-africa.html,/blog/betting-tax-south-africa-2026.html,Betting Tax South Africa 2026: Are Your Winnings Taxed?
blog/card-payments-betting-visa-mastercard-south-africa.html,/blog/category-payments-fica.html,Payments &amp; FICA
blog/card-payments-betting-visa-mastercard-south-africa.html,/blog/fastest-paying-bookmakers-south-africa-may-2026.html,Fastest Paying Bookmakers in South Africa: May 2026 Withdrawal Guide
blog/card-payments-betting-visa-mastercard-south-africa.html,/blog/fica-verification-guide-south-africa-2026.html,How to FICA Verify Your Betting Account in South Africa (2026 Guide)
blog/card-payments-betting-visa-mastercard-south-africa.html,/blog/,← Back to Blog
blog/card-payments-betting-visa-mastercard-south-africa.html,/about.html,About
blog/card-payments-betting-visa-mastercard-south-africa.html,/editorial-policy.html,Editorial Policy
blog/card-payments-betting-visa-mastercard-south-africa.html,/responsible-gambling.html,Responsible Gambling
blog/card-payments-betting-visa-mastercard-south-africa.html,/privacy.html,Privacy
blog/card-payments-betting-visa-mastercard-south-africa.html,/contact.html,Contact
blog/card-payments-betting-visa-mastercard-south-africa.html,/blog/,Blog
blog/card-payments-betting-visa-mastercard-south-africa.html,/blog/category-bookmaker-comparisons.html,Bookmaker Comparisons
blog/cash-out-betting-guide-south-africa-2026.html,/,BetSorted
blog/cash-out-betting-guide-south-africa-2026.html,/#comparison,Compare
blog/cash-out-betting-guide-south-africa-2026.html,/bookmakers/,Bookmakers
blog/cash-out-betting-guide-south-africa-2026.html,/glossary.html,Glossary
blog/cash-out-betting-guide-south-africa-2026.html,/calculators.html,Calculators
blog/cash-out-betting-guide-south-africa-2026.html,/blog/,Blog
blog/cash-out-betting-guide-south-africa-2026.html,/psl-match-centre.html,⚽ PSL Live
blog/cash-out-betting-guide-south-africa-2026.html,/prediction-markets.html,💰 Smart Money
blog/cash-out-betting-guide-south-africa-2026.html,/,Home
blog/cash-out-betting-guide-south-africa-2026.html,/blog/,Blog
blog/cash-out-betting-guide-south-africa-2026.html,/blog/,← Back to Blog
blog/cash-out-betting-guide-south-africa-2026.html,/betting-calculator.html,betting calculator
blog/cash-out-betting-guide-south-africa-2026.html,/blog/best-psl-betting-site-2026.html,bookmaker comparison
blog/cash-out-betting-guide-south-africa-2026.html,/blog/accumulator-betting-guide-south-africa-2026.html,accumulator
blog/cash-out-betting-guide-south-africa-2026.html,/accumulator-calculator.html,accumulator calculator
blog/cash-out-betting-guide-south-africa-2026.html,/blog/bankroll-management-guide-south-africa-2026.html,bankroll management guide
blog/cash-out-betting-guide-south-africa-2026.html,/betting-calculator.html,betting calculator
blog/cash-out-betting-guide-south-africa-2026.html,/blog/betway-review-south-africa-2026.html,Read the full Betway review
blog/cash-out-betting-guide-south-africa-2026.html,/blog/5-common-betting-mistakes-south-africa-2026.html,5 Common Betting Mistakes South African Punters Make (And How to Avoid Them)
blog/cash-out-betting-guide-south-africa-2026.html,/blog/aviator-betting-sites-south-africa-2026.html,Aviator Betting Sites South Africa 2026 — Best Apps & Strategy
blog/cash-out-betting-guide-south-africa-2026.html,/blog/best-betting-sites-beginners-south-africa-2026.html,Best Betting Sites for Beginners in South Africa 2026 — Start Here
blog/cash-out-betting-guide-south-africa-2026.html,/blog/category-betting-guides-strategy.html,Betting Guides &amp; Strategy
blog/cash-out-betting-guide-south-africa-2026.html,/blog/,← Back to Blog
blog/cash-out-betting-guide-south-africa-2026.html,/about.html,About
blog/cash-out-betting-guide-south-africa-2026.html,/editorial-policy.html,Editorial Policy
blog/cash-out-betting-guide-south-africa-2026.html,/responsible-gambling.html,Responsible Gambling
blog/cash-out-betting-guide-south-africa-2026.html,/privacy.html,Privacy
blog/cash-out-betting-guide-south-africa-2026.html,/contact.html,Contact
blog/cash-out-betting-guide-south-africa-2026.html,/blog/,Blog
blog/cash-out-betting-guide-south-africa-2026.html,/blog/category-bookmaker-comparisons.html,Bookmaker Comparisons
blog/category-betting-guides-strategy.html,/,BetSorted
blog/category-betting-guides-strategy.html,/#comparison,Compare
blog/category-betting-guides-strategy.html,/bookmakers/,Bookmakers
blog/category-betting-guides-strategy.html,/glossary.html,Glossary
blog/category-betting-guides-strategy.html,/calculators.html,Calculators
blog/category-betting-guides-strategy.html,/blog/,Blog
blog/category-betting-guides-strategy.html,/psl-match-centre.html,⚽ PSL Live
blog/category-betting-guides-strategy.html,/prediction-markets.html,💰 Smart Money
blog/category-betting-guides-strategy.html,/,Home
blog/category-betting-guides-strategy.html,/blog/,Blog
blog/category-betting-guides-strategy.html,/blog/,Back to all guides
blog/category-betting-guides-strategy.html,/blog/south-africa-welcome-bonus-guide-2026.html,"South Africa Welcome Bonus Guide 2026: Real Offers, Rollover Maths and Promo Traps"
blog/category-betting-guides-strategy.html,/blog/weekend-betting-tips-currie-cup-psl-august-21-2026.html,Weekend Betting Tips South Africa 2026: Currie Cup and PSL Acca Guide
blog/category-betting-guides-strategy.html,/blog/crypto-casino-rewards-south-africa-2026.html,"Crypto Casino Rewards South Africa 2026: Legal Status, Rakeback & ZAR On-Ramp"
blog/category-betting-guides-strategy.html,/blog/both-teams-to-score-betting-south-africa-2026.html,Both Teams to Score Betting South Africa 2026: PSL BTTS Guide
blog/category-betting-guides-strategy.html,/blog/draw-no-bet-south-africa-2026.html,Draw No Bet South Africa 2026: Safer PSL Betting Guide
blog/category-betting-guides-strategy.html,/blog/licensed-vs-illegal-betting-sites-south-africa-2026.html,Licensed vs Illegal Betting Sites in South Africa 2026
blog/category-betting-guides-strategy.html,/blog/5-common-betting-mistakes-south-africa-2026.html,5 Common Betting Mistakes South African Punters Make (And How to Avoid Them)
blog/category-betting-guides-strategy.html,/blog/aviator-betting-sites-south-africa-2026.html,Aviator Betting Sites South Africa 2026 — Best Apps & Strategy
blog/category-betting-guides-strategy.html,/blog/best-betting-sites-beginners-south-africa-2026.html,Best Betting Sites for Beginners in South Africa 2026 — Start Here
blog/category-betting-guides-strategy.html,/blog/durban-july-2026-betting-guide.html,Durban July 2026: Best Betting Sites & Winning Strategy
blog/category-betting-guides-strategy.html,/blog/each-way-betting-explained-south-africa-2026.html,Each-Way Betting Explained: Complete Guide for South African Punters (2026)
blog/category-betting-guides-strategy.html,/blog/horse-racing-betting-guide-south-africa-2026.html,Horse Racing Betting Guide South Africa 2026
blog/category-betting-guides-strategy.html,/blog/is-online-betting-legal-south-africa-2026.html,Is Online Betting Legal in South Africa? Full 2026 Legal Guide
blog/category-betting-guides-strategy.html,/blog/liv-golf-south-africa-2026-betting-guide.html,"LIV Golf South Africa 2026 Betting Guide — Steyn City Odds, Markets &amp; Tips"
blog/category-betting-guides-strategy.html,/blog/matched-betting-guide-south-africa-2026.html,Matched Betting South Africa 2026: The Complete Beginner's Guide
blog/category-betting-guides-strategy.html,/blog/how-to-use-betsorted-calculators-weekend-betting-south-africa-2026.html,How to Use BetSorted Calculators for Weekend Betting in South Africa
blog/category-betting-guides-strategy.html,/blog/best-bookmakers-live-streaming-south-africa-2026.html,Best Bookmakers for Live Streaming in South Africa (2026)
blog/category-betting-guides-strategy.html,/blog/comrades-marathon-2026-betting-guide.html,"Comrades Marathon 2026 Betting Guide: Odds, Markets & Tips for the Down Run"
blog/category-betting-guides-strategy.html,/blog/best-tennis-betting-sites-south-africa-2026.html,"Best Tennis Betting Sites South Africa 2026: ATP, WTA & Grand Slam Betting"
blog/category-betting-guides-strategy.html,/blog/how-to-bet-on-basketball-nba-south-africa-2026.html,How to Bet on NBA Basketball in South Africa: Complete Guide for 2026
blog/category-betting-guides-strategy.html,/blog/best-bookmakers-accumulator-bets-south-africa-2026.html,Best Bookmakers for Accumulator Bets in South Africa 2026
blog/category-betting-guides-strategy.html,/blog/best-f1-betting-sites-south-africa-2026.html,Best F1 Betting Sites in South Africa 2026 — Where to Bet on Formula 1
blog/category-betting-guides-strategy.html,/blog/boxing-betting-guide-south-africa-2026.html,How to Bet on Boxing in South Africa 2026 — Complete Bookmaker Guide
blog/category-betting-guides-strategy.html,/blog/best-cashback-loyalty-programs-sa-bookmakers-2026.html,Best Cashback & Loyalty Programs at SA Bookmakers (2026)
blog/category-betting-guides-strategy.html,/blog/how-to-bet-on-ufc-mma-south-africa-2026.html,How to Bet on UFC & MMA in South Africa (2026 Complete Guide)
blog/category-betting-guides-strategy.html,/blog/best-bookmaker-lucky-numbers-south-africa-2026.html,Best Bookmaker for Lucky Numbers in South Africa 2026: Where to Play and Win
blog/category-betting-guides-strategy.html,/blog/data-free-betting-apps-south-africa-2026.html,Data-Free Betting Apps in South Africa 2026: Which Bookmakers Won't Eat Your Data?
blog/category-betting-guides-strategy.html,/best-betting-apps.html,Best Betting App in South Africa 2026: Which One Actually Delivers?
blog/category-betting-guides-strategy.html,/blog/six-nations-2026-betting-recap-lessons-south-africa.html,Six Nations 2026 Betting Recap: What SA Punters Can Learn from the Greatest Championship Ever
blog/category-betting-guides-strategy.html,/blog/understanding-betting-odds-south-africa-2026.html,Understanding Betting Odds: A South African Beginner's Guide (2026)
blog/category-betting-guides-strategy.html,/blog/virtual-sports-betting-guide-south-africa-2026.html,"Virtual Sports Betting Guide South Africa 2026: How It Works, Best Bookmakers & Tips"
blog/category-betting-guides-strategy.html,/blog/lucky-numbers-betting-guide-south-africa-2026.html,"Lucky Numbers Betting Guide South Africa 2026: How It Works, Best Sites &amp; Tips"
blog/category-betting-guides-strategy.html,/blog/best-horse-racing-betting-sites-south-africa-2026.html,Best Horse Racing Betting Sites South Africa 2026
blog/category-betting-guides-strategy.html,/blog/how-to-open-betting-account-south-africa-2026.html,How to Open a Betting Account in South Africa: Complete 2026 Guide
blog/category-betting-guides-strategy.html,/blog/esports-betting-guide-south-africa-2026.html,Esports Betting South Africa 2026: Complete Beginner's Guide
blog/category-betting-guides-strategy.html,/blog/how-to-bet-on-tennis-south-africa-2026.html,How to Bet on Tennis in South Africa: Complete Guide for 2026
blog/category-betting-guides-strategy.html,/blog/best-golf-betting-sites-south-africa-2026.html,Best Golf Betting Sites in South Africa (2026)
blog/category-betting-guides-strategy.html,/blog/how-to-use-free-bets-south-africa-2026.html,How to Use Free Bets: Complete Guide for SA Punters (2026)
blog/category-betting-guides-strategy.html,/blog/how-to-bet-on-soccer-south-africa-2026.html,How to Bet on Soccer in South Africa: Complete Beginner's Guide (2026)
blog/category-betting-guides-strategy.html,/blog/sa-cup-2026-betting-guide.html,"SA Cup 2026 Betting Guide: Fixtures, Teams, Odds & Markets"
blog/category-betting-guides-strategy.html,/blog/cash-out-betting-guide-south-africa-2026.html,Cash Out Betting Guide South Africa (2026): When to Take Profit & When to Hold
blog/category-betting-guides-strategy.html,/blog/same-game-multi-betting-guide-south-africa-2026.html,Same Game Multi Betting Guide South Africa 2026: How to Build SGMs That Win
blog/category-betting-guides-strategy.html,/blog/bankroll-management-guide-south-africa-2026.html,Bankroll Management Guide for South African Bettors 2026
blog/category-betting-guides-strategy.html,/blog/live-betting-guide-south-africa-2026.html,Live Betting Guide South Africa 2026: In-Play Betting Tips & Best SA Bookmakers
blog/category-betting-guides-strategy.html,/blog/accumulator-betting-guide-south-africa-2026.html,"Accumulator Betting Guide South Africa: Strategy, Tips & Calculator"
blog/category-betting-guides-strategy.html,/best-betting-apps.html,Best Betting Apps South Africa 2026 — Ranked by Real Users
blog/category-betting-guides-strategy.html,/blog/how-to-use-betting-calculators-south-africa.html,How to Use Betting Calculators — A South African Punter's Guide
blog/category-betting-guides-strategy.html,/blog/fastest-paying-bookmakers-south-africa-2026.html,Fastest Paying Bookmakers in South Africa: Which Betting Site Pays Quickest? (2026)
blog/category-betting-guides-strategy.html,/about.html,About
blog/category-betting-guides-strategy.html,/editorial-policy.html,Editorial Policy
blog/category-betting-guides-strategy.html,/responsible-gambling.html,Responsible Gambling
blog/category-betting-guides-strategy.html,/privacy.html,Privacy
blog/category-betting-guides-strategy.html,/contact.html,Contact
blog/category-betting-guides-strategy.html,/blog/,Blog
blog/category-betting-guides-strategy.html,/blog/category-bookmaker-comparisons.html,Bookmaker Comparisons
blog/category-bookmaker-comparisons.html,/,BetSorted
blog/category-bookmaker-comparisons.html,/#comparison,Compare
blog/category-bookmaker-comparisons.html,/bookmakers/,Bookmakers
blog/category-bookmaker-comparisons.html,/glossary.html,Glossary
blog/category-bookmaker-comparisons.html,/calculators.html,Calculators
blog/category-bookmaker-comparisons.html,/blog/,Blog
blog/category-bookmaker-comparisons.html,/psl-match-centre.html,⚽ PSL Live
blog/category-bookmaker-comparisons.html,/prediction-markets.html,💰 Smart Money
blog/category-bookmaker-comparisons.html,/,Home
blog/category-bookmaker-comparisons.html,/blog/,Blog
blog/category-bookmaker-comparisons.html,/blog/,Back to all guides
blog/category-bookmaker-comparisons.html,/blog/south-africa-welcome-bonus-guide-2026.html,South Africa Welcome Bonus Guide 2026
blog/category-bookmaker-comparisons.html,/sportingbet-vs-hollywoodbets.html,Sportingbet vs Hollywoodbets
blog/category-bookmaker-comparisons.html,/blog/best-betway-alternatives-south-africa-june-2026.html,Best Betway Alternatives for South African Bettors (June 2026)
blog/category-bookmaker-comparisons.html,/blog/betfred-vs-10bet-south-africa-2026.html,Betfred vs 10bet South Africa 2026: International Bookmaker Showdown
blog/category-bookmaker-comparisons.html,/blog/gbets-vs-10bet-south-africa-2026.html,Gbets vs 10bet South Africa 2026 — Which Bookmaker Wins?
blog/category-bookmaker-comparisons.html,/blog/gbets-vs-playabets-south-africa-2026.html,Gbets vs PlayaBets South Africa 2026 — Which SA Bookie Wins?
blog/category-bookmaker-comparisons.html,/blog/gbets-vs-wsb-south-africa-2026.html,Gbets vs World Sports Betting (WSB) 2026: Which SA Bookmaker Wins?
blog/category-bookmaker-comparisons.html,/blog/hollywoodbets-vs-playabets-psl-playoffs-2026.html,Hollywoodbets vs Playabets: Which is Better for PSL Playoffs 2026?
blog/category-bookmaker-comparisons.html,/blog/lottostar-vs-supabets-south-africa-2026.html,"Lottostar vs Supabets 2026: Lucky Numbers, Sports & More Compared"
blog/category-bookmaker-comparisons.html,/blog/psl-title-race-pirates-vs-sundowns-betting-guide-2026.html,PSL Title Race 2026: Pirates vs Sundowns — Who Wins the Betway Premiership?
blog/category-bookmaker-comparisons.html,/blog/springboks-vs-barbarians-betting-guide.html,Springboks vs Barbarians Betting Guide for South Africans | BetSorted
blog/category-bookmaker-comparisons.html,/blog/springboks-vs-england-betting-guide.html,Springboks vs England Betting Guide for South Africans | BetSorted
blog/category-bookmaker-comparisons.html,/blog/sunbet-vs-playabets-south-africa-2026.html,Sunbet vs Playabets South Africa 2026 — Which Mid-Tier Bookmaker Deserves Your Money?
blog/category-bookmaker-comparisons.html,/blog/yesplay-vs-supabets-south-africa-2026.html,Yesplay vs Supabets 2026: Which SA Bookmaker Should You Choose?
blog/category-bookmaker-comparisons.html,/blog/betmaster-vs-betway-south-africa-2026.html,Betmaster vs Betway South Africa 2026: Which Bookmaker Is Better?
blog/category-bookmaker-comparisons.html,/blog/playabets-vs-bet-co-za-south-africa-2026.html,Playabets vs Bet.co.za South Africa 2026: Which Account Belongs on Your Slip?
blog/category-bookmaker-comparisons.html,/blog/betmaster-vs-sunbet-south-africa-2026.html,Betmaster vs Sunbet South Africa 2026: Which Bookie Fits Your Slip?
blog/category-bookmaker-comparisons.html,/blog/sunbet-vs-yesplay-south-africa-withdrawals-2026.html,"Sunbet vs YesPlay South Africa: Withdrawals, FICA and Betting Fit"
blog/category-bookmaker-comparisons.html,/blog/easybet-vs-hollywoodbets-fast-payouts-south-africa-2026.html,"Easybet vs Hollywoodbets South Africa 2026: Fast Payouts, PSL and Rugby"
blog/category-bookmaker-comparisons.html,/blog/sportingbet-vs-world-sports-betting-rugby-cricket-june-2026.html,Sportingbet vs World Sports Betting: Best Fit for SA Rugby and Cricket Punters in June 2026
blog/category-bookmaker-comparisons.html,/blog/betway-vs-supabets-psl-rugby-cricket-2026.html,"Betway vs Supabets for PSL, Rugby and Cricket in South Africa"
blog/category-bookmaker-comparisons.html,/blog/betway-vs-easybet-psl-rugby-cricket-guide-2026.html,"Betway vs Easybet for PSL, Rugby and Cricket Betting in South Africa"
blog/category-bookmaker-comparisons.html,/blog/supabets-vs-world-sports-betting-south-africa-2026.html,SupaBets vs World Sports Betting: Which is Better for SA Bettors in 2026?
blog/category-bookmaker-comparisons.html,/blog/bet-co-za-vs-easybet-south-africa-2026.html,Bet.co.za vs Easybet South Africa 2026
blog/category-bookmaker-comparisons.html,/blog/betway-vs-sportingbet-south-africa-2026.html,Betway vs Sportingbet South Africa 2026
blog/category-bookmaker-comparisons.html,/blog/betshezi-vs-supabets-mobile-betting-south-africa-2026.html,Betshezi vs SupaBets: Best Mobile Betting App in SA (2026)
blog/category-bookmaker-comparisons.html,/blog/betway-vs-supabets-rugby-betting-south-africa-2026.html,Betway vs Supabets for Rugby Betting in South Africa 2026
blog/category-bookmaker-comparisons.html,/blog/betway-vs-world-sports-betting-south-africa-2026.html,Betway vs World Sports Betting South Africa 2026: Which Bookie Should You Use?
blog/category-bookmaker-comparisons.html,/blog/sunbet-vs-gbets-south-africa-2026.html,"Sunbet vs GBets South Africa 2026 — Two Underdogs, One Better Pick"
blog/category-bookmaker-comparisons.html,/blog/yesplay-vs-playabets-south-africa-2026.html,YesPlay vs PlayaBets South Africa 2026 — Which One Is Worth Your Money?
blog/category-bookmaker-comparisons.html,/blog/lottostar-vs-gbets-south-africa-2026.html,"Lottostar vs GBets South Africa 2026: Lucky Numbers, Odds &amp; Sports Compared"
blog/category-bookmaker-comparisons.html,/blog/yesplay-vs-10bet-south-africa-2026.html,"YesPlay vs 10bet South Africa 2026: Odds, App, Payouts &amp; Features Compared"
blog/category-bookmaker-comparisons.html,/blog/yesplay-vs-sunbet-south-africa-2026.html,YesPlay vs Sunbet South Africa 2026 — Which Bookmaker Is Worth Your Money?
blog/category-bookmaker-comparisons.html,/blog/betshezi-vs-betway-south-africa-2026.html,BetShezi vs Betway South Africa 2026 — KZN Challenger vs Market Leader
blog/category-bookmaker-comparisons.html,/blog/yesplay-vs-gbets-south-africa-2026.html,YesPlay vs Gbets South Africa 2026 — Which Bookmaker Is Better?
blog/category-bookmaker-comparisons.html,/blog/gbets-vs-sportingbet-south-africa-2026.html,Gbets vs Sportingbet South Africa 2026 — Which One Is Worth Your Rands?
blog/category-bookmaker-comparisons.html,/blog/yesplay-vs-wsb-south-africa-2026.html,YesPlay vs World Sports Betting South Africa 2026 — Which Bookmaker Wins?
blog/category-bookmaker-comparisons.html,/blog/supabets-vs-sportingbet-psl-betting-2026.html,SupaBets vs Sportingbet for PSL Betting 2026: Which is Better?
blog/category-bookmaker-comparisons.html,/blog/yesplay-vs-easybet-south-africa-2026.html,"YesPlay vs Easybet South Africa 2026: Odds, App, Payouts & Features Compared"
blog/category-bookmaker-comparisons.html,/blog/lottostar-vs-betway-south-africa-2026.html,LottoStar vs Betway South Africa 2026: Which Bookmaker Wins?
blog/category-bookmaker-comparisons.html,/blog/bet-co-za-vs-betway-south-africa-2026.html,Bet.co.za vs Betway South Africa 2026: Full Comparison
blog/category-bookmaker-comparisons.html,/blog/lottostar-vs-hollywoodbets-south-africa-2026.html,Lottostar vs Hollywoodbets South Africa 2026: Which Is Better?
blog/category-bookmaker-comparisons.html,/blog/gbets-vs-easybet-south-africa-2026.html,Gbets vs Easybet South Africa 2026: Which Budget Bookmaker Wins?
blog/category-bookmaker-comparisons.html,/blog/yesplay-vs-betway-south-africa-2026.html,YesPlay vs Betway: Which is Better for SA Bettors in 2026?
blog/category-bookmaker-comparisons.html,/blog/yesplay-vs-hollywoodbets-south-africa-2026.html,YesPlay vs Hollywoodbets: Which SA Bookmaker is Better in 2026?
blog/category-bookmaker-comparisons.html,/blog/betshezi-vs-hollywoodbets-south-africa-2026.html,Betshezi vs Hollywoodbets South Africa 2026 — Which Bookmaker Should You Choose?
blog/category-bookmaker-comparisons.html,/blog/gbets-vs-hollywoodbets-south-africa-2026.html,Gbets vs Hollywoodbets South Africa 2026 — Which Bookmaker Deserves Your Money?
blog/category-bookmaker-comparisons.html,/blog/gbets-vs-supabets-south-africa-2026.html,Gbets vs SupaBets South Africa 2026 — The Mid-Tier Bookmaker Battle
blog/category-bookmaker-comparisons.html,/blog/gbets-vs-betway-south-africa-2026.html,Gbets vs Betway South Africa 2026 — Which Bookmaker Should You Choose?
blog/category-bookmaker-comparisons.html,/blog/best-live-betting-sites-south-africa-2026.html,Best Live Betting Sites in South Africa (2026 Comparison)
blog/category-bookmaker-comparisons.html,/blog/supabets-vs-10bet-south-africa-2026.html,SupaBets vs 10bet South Africa 2026: Which Bookmaker is Better?
blog/category-bookmaker-comparisons.html,/blog/playabets-vs-wsb-south-africa-2026.html,Playabets vs World Sports Betting (WSB) South Africa 2026: The Full Comparison
blog/category-bookmaker-comparisons.html,/blog/sportingbet-vs-playabets-accumulator-betting-2026.html,Sportingbet vs Playabets: Which is Best for PSL Accumulator Bets? (2026)
blog/category-bookmaker-comparisons.html,/blog/supabets-vs-easybet-cricket-betting-2026.html,SupaBets vs Easybet: Which Has Better Odds for Cricket Betting in SA? (2026)
blog/category-bookmaker-comparisons.html,/blog/easybet-vs-sportingbet-south-africa-2026.html,Easybet vs Sportingbet South Africa 2026: The Honest Comparison
blog/category-bookmaker-comparisons.html,/blog/betfred-vs-betway-south-africa-2026.html,Betfred vs Betway South Africa 2026: The UK Newcomer's Big Bonus vs SA's Favourite Bookmaker
blog/category-bookmaker-comparisons.html,/blog/sunbet-vs-wsb-south-africa-2026.html,"Sunbet vs WSB (World Sports Betting) South Africa 2026: Odds, App, Lucky Numbers & Payouts Compared"
blog/category-bookmaker-comparisons.html,/blog/bet-co-za-vs-hollywoodbets-south-africa-2026.html,Bet.co.za vs Hollywoodbets South Africa 2026: The OG vs The People's Champ
blog/category-bookmaker-comparisons.html,/blog/betfred-vs-sportingbet-south-africa-2026.html,Betfred vs Sportingbet South Africa 2026: International Pedigree Meets Local Muscle
blog/category-bookmaker-comparisons.html,/blog/playabets-vs-easybet-south-africa-2026.html,Playabets vs Easybet South Africa 2026: Which Budget Bookmaker Is Better?
blog/category-bookmaker-comparisons.html,/blog/betfred-vs-hollywoodbets-south-africa-2026.html,Betfred vs Hollywoodbets South Africa 2026: The UK Giant vs the People's Bookmaker
blog/category-bookmaker-comparisons.html,/blog/playabets-vs-supabets-south-africa-2026.html,Playabets vs Supabets South Africa 2026: Which Budget Bookmaker Is Better?
blog/category-bookmaker-comparisons.html,/blog/sunbet-vs-easybet-south-africa-2026.html,"Sunbet vs Easybet South Africa 2026: Bonuses, Odds, Payouts & App Compared"
blog/category-bookmaker-comparisons.html,/blog/wsb-vs-hollywoodbets-south-africa-2026.html,World Sports Betting vs Hollywoodbets South Africa 2026: Full Comparison
blog/category-bookmaker-comparisons.html,/blog/sunbet-vs-supabets-south-africa-2026.html,Sunbet vs Supabets South Africa 2026: Casino Loyalty vs Budget Betting
blog/category-bookmaker-comparisons.html,/blog/t20-world-cup-final-india-vs-new-zealand-betting-guide-2026.html,T20 World Cup Final 2026: India vs New Zealand — Betting Guide for South African Punters
blog/category-bookmaker-comparisons.html,/blog/easybet-vs-10bet-south-africa-2026.html,Easybet vs 10bet South Africa 2026: The Budget Bookmaker Showdown
blog/category-bookmaker-comparisons.html,/blog/sunbet-vs-sportingbet-south-africa-2026.html,Sunbet vs Sportingbet South Africa 2026: Which One Actually Suits You?
blog/category-bookmaker-comparisons.html,/blog/betway-vs-easybet-south-africa-2026.html,"Betway vs Easybet South Africa 2026: Odds, App, Payouts & Features Compared"
blog/category-bookmaker-comparisons.html,/blog/playabets-vs-betway-south-africa-2026.html,Playabets vs Betway South Africa 2026: Head-to-Head Comparison
blog/category-bookmaker-comparisons.html,/blog/sunbet-vs-betway-south-africa-2026.html,Sunbet vs Betway South Africa 2026: Which Bookmaker Should You Choose?
blog/category-bookmaker-comparisons.html,/blog/betway-vs-wsb-south-africa-2026.html,"Betway vs WSB South Africa 2026: Odds, App, Horse Racing & More Compared"
blog/category-bookmaker-comparisons.html,/blog/10bet-vs-supabets-south-africa-2026.html,10Bet vs Supabets South Africa 2026: Which Bookmaker Is Right for You?
blog/category-bookmaker-comparisons.html,/blog/hollywoodbets-vs-easybet-south-africa-2026.html,Hollywoodbets vs Easybet South Africa 2026: Which Bookmaker is Better?
blog/category-bookmaker-comparisons.html,/blog/sunbet-vs-hollywoodbets-south-africa-2026.html,Sunbet vs Hollywoodbets: Which SA Bookmaker is Right for You in 2026?
blog/category-bookmaker-comparisons.html,/blog/playabets-vs-hollywoodbets-south-africa-2026.html,Playabets vs Hollywoodbets 2026: Which SA Bookmaker is Better?
blog/category-bookmaker-comparisons.html,/blog/betway-vs-supabets-south-africa-2026.html,Betway vs SupaBets South Africa 2026: Which Bookmaker is Better?
blog/category-bookmaker-comparisons.html,/blog/hollywoodbets-vs-sportingbet-2026.html,Hollywoodbets vs Sportingbet: Which SA Bookmaker Should You Choose in 2026?
blog/category-bookmaker-comparisons.html,/blog/betway-vs-10bet-south-africa-2026.html,"Betway vs 10bet South Africa 2026: Odds, App, Payouts & PSL Compared"
blog/category-bookmaker-comparisons.html,/blog/hollywoodbets-vs-10bet-south-africa-2026.html,Hollywoodbets vs 10bet: Which SA Bookmaker is Better in 2026?
blog/category-bookmaker-comparisons.html,/blog/polymarket-vs-kalshi-vs-sa-bookmakers-2026.html,Polymarket vs Kalshi vs SA Bookmakers: Where's the Smart Money in 2026?
blog/category-bookmaker-comparisons.html,/blog/easybet-vs-world-sports-betting-psl-2026.html,Easybet vs World Sports Betting (WSB): Best for PSL Betting in SA (2026)
blog/category-bookmaker-comparisons.html,/blog/hollywoodbets-vs-supabets-2026.html,Hollywoodbets vs SupaBets: Best for PSL & Soccer Betting in SA (2026)
blog/category-bookmaker-comparisons.html,/blog/chiefs-vs-pirates-derby-betting-guide-2026.html,Soweto Derby Betting Guide (Chiefs vs Pirates) 2026: Markets and Angles
blog/category-bookmaker-comparisons.html,/blog/betway-vs-hollywoodbets.html,Betway vs Hollywoodbets: Which is Better for SA Bettors in 2026?
blog/category-bookmaker-comparisons.html,/blog/sportingbet-vs-supabets.html,Sportingbet vs Supabets: Complete SA Bookmaker Comparison
blog/category-bookmaker-comparisons.html,/about.html,About
blog/category-bookmaker-comparisons.html,/editorial-policy.html,Editorial Policy
blog/category-bookmaker-comparisons.html,/responsible-gambling.html,Responsible Gambling
blog/category-bookmaker-comparisons.html,/privacy.html,Privacy
blog/category-bookmaker-comparisons.html,/contact.html,Contact
blog/category-bookmaker-comparisons.html,/blog/,Blog
blog/category-bookmaker-comparisons.html,/blog/category-bookmaker-comparisons.html,Bookmaker Comparisons
blog/category-bookmaker-comparisons.html,/glossary.html,Glossary
blog/category-bookmaker-reviews.html,/,BetSorted
blog/category-bookmaker-reviews.html,/#comparison,Compare
blog/category-bookmaker-reviews.html,/bookmakers/,Bookmakers
blog/category-bookmaker-reviews.html,/glossary.html,Glossary
blog/category-bookmaker-reviews.html,/calculators.html,Calculators
blog/category-bookmaker-reviews.html,/blog/,Blog
blog/category-bookmaker-reviews.html,/psl-match-centre.html,⚽ PSL Live
blog/category-bookmaker-reviews.html,/prediction-markets.html,💰 Smart Money
blog/category-bookmaker-reviews.html,/,Home
blog/category-bookmaker-reviews.html,/blog/,Blog
blog/category-bookmaker-reviews.html,/blog/,Back to all guides
blog/category-bookmaker-reviews.html,/blog/betmaster-review-south-africa-2026.html,Betmaster Review South Africa 2026 — Is It Worth Signing Up?
blog/category-bookmaker-reviews.html,/blog/lottostar-review-south-africa-2026.html,"LottoStar Review South Africa (2026): Lucky Numbers, Virtual Games & Sports Betting"
blog/category-bookmaker-reviews.html,/blog/new-betting-sites-south-africa-april-2026.html,New Betting Sites South Africa April 2026 — Latest Bookmakers Reviewed
blog/category-bookmaker-reviews.html,/blog/yesplay-review-south-africa-2026.html,"YesPlay Review South Africa (2026): Sports, Casino & Lucky Numbers"
blog/category-bookmaker-reviews.html,/blog/betolimp-review-south-africa-2026.html,"BetOlimp Review South Africa 2026: Soccer, Live Betting, Bet Boosts and Payout Checks"
blog/category-bookmaker-reviews.html,/blog/gbets-review-south-africa-2026.html,Gbets Review South Africa 2026 — Full Sportsbook & Casino Breakdown
blog/category-bookmaker-reviews.html,/blog/betshezi-review-south-africa-2026.html,Betshezi Review South Africa 2026 — Is the New Bookmaker Worth It?
blog/category-bookmaker-reviews.html,/blog/betfred-review-south-africa-2026.html,Betfred South Africa Review 2026: Is the UK Giant Worth Your Time?
blog/category-bookmaker-reviews.html,/blog/10bet-review-south-africa-2026.html,10bet Review South Africa (2026): International Odds and SA Payment Options
blog/category-bookmaker-reviews.html,/blog/bet-co-za-review-south-africa-2026.html,"Bet.co.za Review South Africa (2026): Local Markets, ZAR Payouts, and Value"
blog/category-bookmaker-reviews.html,/blog/betway-review-south-africa-2026.html,"Betway Review South Africa (2026): Odds, App, Payments, and PSL Value"
blog/category-bookmaker-reviews.html,/blog/easybet-review-south-africa-2026.html,"Easybet Review South Africa (2026): Simple UX, PSL Odds, and Fast Deposits"
blog/category-bookmaker-reviews.html,/blog/hollywoodbets-review-south-africa-2026.html,"Hollywoodbets Review South Africa (2026): Local Strength, Racing Depth, and PSL Coverage"
blog/category-bookmaker-reviews.html,/blog/playabets-review-south-africa-2026.html,"Playabets Review South Africa (2026): Promotions, PSL Betting, and Local Banking"
blog/category-bookmaker-reviews.html,/blog/sportingbet-review-south-africa-2026.html,"Sportingbet Review South Africa (2026): Streaming, Multi-Sport Coverage, and SA Payments"
blog/category-bookmaker-reviews.html,/blog/sunbet-review-south-africa-2026.html,Sunbet Review South Africa (2026): Sun International Backing and SA Banking
blog/category-bookmaker-reviews.html,/blog/supabets-review-south-africa-2026.html,Supabets Review South Africa (2026): PSL Market Depth and Local Value
blog/category-bookmaker-reviews.html,/blog/wsb-review-south-africa-2026.html,"World Sports Betting Review South Africa (2026): WSB App, Odds, and Local Banking"
blog/category-bookmaker-reviews.html,/about.html,About
blog/category-bookmaker-reviews.html,/editorial-policy.html,Editorial Policy
blog/category-bookmaker-reviews.html,/responsible-gambling.html,Responsible Gambling
blog/category-bookmaker-reviews.html,/privacy.html,Privacy
blog/category-bookmaker-reviews.html,/contact.html,Contact
blog/category-bookmaker-reviews.html,/blog/,Blog
blog/category-bookmaker-reviews.html,/blog/category-bookmaker-comparisons.html,Bookmaker Comparisons
blog/category-cricket.html,/,BetSorted
blog/category-cricket.html,/#comparison,Compare
blog/category-cricket.html,/bookmakers/,Bookmakers
blog/category-cricket.html,/glossary.html,Glossary
blog/category-cricket.html,/calculators.html,Calculators
blog/category-cricket.html,/blog/,Blog
blog/category-cricket.html,/psl-match-centre.html,⚽ PSL Live
blog/category-cricket.html,/prediction-markets.html,💰 Smart Money
blog/category-cricket.html,/,Home
blog/category-cricket.html,/blog/,Blog
blog/category-cricket.html,/blog/,Back to all guides
blog/category-cricket.html,/blog/best-cricket-betting-sites-south-africa-2026.html,Best Betting Sites for Cricket in South Africa (2026)
blog/category-cricket.html,/blog/how-to-bet-on-t20-cricket-march-2026-series.html,How to Bet on T20 Cricket: South Africa's March 2026 Series Guide
blog/category-cricket.html,/blog/ipl-betting-guide-south-africa.html,IPL Betting Guide for South Africans | BetSorted
blog/category-cricket.html,/blog/how-to-bet-on-ipl-2026-south-africa.html,How to Bet on the IPL 2026 from South Africa — Complete Guide
blog/category-cricket.html,/blog/cricket-betting-guide-south-africa-2026.html,"Cricket Betting Guide South Africa 2026: Markets, Tips &amp; Best Bookmakers | BetSorted"
blog/category-cricket.html,/blog/proteas-cricket-betting-guide-2026.html,Proteas Cricket Betting Guide 2026 — How to Bet on South Africa Cricket
blog/category-cricket.html,/blog/sa20-betting-guide-2026.html,"SA20 2026 Betting Guide: Odds, Markets & Calculator Tips"
blog/category-cricket.html,/about.html,About
blog/category-cricket.html,/editorial-policy.html,Editorial Policy
blog/category-cricket.html,/responsible-gambling.html,Responsible Gambling
blog/category-cricket.html,/privacy.html,Privacy
blog/category-cricket.html,/contact.html,Contact
blog/category-cricket.html,/blog/,Blog
blog/category-cricket.html,/blog/category-bookmaker-comparisons.html,Bookmaker Comparisons
blog/category-payments-fica.html,/,BetSorted
blog/category-payments-fica.html,/#comparison,Compare
blog/category-payments-fica.html,/bookmakers/,Bookmakers
blog/category-payments-fica.html,/glossary.html,Glossary
blog/category-payments-fica.html,/calculators.html,Calculators
blog/category-payments-fica.html,/blog/,Blog
blog/category-payments-fica.html,/psl-match-centre.html,⚽ PSL Live
blog/category-payments-fica.html,/prediction-markets.html,💰 Smart Money
blog/category-payments-fica.html,/,Home
blog/category-payments-fica.html,/blog/,Blog
blog/category-payments-fica.html,/blog/,Back to all guides
blog/category-payments-fica.html,/blog/payshap-betting-deposits-withdrawals-south-africa-2026.html,PayShap Betting Deposits and Withdrawals South Africa 2026
blog/category-payments-fica.html,/blog/betting-tax-south-africa-2026.html,Betting Tax South Africa 2026: Are Your Winnings Taxed?
blog/category-payments-fica.html,/blog/fastest-paying-bookmakers-south-africa-may-2026.html,Fastest Paying Bookmakers in South Africa: May 2026 Withdrawal Guide
blog/category-payments-fica.html,/blog/fica-verification-guide-south-africa-2026.html,How to FICA Verify Your Betting Account in South Africa (2026 Guide)
blog/category-payments-fica.html,/blog/withdrawal-times-south-africa-bookmakers-2026.html,Bookmaker Withdrawal Times South Africa 2026 — How Long Does It Really Take?
blog/category-payments-fica.html,/blog/how-to-withdraw-betting-sites-south-africa-2026.html,How to Withdraw from Betting Sites in South Africa 2026
blog/category-payments-fica.html,/blog/voucher-deposits-betting-south-africa-2026.html,"Voucher Deposits for Betting in South Africa (2026): 1Voucher, OTT, Blu & Kazang"
blog/category-payments-fica.html,/blog/best-deposit-methods-betting-south-africa-2026.html,Best Deposit Methods for Betting Sites in South Africa (2026 Guide)
blog/category-payments-fica.html,/blog/best-low-deposit-betting-sites-south-africa-2026.html,Best Low Deposit Betting Sites in South Africa 2026
blog/category-payments-fica.html,/blog/best-betting-bonuses-south-africa-2026.html,"Best Betting Bonuses South Africa 2026: Welcome Offers, Free Bets &amp; No-Deposit Deals"
blog/category-payments-fica.html,/blog/capitec-pay-betting-payments-south-africa.html,Capitec Pay for Betting: Fast Deposits for SA Punters (2026 Guide)
blog/category-payments-fica.html,/blog/card-payments-betting-visa-mastercard-south-africa.html,Card Payments for Betting in South Africa: Visa and Mastercard Explained
blog/category-payments-fica.html,/blog/eft-betting-payments-south-africa.html,"EFT Betting Payments in South Africa: How It Works, Fees, and Payout Times"
blog/category-payments-fica.html,/blog/fnb-standard-bank-transfer-betting.html,FNB and Standard Bank Transfers for Betting: SA Deposit and Withdrawal Guide
blog/category-payments-fica.html,/blog/instant-eft-betting-payments-south-africa.html,Instant EFT Betting Payments in South Africa: Fast Deposits and Withdrawals
blog/category-payments-fica.html,/blog/ozow-betting-payments-south-africa.html,Ozow Betting Payments in South Africa: Instant Deposits and What to Know
blog/category-payments-fica.html,/about.html,About
blog/category-payments-fica.html,/editorial-policy.html,Editorial Policy
blog/category-payments-fica.html,/responsible-gambling.html,Responsible Gambling
blog/category-payments-fica.html,/privacy.html,Privacy
blog/category-payments-fica.html,/contact.html,Contact
blog/category-payments-fica.html,/blog/,Blog
blog/category-payments-fica.html,/blog/category-bookmaker-comparisons.html,Bookmaker Comparisons
blog/category-psl.html,/,BetSorted
blog/category-psl.html,/#comparison,Compare
blog/category-psl.html,/bookmakers/,Bookmakers
blog/category-psl.html,/glossary.html,Glossary
blog/category-psl.html,/calculators.html,Calculators
blog/category-psl.html,/blog/,Blog
blog/category-psl.html,/psl-match-centre.html,⚽ PSL Live
blog/category-psl.html,/prediction-markets.html,💰 Smart Money
blog/category-psl.html,/,Home
blog/category-psl.html,/blog/,Blog
blog/category-psl.html,/blog/,Back to all guides
blog/category-psl.html,/blog/weekend-betting-tips-psl-currie-cup-august-14-2026.html,Weekend Betting Tips PSL and Currie Cup 2026
blog/category-psl.html,/blog/mtn8-semi-final-betting-guide-south-africa-2026.html,MTN8 Semi Final Betting Guide South Africa 2026
blog/category-psl.html,/blog/mtn8-quarter-finals-betting-guide-august-2026.html,MTN8 Quarter-Finals Betting Guide August 2026
blog/category-psl.html,/blog/psl-newly-promoted-clubs-betting-guide-2026-27.html,PSL Newly Promoted Clubs Betting Guide 2026/27
blog/category-psl.html,/blog/betway-premiership-2026-27-opening-weekend-betting-guide.html,Betway Premiership 2026/27 Opening Weekend Betting Guide
blog/category-psl.html,/blog/mtn8-betting-guide-south-africa-2026.html,MTN8 Betting Guide South Africa 2026: How to Bet PSL Cup Football Without Guessing
blog/category-psl.html,/blog/nedbank-cup-betting-guide.html,Nedbank Cup Betting Guide for South Africans | BetSorted
blog/category-psl.html,/blog/psl-playoffs-2026-betting-guide.html,"PSL Playoffs 2026 Betting Guide — Top 8 Odds, Predictions &amp; Best Bookmakers"
blog/category-psl.html,/blog/psl-relegation-battle-betting-guide-2026.html,PSL Relegation Battle 2026: Who Goes Down? Betting Guide & Odds
blog/category-psl.html,/blog/psl-title-race-betting-guide.html,PSL Title Race Betting Guide for South Africans | BetSorted
blog/category-psl.html,/blog/soweto-derby-betting-guide.html,Soweto Derby Betting Guide for South Africans | BetSorted
blog/category-psl.html,/blog/how-to-bet-on-psl-relegation-promotion-south-africa-2026.html,How to Bet on PSL Relegation and Promotion Markets in South Africa
blog/category-psl.html,/blog/psl-offseason-transfer-betting-guide-2026.html,PSL Offseason Transfer Betting Guide 2026: How SA Punters Should Price the Rumour Window
blog/category-psl.html,/blog/psl-bet-builder-guide-south-africa-2026.html,PSL Bet Builder Guide for South African Punters 2026
blog/category-psl.html,/blog/how-to-build-psl-rugby-cricket-accumulator-south-africa-2026.html,"How to Build PSL, Rugby and Cricket Accumulators Without Donating to the Bookie"
blog/category-psl.html,/blog/weekend-sa-accumulator-tips-april-12-2026.html,"Weekend Accumulator Tips — Easter PSL Best Bets, April 2026 🏆"
blog/category-psl.html,/blog/how-to-bet-on-psl-south-africa-2026.html,How to Bet on PSL in South Africa (2026)
blog/category-psl.html,/blog/nedbank-cup-2026-final-betting-guide.html,"Nedbank Cup 2026 Final Betting Guide — Odds, Tips & Best Bookmakers"
blog/category-psl.html,/blog/psl-golden-boot-2026-top-scorer-betting-guide.html,PSL Golden Boot 2026: Who Will Be Top Scorer? Betting Guide
blog/category-psl.html,/blog/best-psl-betting-site-2026.html,"Best PSL Betting Sites in South Africa (2026): Local Depth, Odds, and Payouts"
blog/category-psl.html,/blog/kaizer-chiefs-betting-guide-2026.html,"Kaizer Chiefs Betting Guide (2026): Markets, Angles, and SA Bookmakers"
blog/category-psl.html,/blog/mamelodi-sundowns-betting-guide-2026.html,"Mamelodi Sundowns Betting Guide (2026): Odds, Trends, and PSL Markets"
blog/category-psl.html,/blog/orlando-pirates-betting-guide-2026.html,"Orlando Pirates Betting Guide (2026): Markets, Value Spots, and PSL Tips"
blog/category-psl.html,/blog/south-africa-betting-glossary.html,"South Africa Betting Glossary: SA-Specific Terms, Payments, and PSL Lingo"
blog/category-psl.html,/blog/stellenbosch-fc-betting-guide-2026.html,Stellenbosch FC Betting Guide (2026): PSL Markets and Value Angles
blog/category-psl.html,/blog/supersport-united-betting-guide-2026.html,SuperSport United Betting Guide (2026): PSL Angles and Best Markets
blog/category-psl.html,/about.html,About
blog/category-psl.html,/editorial-policy.html,Editorial Policy
blog/category-psl.html,/responsible-gambling.html,Responsible Gambling
blog/category-psl.html,/privacy.html,Privacy
blog/category-psl.html,/contact.html,Contact
blog/category-psl.html,/blog/,Blog
blog/category-psl.html,/blog/category-bookmaker-comparisons.html,Bookmaker Comparisons
blog/category-rugby.html,/,BetSorted
blog/category-rugby.html,/#comparison,Compare
blog/category-rugby.html,/bookmakers/,Bookmakers
blog/category-rugby.html,/glossary.html,Glossary
blog/category-rugby.html,/calculators.html,Calculators
blog/category-rugby.html,/blog/,Blog
blog/category-rugby.html,/psl-match-centre.html,⚽ PSL Live
blog/category-rugby.html,/prediction-markets.html,💰 Smart Money
blog/category-rugby.html,/,Home
blog/category-rugby.html,/blog/,Blog
blog/category-rugby.html,/blog/,Back to all guides
blog/category-rugby.html,/blog/weekend-betting-tips-currie-cup-psl-august-21-2026.html,Weekend Betting Tips South Africa 2026: Currie Cup and PSL Acca Guide
blog/category-rugby.html,/blog/how-to-bet-on-currie-cup-south-africa-2026.html,How to Bet on Currie Cup Matches in South Africa (2026 Guide)
blog/category-rugby.html,/blog/currie-cup-betting-odds-south-africa-2026.html,Currie Cup Betting Odds South Africa 2026
blog/category-rugby.html,/blog/springboks-vs-argentina-august-2026-betting-guide.html,Springboks vs Argentina August 2026 Betting Guide
blog/category-rugby.html,/blog/how-to-bet-nations-championship-2026.html,How to Bet on the Nations Championship 2026 — Your Springboks Betting Guide
blog/category-rugby.html,/blog/urc-playoffs-betting-guide.html,URC Playoffs Betting Guide for South Africans | BetSorted
blog/category-rugby.html,/blog/springboks-july-tests-2026-betting-calculator-guide.html,Springboks July Tests 2026: Betting Calculator Guide for South Africans
blog/category-rugby.html,/blog/rugby-handicap-calculator-south-africa-2026.html,Rugby Handicap Calculator Guide for South African Punters
blog/category-rugby.html,/blog/best-urc-betting-sites-south-africa-2026.html,Best URC Betting Sites in South Africa 2026
blog/category-rugby.html,/blog/sa-rugby-cricket-accumulator-calculator-may-2026.html,SA Rugby and Cricket Accumulator Calculator Guide
blog/category-rugby.html,/blog/springboks-handicap-totals-betting-guide-2026.html,Springboks Handicap and Totals Betting Guide 2026: How SA Punters Should Price the Boks
blog/category-rugby.html,/blog/best-live-rugby-betting-sites-south-africa-2026.html,Best Live Rugby Betting Sites in South Africa 2026
blog/category-rugby.html,/blog/how-to-bet-on-rugby-south-africa-2026.html,How to Bet on Rugby in South Africa: Complete Guide for 2026
blog/category-rugby.html,/blog/urc-2026-sa-teams-betting-guide.html,"URC 2026 SA Teams Betting Guide: Bulls, Sharks, Stormers & Lions"
blog/category-rugby.html,/blog/best-rugby-betting-sites-south-africa-2026.html,Best Rugby Betting Sites South Africa 2026: Top 5 Bookmakers Compared
blog/category-rugby.html,/blog/springboks-2026-betting-guide.html,"Springboks 2026 Betting Guide: Every Fixture, Odds &amp; Best Markets for SA Punters"
blog/category-rugby.html,/blog/weekend-rugby-accumulator-guide-february-21-2026.html,Weekend Rugby Accumulator Guide (21-22 Feb 2026): Six Nations &amp; URC Best Bets
blog/category-rugby.html,/blog/rugby-championship-2026-betting-guide.html,Rugby Championship 2026 Betting Guide for SA Punters
blog/category-rugby.html,/about.html,About
blog/category-rugby.html,/editorial-policy.html,Editorial Policy
blog/category-rugby.html,/responsible-gambling.html,Responsible Gambling
blog/category-rugby.html,/privacy.html,Privacy
blog/category-rugby.html,/contact.html,Contact
blog/category-rugby.html,/blog/,Blog
blog/category-rugby.html,/blog/category-bookmaker-comparisons.html,Bookmaker Comparisons
blog/category-world-cup.html,/,BetSorted
blog/category-world-cup.html,/#comparison,Compare
blog/category-world-cup.html,/bookmakers/,Bookmakers
blog/category-world-cup.html,/glossary.html,Glossary
blog/category-world-cup.html,/calculators.html,Calculators
blog/category-world-cup.html,/blog/,Blog
blog/category-world-cup.html,/psl-match-centre.html,⚽ PSL Live
blog/category-world-cup.html,/prediction-markets.html,💰 Smart Money
blog/category-world-cup.html,/,Home
blog/category-world-cup.html,/blog/,Blog
blog/category-world-cup.html,/blog/,Back to all guides
blog/category-world-cup.html,/world-cup-zone.html,World Cup hub
blog/category-world-cup.html,/blog/world-cup-2026-betting-lessons-south-africa.html,World Cup 2026 Betting Lessons for South Africans
blog/category-world-cup.html,/blog/bafana-world-cup-betting-guide.html,Bafana World Cup Betting Guide for South Africans | BetSorted
blog/category-world-cup.html,/blog/world-cup-2026-group-stage-results-sa-betting-guide.html,"World Cup 2026 Group Stage: SA Bettors' Complete Guide to Odds, Markets & Bookmakers"
blog/category-world-cup.html,/blog/fifa-world-cup-2026-betting-guide-south-africa.html,FIFA World Cup 2026 Betting Guide: Everything SA Punters Need to Know
blog/category-world-cup.html,/blog/proteas-womens-t20-world-cup-betting-guide-2026.html,Proteas Women T20 World Cup Betting Guide 2026
blog/category-world-cup.html,/blog/same-game-multi-psl-bafana-rugby-guide-2026.html,"Same Game Multi Guide for PSL, Bafana and Rugby 2026"
blog/category-world-cup.html,/blog/best-bookmakers-world-cup-2026-south-africa.html,Best Bookmakers for FIFA World Cup 2026 in South Africa
blog/category-world-cup.html,/blog/how-to-bet-fifa-world-cup-2026-south-africa.html,How to Bet on the 2026 FIFA World Cup — South Africa Guide
blog/category-world-cup.html,/about.html,About
blog/category-world-cup.html,/editorial-policy.html,Editorial Policy
blog/category-world-cup.html,/responsible-gambling.html,Responsible Gambling
blog/category-world-cup.html,/privacy.html,Privacy
blog/category-world-cup.html,/contact.html,Contact
blog/category-world-cup.html,/blog/,Blog
blog/category-world-cup.html,/blog/category-bookmaker-comparisons.html,Bookmaker Comparisons
blog/champions-league-round-of-16-betting-guide-south-africa-2026.html,/,BetSorted
blog/champions-league-round-of-16-betting-guide-south-africa-2026.html,/#comparison,Compare
blog/champions-league-round-of-16-betting-guide-south-africa-2026.html,/bookmakers/,Bookmakers
blog/champions-league-round-of-16-betting-guide-south-africa-2026.html,/glossary.html,Glossary
blog/champions-league-round-of-16-betting-guide-south-africa-2026.html,/calculators.html,Calculators
blog/champions-league-round-of-16-betting-guide-south-africa-2026.html,/blog/,Blog
blog/champions-league-round-of-16-betting-guide-south-africa-2026.html,/psl-match-centre.html,⚽ PSL Live
blog/champions-league-round-of-16-betting-guide-south-africa-2026.html,/prediction-markets.html,💰 Smart Money
blog/champions-league-round-of-16-betting-guide-south-africa-2026.html,/blog/category-betting-guides-strategy.html,Click here
blog/chiefs-vs-pirates-derby-betting-guide-2026.html,/,BetSorted
blog/chiefs-vs-pirates-derby-betting-guide-2026.html,/#comparison,Compare
blog/chiefs-vs-pirates-derby-betting-guide-2026.html,/bookmakers/,Bookmakers
blog/chiefs-vs-pirates-derby-betting-guide-2026.html,/glossary.html,Glossary
blog/chiefs-vs-pirates-derby-betting-guide-2026.html,/calculators.html,Calculators
blog/chiefs-vs-pirates-derby-betting-guide-2026.html,/blog/,Blog
blog/chiefs-vs-pirates-derby-betting-guide-2026.html,/psl-match-centre.html,⚽ PSL Live
blog/chiefs-vs-pirates-derby-betting-guide-2026.html,/prediction-markets.html,💰 Smart Money
blog/chiefs-vs-pirates-derby-betting-guide-2026.html,/,Home
blog/chiefs-vs-pirates-derby-betting-guide-2026.html,/blog/,Blog
blog/chiefs-vs-pirates-derby-betting-guide-2026.html,/blog/,← Back to Blog
blog/chiefs-vs-pirates-derby-betting-guide-2026.html,/odds-comparison.html,odds comparison page
blog/chiefs-vs-pirates-derby-betting-guide-2026.html,/accumulator-calculator.html,accumulator calculator
blog/chiefs-vs-pirates-derby-betting-guide-2026.html,/odds-comparison.html,odds comparison tool
blog/chiefs-vs-pirates-derby-betting-guide-2026.html,/blog/betway-review-south-africa-2026.html,Betway
blog/chiefs-vs-pirates-derby-betting-guide-2026.html,/blog/sportingbet-review-south-africa-2026.html,Sportingbet
blog/chiefs-vs-pirates-derby-betting-guide-2026.html,/blog/supabets-review-south-africa-2026.html,Supabets
blog/chiefs-vs-pirates-derby-betting-guide-2026.html,/blog/hollywoodbets-review-south-africa-2026.html,Hollywoodbets
blog/chiefs-vs-pirates-derby-betting-guide-2026.html,/betting-calculator.html,betting calculator
blog/chiefs-vs-pirates-derby-betting-guide-2026.html,/accumulator-calculator.html,accumulator calculator
blog/chiefs-vs-pirates-derby-betting-guide-2026.html,/blog/instant-eft-betting-payments-south-africa.html,Instant EFT
blog/chiefs-vs-pirates-derby-betting-guide-2026.html,/blog/ozow-betting-payments-south-africa.html,Ozow
blog/chiefs-vs-pirates-derby-betting-guide-2026.html,/blog/best-psl-betting-site-2026.html,best PSL betting sites
blog/chiefs-vs-pirates-derby-betting-guide-2026.html,/blog/betway-review-south-africa-2026.html,Betway
blog/chiefs-vs-pirates-derby-betting-guide-2026.html,/blog/supabets-review-south-africa-2026.html,Supabets
blog/chiefs-vs-pirates-derby-betting-guide-2026.html,/blog/best-betway-alternatives-south-africa-june-2026.html,Best Betway Alternatives for South African Bettors (June 2026)
blog/chiefs-vs-pirates-derby-betting-guide-2026.html,/blog/betfred-vs-10bet-south-africa-2026.html,Betfred vs 10bet South Africa 2026: International Bookmaker Showdown
blog/chiefs-vs-pirates-derby-betting-guide-2026.html,/blog/category-bookmaker-comparisons.html,Bookmaker Comparisons
blog/chiefs-vs-pirates-derby-betting-guide-2026.html,/blog/gbets-vs-10bet-south-africa-2026.html,Gbets vs 10bet South Africa 2026 — Which Bookmaker Wins?
blog/chiefs-vs-pirates-derby-betting-guide-2026.html,/blog/,← Back to Blog
blog/chiefs-vs-pirates-derby-betting-guide-2026.html,/about.html,About
blog/chiefs-vs-pirates-derby-betting-guide-2026.html,/editorial-policy.html,Editorial Policy
blog/chiefs-vs-pirates-derby-betting-guide-2026.html,/responsible-gambling.html,Responsible Gambling
blog/chiefs-vs-pirates-derby-betting-guide-2026.html,/privacy.html,Privacy
blog/chiefs-vs-pirates-derby-betting-guide-2026.html,/contact.html,Contact
blog/chiefs-vs-pirates-derby-betting-guide-2026.html,/blog/,Blog
blog/chiefs-vs-pirates-derby-betting-guide-2026.html,/blog/category-bookmaker-comparisons.html,Bookmaker Comparisons
blog/comrades-marathon-2026-betting-guide.html,/,BetSorted
blog/comrades-marathon-2026-betting-guide.html,/#comparison,Compare
blog/comrades-marathon-2026-betting-guide.html,/bookmakers/,Bookmakers
blog/comrades-marathon-2026-betting-guide.html,/glossary.html,Glossary
blog/comrades-marathon-2026-betting-guide.html,/calculators.html,Calculators
blog/comrades-marathon-2026-betting-guide.html,/blog/,Blog
blog/comrades-marathon-2026-betting-guide.html,/psl-match-centre.html,⚽ PSL Live
blog/comrades-marathon-2026-betting-guide.html,/prediction-markets.html,💰 Smart Money
blog/comrades-marathon-2026-betting-guide.html,/,Home
blog/comrades-marathon-2026-betting-guide.html,/blog/,Blog
blog/comrades-marathon-2026-betting-guide.html,/,Try the Accumulator Calculator
blog/comrades-marathon-2026-betting-guide.html,/blog/5-common-betting-mistakes-south-africa-2026.html,5 Common Betting Mistakes South African Punters Make (And How to Avoid Them)
blog/comrades-marathon-2026-betting-guide.html,/blog/aviator-betting-sites-south-africa-2026.html,Aviator Betting Sites South Africa 2026 — Best Apps & Strategy
blog/comrades-marathon-2026-betting-guide.html,/blog/best-betting-sites-beginners-south-africa-2026.html,Best Betting Sites for Beginners in South Africa 2026 — Start Here
blog/comrades-marathon-2026-betting-guide.html,/blog/category-betting-guides-strategy.html,Betting Guides &amp; Strategy
blog/comrades-marathon-2026-betting-guide.html,/about.html,About
blog/comrades-marathon-2026-betting-guide.html,/editorial-policy.html,Editorial Policy
blog/comrades-marathon-2026-betting-guide.html,/responsible-gambling.html,Responsible Gambling
blog/comrades-marathon-2026-betting-guide.html,/privacy.html,Privacy
blog/comrades-marathon-2026-betting-guide.html,/contact.html,Contact
blog/comrades-marathon-2026-betting-guide.html,/blog/,Blog
blog/comrades-marathon-2026-betting-guide.html,/blog/category-bookmaker-comparisons.html,Bookmaker Comparisons
blog/comrades-marathon-2026-betting-guide.html,/,Home
blog/comrades-marathon-2026-betting-guide.html,/blog/,Blog
blog/comrades-marathon-2026-betting-guide.html,/#calculators,Calculators
blog/cricket-betting-guide-south-africa-2026.html,/,BetSorted
blog/cricket-betting-guide-south-africa-2026.html,/#comparison,Compare
blog/cricket-betting-guide-south-africa-2026.html,/bookmakers/,Bookmakers
blog/cricket-betting-guide-south-africa-2026.html,/glossary.html,Glossary
blog/cricket-betting-guide-south-africa-2026.html,/calculators.html,Calculators
blog/cricket-betting-guide-south-africa-2026.html,/blog/,Blog
blog/cricket-betting-guide-south-africa-2026.html,/psl-match-centre.html,⚽ PSL Live
blog/cricket-betting-guide-south-africa-2026.html,/prediction-markets.html,💰 Smart Money
blog/cricket-betting-guide-south-africa-2026.html,/,Home
blog/cricket-betting-guide-south-africa-2026.html,/blog/,Blog
blog/cricket-betting-guide-south-africa-2026.html,/blog/,← Back to Blog
blog/cricket-betting-guide-south-africa-2026.html,/blog/proteas-cricket-betting-guide-2026.html,Proteas cricket betting guide
blog/cricket-betting-guide-south-africa-2026.html,/blog/sa20-betting-guide-2026.html,SA20 betting guide
blog/cricket-betting-guide-south-africa-2026.html,/betting-calculator.html,betting calculator
blog/cricket-betting-guide-south-africa-2026.html,/blog/accumulator-betting-guide-south-africa-2026.html,accumulator betting guide
blog/cricket-betting-guide-south-africa-2026.html,/betting-calculator.html,betting calculator
blog/cricket-betting-guide-south-africa-2026.html,/blog/accumulator-betting-guide-south-africa-2026.html,accumulator betting guide
blog/cricket-betting-guide-south-africa-2026.html,/blog/live-betting-guide-south-africa-2026.html,live betting guide
blog/cricket-betting-guide-south-africa-2026.html,/betting-calculator.html,betting calculator
blog/cricket-betting-guide-south-africa-2026.html,/blog/betway-review-south-africa-2026.html,Betway
blog/cricket-betting-guide-south-africa-2026.html,/blog/hollywoodbets-review-south-africa-2026.html,Hollywoodbets
blog/cricket-betting-guide-south-africa-2026.html,/blog/sportingbet-review-south-africa-2026.html,Sportingbet
blog/cricket-betting-guide-south-africa-2026.html,/blog/10bet-review-south-africa-2026.html,10bet
blog/cricket-betting-guide-south-africa-2026.html,/blog/accumulator-betting-guide-south-africa-2026.html,accumulator betting guide
blog/cricket-betting-guide-south-africa-2026.html,/blog/proteas-cricket-betting-guide-2026.html,Proteas cricket betting guide
blog/cricket-betting-guide-south-africa-2026.html,/blog/sa20-betting-guide-2026.html,SA20 betting guide
blog/cricket-betting-guide-south-africa-2026.html,/blog/how-to-use-betting-calculators-south-africa.html,betting calculator guide
blog/cricket-betting-guide-south-africa-2026.html,/best-betting-apps.html,best betting apps in South Africa
blog/cricket-betting-guide-south-africa-2026.html,/blog/betway-review-south-africa-2026.html,Betway review
blog/cricket-betting-guide-south-africa-2026.html,/blog/hollywoodbets-review-south-africa-2026.html,Hollywoodbets review
blog/cricket-betting-guide-south-africa-2026.html,/blog/sportingbet-review-south-africa-2026.html,Sportingbet
blog/cricket-betting-guide-south-africa-2026.html,/blog/10bet-review-south-africa-2026.html,10bet
blog/cricket-betting-guide-south-africa-2026.html,/blog/best-cricket-betting-sites-south-africa-2026.html,Best Betting Sites for Cricket in South Africa (2026)
blog/cricket-betting-guide-south-africa-2026.html,/blog/category-cricket.html,Cricket
blog/cricket-betting-guide-south-africa-2026.html,/blog/how-to-bet-on-t20-cricket-march-2026-series.html,How to Bet on T20 Cricket: South Africa's March 2026 Series Guide
blog/cricket-betting-guide-south-africa-2026.html,/blog/ipl-betting-guide-south-africa.html,IPL Betting Guide for South Africans | BetSorted
blog/cricket-betting-guide-south-africa-2026.html,/blog/,← Back to Blog
blog/cricket-betting-guide-south-africa-2026.html,/about.html,About
blog/cricket-betting-guide-south-africa-2026.html,/editorial-policy.html,Editorial Policy
blog/cricket-betting-guide-south-africa-2026.html,/responsible-gambling.html,Responsible Gambling
blog/cricket-betting-guide-south-africa-2026.html,/privacy.html,Privacy
blog/cricket-betting-guide-south-africa-2026.html,/contact.html,Contact
blog/cricket-betting-guide-south-africa-2026.html,/blog/,Blog
blog/cricket-betting-guide-south-africa-2026.html,/blog/category-bookmaker-comparisons.html,Bookmaker Comparisons
blog/crypto-casino-rewards-south-africa-2026.html,/,BetSorted
blog/crypto-casino-rewards-south-africa-2026.html,/#comparison,Compare
blog/crypto-casino-rewards-south-africa-2026.html,/bookmakers/,Bookmakers
blog/crypto-casino-rewards-south-africa-2026.html,/glossary.html,Glossary
blog/crypto-casino-rewards-south-africa-2026.html,/calculators.html,Calculators
blog/crypto-casino-rewards-south-africa-2026.html,/blog/,Blog
blog/crypto-casino-rewards-south-africa-2026.html,/psl-match-centre.html,⚽ PSL Live
blog/crypto-casino-rewards-south-africa-2026.html,/prediction-markets.html,💰 Smart Money
blog/crypto-casino-rewards-south-africa-2026.html,/,Home
blog/crypto-casino-rewards-south-africa-2026.html,/blog/,Blog
blog/crypto-casino-rewards-south-africa-2026.html,/blog/licensed-vs-illegal-betting-sites-south-africa-2026.html,licensed vs illegal betting sites guide
blog/crypto-casino-rewards-south-africa-2026.html,/blog/payshap-betting-deposits-withdrawals-south-africa-2026.html,PayShap deposits and withdrawals guide
blog/crypto-casino-rewards-south-africa-2026.html,/reward-calculator.html,reward calculator
blog/crypto-casino-rewards-south-africa-2026.html,/responsible-gambling.html,responsible gambling page
blog/crypto-casino-rewards-south-africa-2026.html,/blog/licensed-vs-illegal-betting-sites-south-africa-2026.html,Read the SA legality guide
blog/crypto-casino-rewards-south-africa-2026.html,/blog/,Back to Blog
blog/crypto-casino-rewards-south-africa-2026.html,/blog/licensed-vs-illegal-betting-sites-south-africa-2026.html,Related: Licensed vs Illegal Betting Sites
blog/currie-cup-betting-odds-south-africa-2026.html,/,BetSorted
blog/currie-cup-betting-odds-south-africa-2026.html,/#comparison,Compare
blog/currie-cup-betting-odds-south-africa-2026.html,/bookmakers/,Bookmakers
blog/currie-cup-betting-odds-south-africa-2026.html,/glossary.html,Glossary
blog/currie-cup-betting-odds-south-africa-2026.html,/calculators.html,Calculators
blog/currie-cup-betting-odds-south-africa-2026.html,/blog/,Blog
blog/currie-cup-betting-odds-south-africa-2026.html,/psl-match-centre.html,⚽ PSL Live
blog/currie-cup-betting-odds-south-africa-2026.html,/prediction-markets.html,💰 Smart Money
blog/currie-cup-betting-odds-south-africa-2026.html,/,Home
blog/currie-cup-betting-odds-south-africa-2026.html,/blog/,Blog
blog/currie-cup-betting-odds-south-africa-2026.html,/odds-converter.html,BetSorted odds converter
blog/currie-cup-betting-odds-south-africa-2026.html,/bookmakers/hollywoodbets-rugby-betting.html,Hollywoodbets
blog/currie-cup-betting-odds-south-africa-2026.html,/bookmakers/betway-rugby-betting.html,Betway
blog/currie-cup-betting-odds-south-africa-2026.html,/bookmakers/sportingbet-rugby-betting.html,Sportingbet
blog/currie-cup-betting-odds-south-africa-2026.html,/bookmakers/world-sports-betting-rugby-betting.html,World Sports Betting
blog/currie-cup-betting-odds-south-africa-2026.html,/accumulator-calculator.html,accumulator calculator
blog/currie-cup-betting-odds-south-africa-2026.html,/betting-calculator.html,betting calculator
blog/currie-cup-betting-odds-south-africa-2026.html,/accumulator-calculator.html,accumulator calculator
blog/currie-cup-betting-odds-south-africa-2026.html,/odds-comparison.html,Compare rugby odds
blog/currie-cup-toyota-challenge-weekend-preview-june-14-2026.html,/,BetSorted
blog/currie-cup-toyota-challenge-weekend-preview-june-14-2026.html,/#comparison,Compare
blog/currie-cup-toyota-challenge-weekend-preview-june-14-2026.html,/bookmakers/,Bookmakers
blog/currie-cup-toyota-challenge-weekend-preview-june-14-2026.html,/glossary.html,Glossary
blog/currie-cup-toyota-challenge-weekend-preview-june-14-2026.html,/calculators.html,Calculators
blog/currie-cup-toyota-challenge-weekend-preview-june-14-2026.html,/blog/,Blog
blog/currie-cup-toyota-challenge-weekend-preview-june-14-2026.html,/psl-match-centre.html,⚽ PSL Live
blog/currie-cup-toyota-challenge-weekend-preview-june-14-2026.html,/prediction-markets.html,💰 Smart Money
blog/currie-cup-toyota-challenge-weekend-preview-june-14-2026.html,/blog/category-rugby.html,Click here
blog/czechia-vs-south-africa-june-18-2026-betting-preview.html,/,BetSorted
blog/czechia-vs-south-africa-june-18-2026-betting-preview.html,/#comparison,Compare
blog/czechia-vs-south-africa-june-18-2026-betting-preview.html,/bookmakers/,Bookmakers
blog/czechia-vs-south-africa-june-18-2026-betting-preview.html,/glossary.html,Glossary
blog/czechia-vs-south-africa-june-18-2026-betting-preview.html,/calculators.html,Calculators
blog/czechia-vs-south-africa-june-18-2026-betting-preview.html,/blog/,Blog
blog/czechia-vs-south-africa-june-18-2026-betting-preview.html,/psl-match-centre.html,⚽ PSL Live
blog/czechia-vs-south-africa-june-18-2026-betting-preview.html,/prediction-markets.html,💰 Smart Money
blog/czechia-vs-south-africa-june-18-2026-betting-preview.html,/blog/bafana-world-cup-betting-guide.html,Click here
blog/data-free-betting-apps-south-africa-2026.html,/,BetSorted
blog/data-free-betting-apps-south-africa-2026.html,/#comparison,Compare
blog/data-free-betting-apps-south-africa-2026.html,/bookmakers/,Bookmakers
blog/data-free-betting-apps-south-africa-2026.html,/glossary.html,Glossary
blog/data-free-betting-apps-south-africa-2026.html,/calculators.html,Calculators
blog/data-free-betting-apps-south-africa-2026.html,/blog/,Blog
blog/data-free-betting-apps-south-africa-2026.html,/psl-match-centre.html,⚽ PSL Live
blog/data-free-betting-apps-south-africa-2026.html,/prediction-markets.html,💰 Smart Money
blog/data-free-betting-apps-south-africa-2026.html,/,Home
blog/data-free-betting-apps-south-africa-2026.html,/blog/,Blog
blog/data-free-betting-apps-south-africa-2026.html,/blog/best-betting-sites-beginners-south-africa-2026.html,full comparison of the best betting sites in South Africa
blog/data-free-betting-apps-south-africa-2026.html,/best-betting-apps.html,guide to the best betting apps in South Africa
blog/data-free-betting-apps-south-africa-2026.html,/betting-calculator.html,betting calculator
blog/data-free-betting-apps-south-africa-2026.html,/blog/best-betting-sites-beginners-south-africa-2026.html,full bookmaker comparison
blog/data-free-betting-apps-south-africa-2026.html,/blog/how-to-open-betting-account-south-africa-2026.html,how to open a betting account in South Africa
blog/data-free-betting-apps-south-africa-2026.html,/blog/best-betting-sites-beginners-south-africa-2026.html,View Full Comparison →
blog/data-free-betting-apps-south-africa-2026.html,/blog/5-common-betting-mistakes-south-africa-2026.html,5 Common Betting Mistakes South African Punters Make (And How to Avoid Them)
blog/data-free-betting-apps-south-africa-2026.html,/blog/aviator-betting-sites-south-africa-2026.html,Aviator Betting Sites South Africa 2026 — Best Apps & Strategy
blog/data-free-betting-apps-south-africa-2026.html,/blog/best-betting-sites-beginners-south-africa-2026.html,Best Betting Sites for Beginners in South Africa 2026 — Start Here
blog/data-free-betting-apps-south-africa-2026.html,/blog/category-betting-guides-strategy.html,Betting Guides &amp; Strategy
blog/data-free-betting-apps-south-africa-2026.html,/about.html,About
blog/data-free-betting-apps-south-africa-2026.html,/blog/,Blog
blog/data-free-betting-apps-south-africa-2026.html,/responsible-gambling.html,Responsible Gambling
blog/data-free-betting-apps-south-africa-2026.html,/editorial-policy.html,Editorial Policy
blog/draw-no-bet-south-africa-2026.html,/,BetSorted
blog/draw-no-bet-south-africa-2026.html,/#comparison,Compare
blog/draw-no-bet-south-africa-2026.html,/bookmakers/,Bookmakers
blog/draw-no-bet-south-africa-2026.html,/glossary.html,Glossary
blog/draw-no-bet-south-africa-2026.html,/calculators.html,Calculators
blog/draw-no-bet-south-africa-2026.html,/blog/,Blog
blog/draw-no-bet-south-africa-2026.html,/psl-match-centre.html,⚽ PSL Live
blog/draw-no-bet-south-africa-2026.html,/prediction-markets.html,💰 Smart Money
blog/draw-no-bet-south-africa-2026.html,/,Home
blog/draw-no-bet-south-africa-2026.html,/blog/,Blog
blog/draw-no-bet-south-africa-2026.html,/blog/,Back to Blog
blog/draw-no-bet-south-africa-2026.html,/betting-calculator.html,BetSorted betting calculator
blog/draw-no-bet-south-africa-2026.html,/blog/hollywoodbets-review-south-africa-2026.html,Hollywoodbets
blog/draw-no-bet-south-africa-2026.html,/blog/betway-review-south-africa-2026.html,Betway
blog/draw-no-bet-south-africa-2026.html,/blog/supabets-review-south-africa-2026.html,Supabets
blog/draw-no-bet-south-africa-2026.html,/blog/wsb-review-south-africa-2026.html,World Sports Betting
blog/draw-no-bet-south-africa-2026.html,/blog/sportingbet-review-south-africa-2026.html,Sportingbet
blog/draw-no-bet-south-africa-2026.html,/accumulator-calculator.html,BetSorted accumulator calculator
blog/draw-no-bet-south-africa-2026.html,/blog/accumulator-betting-guide-south-africa-2026.html,accumulator betting guide
blog/draw-no-bet-south-africa-2026.html,/blog/instant-eft-betting-payments-south-africa.html,instant EFT betting payments
blog/draw-no-bet-south-africa-2026.html,/blog/voucher-deposits-betting-south-africa-2026.html,voucher deposits
blog/draw-no-bet-south-africa-2026.html,/blog/fica-verification-guide-south-africa-2026.html,FICA verification
blog/draw-no-bet-south-africa-2026.html,/betting-calculator.html,betting calculator
blog/durban-july-2026-betting-guide.html,/,BetSorted
blog/durban-july-2026-betting-guide.html,/#comparison,Compare
blog/durban-july-2026-betting-guide.html,/bookmakers/,Bookmakers
blog/durban-july-2026-betting-guide.html,/glossary.html,Glossary
blog/durban-july-2026-betting-guide.html,/calculators.html,Calculators
blog/durban-july-2026-betting-guide.html,/blog/,Blog
blog/durban-july-2026-betting-guide.html,/psl-match-centre.html,⚽ PSL Live
blog/durban-july-2026-betting-guide.html,/prediction-markets.html,💰 Smart Money
blog/durban-july-2026-betting-guide.html,/,Home
blog/durban-july-2026-betting-guide.html,/blog/,Blog
blog/durban-july-2026-betting-guide.html,/odds-comparison.html,odds comparison page
blog/durban-july-2026-betting-guide.html,/betting-calculator.html,betting calculator
blog/durban-july-2026-betting-guide.html,/calculators.html,each-way calculator
blog/durban-july-2026-betting-guide.html,/calculators.html,betting calculator
blog/durban-july-2026-betting-guide.html,/calculators.html,each-way calculator
blog/durban-july-2026-betting-guide.html,/calculators.html,odds comparison calculator
blog/durban-july-2026-betting-guide.html,/calculators.html,each-way calculator
blog/durban-july-2026-betting-guide.html,/calculators.html,Use Each-Way Calculator
blog/durban-july-2026-betting-guide.html,/blog/5-common-betting-mistakes-south-africa-2026.html,5 Common Betting Mistakes South African Punters Make (And How to Avoid Them)
blog/durban-july-2026-betting-guide.html,/blog/aviator-betting-sites-south-africa-2026.html,Aviator Betting Sites South Africa 2026 — Best Apps & Strategy
blog/durban-july-2026-betting-guide.html,/blog/best-betting-sites-beginners-south-africa-2026.html,Best Betting Sites for Beginners in South Africa 2026 — Start Here
blog/durban-july-2026-betting-guide.html,/blog/category-betting-guides-strategy.html,Betting Guides &amp; Strategy
blog/durban-july-2026-betting-guide.html,/blog/betway-vs-sportingbet-south-africa-2026.html,"Betway vs Sportingbet: Odds, Payouts & Live Betting Compared"
blog/durban-july-2026-betting-guide.html,/calculators.html,Each-Way Calculator
blog/durban-july-2026-betting-guide.html,/calculators.html,Betting Calculator
blog/durban-july-2026-betting-guide.html,/calculators.html,Odds Comparison
blog/durban-july-2026-betting-guide.html,/about.html,About
blog/durban-july-2026-betting-guide.html,/editorial-policy.html,Editorial Policy
blog/durban-july-2026-betting-guide.html,/responsible-gambling.html,Responsible Gambling
blog/durban-july-2026-betting-guide.html,/privacy.html,Privacy
blog/durban-july-2026-betting-guide.html,/contact.html,Contact
blog/durban-july-2026-betting-guide.html,/blog/,Blog
blog/durban-july-2026-betting-guide.html,/blog/category-bookmaker-comparisons.html,Bookmaker Comparisons
blog/each-way-betting-explained-south-africa-2026.html,/,BetSorted
blog/each-way-betting-explained-south-africa-2026.html,/#comparison,Compare
blog/each-way-betting-explained-south-africa-2026.html,/bookmakers/,Bookmakers
blog/each-way-betting-explained-south-africa-2026.html,/glossary.html,Glossary
blog/each-way-betting-explained-south-africa-2026.html,/calculators.html,Calculators
blog/each-way-betting-explained-south-africa-2026.html,/blog/,Blog
blog/each-way-betting-explained-south-africa-2026.html,/psl-match-centre.html,⚽ PSL Live
blog/each-way-betting-explained-south-africa-2026.html,/prediction-markets.html,💰 Smart Money
blog/each-way-betting-explained-south-africa-2026.html,/,Home
blog/each-way-betting-explained-south-africa-2026.html,/blog/,Blog
blog/each-way-betting-explained-south-africa-2026.html,/,⚽ BetSorted
blog/each-way-betting-explained-south-africa-2026.html,/blog/,Blog
blog/each-way-betting-explained-south-africa-2026.html,/#calculators,Calculators
blog/each-way-betting-explained-south-africa-2026.html,/,Try Each-Way Calculator
blog/each-way-betting-explained-south-africa-2026.html,/,Calculate Your Bet
blog/each-way-betting-explained-south-africa-2026.html,/blog/5-common-betting-mistakes-south-africa-2026.html,5 Common Betting Mistakes South African Punters Make (And How to Avoid Them)
blog/each-way-betting-explained-south-africa-2026.html,/blog/aviator-betting-sites-south-africa-2026.html,Aviator Betting Sites South Africa 2026 — Best Apps & Strategy
blog/each-way-betting-explained-south-africa-2026.html,/blog/best-betting-sites-beginners-south-africa-2026.html,Best Betting Sites for Beginners in South Africa 2026 — Start Here
blog/each-way-betting-explained-south-africa-2026.html,/blog/category-betting-guides-strategy.html,Betting Guides &amp; Strategy
blog/each-way-betting-explained-south-africa-2026.html,/about.html,About
blog/each-way-betting-explained-south-africa-2026.html,/editorial-policy.html,Editorial Policy
blog/each-way-betting-explained-south-africa-2026.html,/responsible-gambling.html,Responsible Gambling
blog/each-way-betting-explained-south-africa-2026.html,/privacy.html,Privacy
blog/each-way-betting-explained-south-africa-2026.html,/contact.html,Contact
blog/each-way-betting-explained-south-africa-2026.html,/blog/,Blog
blog/each-way-betting-explained-south-africa-2026.html,/blog/category-bookmaker-comparisons.html,Bookmaker Comparisons
blog/easybet-review-south-africa-2026.html,/,BetSorted
blog/easybet-review-south-africa-2026.html,/#comparison,Compare
blog/easybet-review-south-africa-2026.html,/bookmakers/,Bookmakers
blog/easybet-review-south-africa-2026.html,/glossary.html,Glossary
blog/easybet-review-south-africa-2026.html,/calculators.html,Calculators
blog/easybet-review-south-africa-2026.html,/blog/,Blog
blog/easybet-review-south-africa-2026.html,/psl-match-centre.html,⚽ PSL Live
blog/easybet-review-south-africa-2026.html,/prediction-markets.html,💰 Smart Money
blog/easybet-review-south-africa-2026.html,/,Home
blog/easybet-review-south-africa-2026.html,/bookmakers/,Bookmakers
blog/easybet-review-south-africa-2026.html,/bookmakers/easybet-psl-betting.html,Easybet PSL betting
blog/easybet-review-south-africa-2026.html,/bookmakers/easybet-rugby-betting.html,Easybet Rugby betting
blog/easybet-review-south-africa-2026.html,/bookmakers/easybet-cricket-betting.html,Easybet Cricket betting
blog/easybet-review-south-africa-2026.html,/glossary.html,South Africa betting glossary
blog/easybet-review-south-africa-2026.html,/bookmakers/,Bookmakers hub
blog/easybet-review-south-africa-2026.html,/odds-comparison.html,odds comparison page
blog/easybet-review-south-africa-2026.html,/betting-calculator.html,betting calculator
blog/easybet-review-south-africa-2026.html,/blog/best-psl-betting-site-2026.html,best PSL betting sites
blog/easybet-review-south-africa-2026.html,/odds-comparison.html,odds comparison tool
blog/easybet-review-south-africa-2026.html,/betting-calculator.html,betting calculator
blog/easybet-review-south-africa-2026.html,/blog/instant-eft-betting-payments-south-africa.html,Instant EFT
blog/easybet-review-south-africa-2026.html,/blog/ozow-betting-payments-south-africa.html,Ozow
blog/easybet-review-south-africa-2026.html,/best-odds-finder.html,best odds finder
blog/easybet-review-south-africa-2026.html,/blog/fastest-paying-bookmakers-south-africa-2026.html,fastest paying bookmakers in South Africa
blog/easybet-review-south-africa-2026.html,/blog/betway-vs-easybet-south-africa-2026.html,Betway vs Easybet comparison
blog/easybet-review-south-africa-2026.html,/blog/betway-vs-hollywoodbets.html,Betway vs Hollywoodbets
blog/easybet-review-south-africa-2026.html,/blog/hollywoodbets-vs-supabets-2026.html,Hollywoodbets vs Supabets
blog/easybet-review-south-africa-2026.html,/blog/easybet-vs-world-sports-betting-psl-2026.html,Easybet vs WSB for PSL
blog/easybet-review-south-africa-2026.html,/accumulator-calculator.html,accumulator calculator
blog/easybet-review-south-africa-2026.html,/betting-calculator.html,betting calculator
blog/easybet-review-south-africa-2026.html,/blog/,← Back to Blog
blog/easybet-vs-10bet-south-africa-2026.html,/blog/10bet-review-south-africa-2026.html,10bet
blog/easybet-vs-10bet-south-africa-2026.html,/,BetSorted
blog/easybet-vs-10bet-south-africa-2026.html,/#comparison,Compare
blog/easybet-vs-10bet-south-africa-2026.html,/bookmakers/,Bookmakers
blog/easybet-vs-10bet-south-africa-2026.html,/glossary.html,Glossary
blog/easybet-vs-10bet-south-africa-2026.html,/calculators.html,Calculators
blog/easybet-vs-10bet-south-africa-2026.html,/blog/,Blog
blog/easybet-vs-10bet-south-africa-2026.html,/psl-match-centre.html,⚽ PSL Live
blog/easybet-vs-10bet-south-africa-2026.html,/prediction-markets.html,💰 Smart Money
blog/easybet-vs-10bet-south-africa-2026.html,/,Home
blog/easybet-vs-10bet-south-africa-2026.html,/blog/,Blog
blog/easybet-vs-10bet-south-africa-2026.html,/blog/,← Back to Blog
blog/easybet-vs-10bet-south-africa-2026.html,/blog/betway-review-south-africa-2026.html,Betway
blog/easybet-vs-10bet-south-africa-2026.html,/blog/hollywoodbets-review-south-africa-2026.html,Hollywoodbets
blog/easybet-vs-10bet-south-africa-2026.html,/blog/easybet-review-south-africa-2026.html,Easybet
blog/easybet-vs-10bet-south-africa-2026.html,/blog/sportingbet-review-south-africa-2026.html,Sportingbet
blog/easybet-vs-10bet-south-africa-2026.html,/best-odds-finder.html,odds comparison tool
blog/easybet-vs-10bet-south-africa-2026.html,/blog/fastest-paying-bookmakers-south-africa-2026.html,Betway
blog/easybet-vs-10bet-south-africa-2026.html,/blog/best-deposit-methods-betting-south-africa-2026.html,complete deposit methods guide
blog/easybet-vs-10bet-south-africa-2026.html,/best-odds-finder.html,odds comparison tool
blog/easybet-vs-10bet-south-africa-2026.html,/betting-calculator.html,betting calculator
blog/easybet-vs-10bet-south-africa-2026.html,/accumulator-calculator.html,accumulator calculator
blog/easybet-vs-10bet-south-africa-2026.html,/best-odds-finder.html,odds comparison page
blog/easybet-vs-10bet-south-africa-2026.html,/blog/best-betway-alternatives-south-africa-june-2026.html,Best Betway Alternatives for South African Bettors (June 2026)
blog/easybet-vs-10bet-south-africa-2026.html,/blog/betfred-vs-10bet-south-africa-2026.html,Betfred vs 10bet South Africa 2026: International Bookmaker Showdown
blog/easybet-vs-10bet-south-africa-2026.html,/blog/category-bookmaker-comparisons.html,Bookmaker Comparisons
blog/easybet-vs-10bet-south-africa-2026.html,/blog/gbets-vs-10bet-south-africa-2026.html,Gbets vs 10bet South Africa 2026 — Which Bookmaker Wins?
blog/easybet-vs-10bet-south-africa-2026.html,/blog/,← Back to Blog
blog/easybet-vs-10bet-south-africa-2026.html,/about.html,About
blog/easybet-vs-10bet-south-africa-2026.html,/editorial-policy.html,Editorial Policy
blog/easybet-vs-10bet-south-africa-2026.html,/responsible-gambling.html,Responsible Gambling
blog/easybet-vs-10bet-south-africa-2026.html,/privacy.html,Privacy
blog/easybet-vs-10bet-south-africa-2026.html,/contact.html,Contact
blog/easybet-vs-10bet-south-africa-2026.html,/blog/,Blog
blog/easybet-vs-10bet-south-africa-2026.html,/blog/category-bookmaker-comparisons.html,Bookmaker Comparisons
blog/easybet-vs-hollywoodbets-fast-payouts-south-africa-2026.html,/blog/hollywoodbets-review-south-africa-2026.html,Hollywoodbets
blog/easybet-vs-hollywoodbets-fast-payouts-south-africa-2026.html,/,BetSorted
blog/easybet-vs-hollywoodbets-fast-payouts-south-africa-2026.html,/#comparison,Compare
blog/easybet-vs-hollywoodbets-fast-payouts-south-africa-2026.html,/bookmakers/,Bookmakers
blog/easybet-vs-hollywoodbets-fast-payouts-south-africa-2026.html,/glossary.html,Glossary
blog/easybet-vs-hollywoodbets-fast-payouts-south-africa-2026.html,/calculators.html,Calculators
blog/easybet-vs-hollywoodbets-fast-payouts-south-africa-2026.html,/blog/,Blog
blog/easybet-vs-hollywoodbets-fast-payouts-south-africa-2026.html,/psl-match-centre.html,⚽ PSL Live
blog/easybet-vs-hollywoodbets-fast-payouts-south-africa-2026.html,/prediction-markets.html,💰 Smart Money
blog/easybet-vs-hollywoodbets-fast-payouts-south-africa-2026.html,/,Home
blog/easybet-vs-hollywoodbets-fast-payouts-south-africa-2026.html,/blog/,Blog
blog/easybet-vs-hollywoodbets-fast-payouts-south-africa-2026.html,/blog/easybet-review-south-africa-2026.html,Easybet
blog/easybet-vs-hollywoodbets-fast-payouts-south-africa-2026.html,/betting-calculator.html,betting calculator
blog/easybet-vs-hollywoodbets-fast-payouts-south-africa-2026.html,/accumulator-calculator.html,accumulator calculator
blog/easybet-vs-hollywoodbets-fast-payouts-south-africa-2026.html,/odds-converter.html,odds converter
blog/easybet-vs-hollywoodbets-fast-payouts-south-africa-2026.html,/withdrawal-speed-comparison.html,withdrawal speed comparison
blog/easybet-vs-hollywoodbets-fast-payouts-south-africa-2026.html,/blog/fastest-paying-bookmakers-south-africa-2026.html,fastest paying bookmakers guide
blog/easybet-vs-hollywoodbets-fast-payouts-south-africa-2026.html,/betting-calculator.html,betting calculator
blog/easybet-vs-hollywoodbets-fast-payouts-south-africa-2026.html,/blog/best-rugby-betting-sites-south-africa-2026.html,best rugby betting sites in South Africa
blog/easybet-vs-hollywoodbets-fast-payouts-south-africa-2026.html,/blog/springboks-vs-england-betting-guide.html,Springboks live betting strategy guide
blog/easybet-vs-hollywoodbets-fast-payouts-south-africa-2026.html,/value-bet-calculator.html,value bet calculator
blog/easybet-vs-hollywoodbets-fast-payouts-south-africa-2026.html,/bonus-comparison.html,bonus comparison
blog/easybet-vs-hollywoodbets-fast-payouts-south-africa-2026.html,/free-bet-calculator.html,free bet calculator
blog/easybet-vs-hollywoodbets-fast-payouts-south-africa-2026.html,/accumulator-calculator.html,accumulator calculator
blog/easybet-vs-hollywoodbets-fast-payouts-south-africa-2026.html,/blog/betway-review-south-africa-2026.html,Betway
blog/easybet-vs-hollywoodbets-fast-payouts-south-africa-2026.html,/blog/supabets-review-south-africa-2026.html,Supabets
blog/easybet-vs-hollywoodbets-fast-payouts-south-africa-2026.html,/blog/sportingbet-review-south-africa-2026.html,Sportingbet
blog/easybet-vs-hollywoodbets-fast-payouts-south-africa-2026.html,/blog/wsb-review-south-africa-2026.html,World Sports Betting
blog/easybet-vs-hollywoodbets-fast-payouts-south-africa-2026.html,/best-odds-finder.html,best odds finder
blog/easybet-vs-hollywoodbets-fast-payouts-south-africa-2026.html,/betting-calculator.html,betting calculator
blog/easybet-vs-hollywoodbets-fast-payouts-south-africa-2026.html,/blog/easybet-vs-world-sports-betting-psl-2026.html,Easybet vs World Sports Betting for PSL
blog/easybet-vs-hollywoodbets-fast-payouts-south-africa-2026.html,/blog/hollywoodbets-vs-easybet-south-africa-2026.html,Hollywoodbets vs Easybet South Africa
blog/easybet-vs-hollywoodbets-fast-payouts-south-africa-2026.html,/blog/psl-title-race-betting-guide.html,Fastest Paying Betting Sites for Rugby and PSL
blog/easybet-vs-hollywoodbets-fast-payouts-south-africa-2026.html,/blog/best-psl-betting-site-2026.html,Best PSL Betting Site South Africa
blog/easybet-vs-hollywoodbets-fast-payouts-south-africa-2026.html,/blog/how-to-withdraw-betting-sites-south-africa-2026.html,How to Withdraw from Betting Sites in South Africa
blog/easybet-vs-hollywoodbets-fast-payouts-south-africa-2026.html,/blog/best-betway-alternatives-south-africa-june-2026.html,Best Betway Alternatives for South African Bettors (June 2026)
blog/easybet-vs-hollywoodbets-fast-payouts-south-africa-2026.html,/blog/betfred-vs-10bet-south-africa-2026.html,Betfred vs 10bet South Africa 2026: International Bookmaker Showdown
blog/easybet-vs-hollywoodbets-fast-payouts-south-africa-2026.html,/blog/category-bookmaker-comparisons.html,Bookmaker Comparisons
blog/easybet-vs-hollywoodbets-fast-payouts-south-africa-2026.html,/blog/gbets-vs-10bet-south-africa-2026.html,Gbets vs 10bet South Africa 2026 — Which Bookmaker Wins?
blog/easybet-vs-sportingbet-south-africa-2026.html,/blog/sportingbet-review-south-africa-2026.html,Sportingbet
blog/easybet-vs-sportingbet-south-africa-2026.html,/,BetSorted
blog/easybet-vs-sportingbet-south-africa-2026.html,/#comparison,Compare
blog/easybet-vs-sportingbet-south-africa-2026.html,/bookmakers/,Bookmakers
blog/easybet-vs-sportingbet-south-africa-2026.html,/glossary.html,Glossary
blog/easybet-vs-sportingbet-south-africa-2026.html,/calculators.html,Calculators
blog/easybet-vs-sportingbet-south-africa-2026.html,/blog/,Blog
blog/easybet-vs-sportingbet-south-africa-2026.html,/psl-match-centre.html,⚽ PSL Live
blog/easybet-vs-sportingbet-south-africa-2026.html,/prediction-markets.html,💰 Smart Money
blog/easybet-vs-sportingbet-south-africa-2026.html,/,Home
blog/easybet-vs-sportingbet-south-africa-2026.html,/blog/,Blog
blog/easybet-vs-sportingbet-south-africa-2026.html,/blog/,← Back to Blog
blog/easybet-vs-sportingbet-south-africa-2026.html,/blog/easybet-review-south-africa-2026.html,Easybet
blog/easybet-vs-sportingbet-south-africa-2026.html,/best-odds-finder.html,best odds finder
blog/easybet-vs-sportingbet-south-africa-2026.html,/best-betting-apps.html,best betting apps in SA
blog/easybet-vs-sportingbet-south-africa-2026.html,/blog/instant-eft-betting-payments-south-africa.html,Instant EFT payments
blog/easybet-vs-sportingbet-south-africa-2026.html,/blog/ozow-betting-payments-south-africa.html,Ozow for betting
blog/easybet-vs-sportingbet-south-africa-2026.html,/blog/best-betting-bonuses-south-africa-2026.html,best betting bonuses guide
blog/easybet-vs-sportingbet-south-africa-2026.html,/blog/how-to-use-free-bets-south-africa-2026.html,guide to using free bets effectively
blog/easybet-vs-sportingbet-south-africa-2026.html,/blog/best-horse-racing-betting-sites-south-africa-2026.html,horse racing betting in SA
blog/easybet-vs-sportingbet-south-africa-2026.html,/betting-calculator.html,betting calculator
blog/easybet-vs-sportingbet-south-africa-2026.html,/accumulator-calculator.html,accumulator calculator
blog/easybet-vs-sportingbet-south-africa-2026.html,/blog/easybet-vs-10bet-south-africa-2026.html,Easybet vs 10bet South Africa
blog/easybet-vs-sportingbet-south-africa-2026.html,/blog/easybet-vs-world-sports-betting-psl-2026.html,Easybet vs World Sports Betting
blog/easybet-vs-sportingbet-south-africa-2026.html,/blog/sportingbet-vs-supabets.html,Sportingbet vs Supabets
blog/easybet-vs-sportingbet-south-africa-2026.html,/blog/betway-vs-sportingbet-south-africa-2026.html,Betway vs Sportingbet
blog/easybet-vs-sportingbet-south-africa-2026.html,/blog/hollywoodbets-vs-easybet-south-africa-2026.html,Hollywoodbets vs Easybet
blog/easybet-vs-sportingbet-south-africa-2026.html,/blog/easybet-review-south-africa-2026.html,Easybet Review 2026
blog/easybet-vs-sportingbet-south-africa-2026.html,/blog/sportingbet-review-south-africa-2026.html,Sportingbet Review 2026
blog/easybet-vs-sportingbet-south-africa-2026.html,/blog/best-betway-alternatives-south-africa-june-2026.html,Best Betway Alternatives for South African Bettors (June 2026)
blog/easybet-vs-sportingbet-south-africa-2026.html,/blog/betfred-vs-10bet-south-africa-2026.html,Betfred vs 10bet South Africa 2026: International Bookmaker Showdown
blog/easybet-vs-sportingbet-south-africa-2026.html,/blog/category-bookmaker-comparisons.html,Bookmaker Comparisons
blog/easybet-vs-sportingbet-south-africa-2026.html,/blog/gbets-vs-10bet-south-africa-2026.html,Gbets vs 10bet South Africa 2026 — Which Bookmaker Wins?
blog/easybet-vs-sportingbet-south-africa-2026.html,/about.html,About
blog/easybet-vs-sportingbet-south-africa-2026.html,/blog/,Blog
blog/easybet-vs-sportingbet-south-africa-2026.html,/calculators.html,Calculators
blog/easybet-vs-sportingbet-south-africa-2026.html,/about.html,About
blog/easybet-vs-sportingbet-south-africa-2026.html,/editorial-policy.html,Editorial Policy
blog/easybet-vs-sportingbet-south-africa-2026.html,/responsible-gambling.html,Responsible Gambling
blog/easybet-vs-sportingbet-south-africa-2026.html,/privacy.html,Privacy
blog/easybet-vs-sportingbet-south-africa-2026.html,/contact.html,Contact
blog/easybet-vs-sportingbet-south-africa-2026.html,/blog/,Blog
blog/easybet-vs-sportingbet-south-africa-2026.html,/blog/category-bookmaker-comparisons.html,Bookmaker Comparisons
blog/easybet-vs-world-sports-betting-psl-2026.html,/blog/wsb-review-south-africa-2026.html,World Sports Betting
blog/easybet-vs-world-sports-betting-psl-2026.html,/blog/wsb-review-south-africa-2026.html,WSB
blog/easybet-vs-world-sports-betting-psl-2026.html,/,BetSorted
blog/easybet-vs-world-sports-betting-psl-2026.html,/#comparison,Compare
blog/easybet-vs-world-sports-betting-psl-2026.html,/bookmakers/,Bookmakers
blog/easybet-vs-world-sports-betting-psl-2026.html,/glossary.html,Glossary
blog/easybet-vs-world-sports-betting-psl-2026.html,/calculators.html,Calculators
blog/easybet-vs-world-sports-betting-psl-2026.html,/blog/,Blog
blog/easybet-vs-world-sports-betting-psl-2026.html,/psl-match-centre.html,⚽ PSL Live
blog/easybet-vs-world-sports-betting-psl-2026.html,/prediction-markets.html,💰 Smart Money
blog/easybet-vs-world-sports-betting-psl-2026.html,/,Home
blog/easybet-vs-world-sports-betting-psl-2026.html,/blog/,Blog
blog/easybet-vs-world-sports-betting-psl-2026.html,/blog/,← Back to Blog
blog/easybet-vs-world-sports-betting-psl-2026.html,/blog/easybet-review-south-africa-2026.html,Easybet
blog/easybet-vs-world-sports-betting-psl-2026.html,/odds-comparison.html,odds comparison page
blog/easybet-vs-world-sports-betting-psl-2026.html,/accumulator-calculator.html,BetSorted accumulator calculator
blog/easybet-vs-world-sports-betting-psl-2026.html,/betting-calculator.html,betting calculator
blog/easybet-vs-world-sports-betting-psl-2026.html,/odds-comparison.html,BetSorted odds comparison page
blog/easybet-vs-world-sports-betting-psl-2026.html,/accumulator-calculator.html,accumulator calculator
blog/easybet-vs-world-sports-betting-psl-2026.html,/betting-calculator.html,betting calculator
blog/easybet-vs-world-sports-betting-psl-2026.html,/odds-comparison.html,odds comparison page
blog/easybet-vs-world-sports-betting-psl-2026.html,/accumulator-calculator.html,accumulator calculator
blog/easybet-vs-world-sports-betting-psl-2026.html,/blog/best-betway-alternatives-south-africa-june-2026.html,Best Betway Alternatives for South African Bettors (June 2026)
blog/easybet-vs-world-sports-betting-psl-2026.html,/blog/betfred-vs-10bet-south-africa-2026.html,Betfred vs 10bet South Africa 2026: International Bookmaker Showdown
blog/easybet-vs-world-sports-betting-psl-2026.html,/blog/category-bookmaker-comparisons.html,Bookmaker Comparisons
blog/easybet-vs-world-sports-betting-psl-2026.html,/blog/gbets-vs-10bet-south-africa-2026.html,Gbets vs 10bet South Africa 2026 — Which Bookmaker Wins?
blog/easybet-vs-world-sports-betting-psl-2026.html,/about.html,About
blog/easybet-vs-world-sports-betting-psl-2026.html,/editorial-policy.html,Editorial Policy
blog/easybet-vs-world-sports-betting-psl-2026.html,/responsible-gambling.html,Responsible Gambling
blog/easybet-vs-world-sports-betting-psl-2026.html,/privacy.html,Privacy
blog/easybet-vs-world-sports-betting-psl-2026.html,/contact.html,Contact
blog/easybet-vs-world-sports-betting-psl-2026.html,/blog/,Blog
blog/easybet-vs-world-sports-betting-psl-2026.html,/blog/category-bookmaker-comparisons.html,Bookmaker Comparisons
blog/eft-betting-payments-south-africa.html,/,BetSorted
blog/eft-betting-payments-south-africa.html,/#comparison,Compare
blog/eft-betting-payments-south-africa.html,/bookmakers/,Bookmakers
blog/eft-betting-payments-south-africa.html,/glossary.html,Glossary
blog/eft-betting-payments-south-africa.html,/calculators.html,Calculators
blog/eft-betting-payments-south-africa.html,/blog/,Blog
blog/eft-betting-payments-south-africa.html,/psl-match-centre.html,⚽ PSL Live
blog/eft-betting-payments-south-africa.html,/prediction-markets.html,💰 Smart Money
blog/eft-betting-payments-south-africa.html,/,Home
blog/eft-betting-payments-south-africa.html,/blog/,Blog
blog/eft-betting-payments-south-africa.html,/blog/,← Back to Blog
blog/eft-betting-payments-south-africa.html,/withdrawal-speed-comparison.html,withdrawal speed comparison
blog/eft-betting-payments-south-africa.html,/odds-comparison.html,odds comparison page
blog/eft-betting-payments-south-africa.html,/blog/instant-eft-betting-payments-south-africa.html,Instant EFT
blog/eft-betting-payments-south-africa.html,/blog/ozow-betting-payments-south-africa.html,Ozow
blog/eft-betting-payments-south-africa.html,/betting-calculator.html,betting calculator
blog/eft-betting-payments-south-africa.html,/blog/ozow-betting-payments-south-africa.html,Ozow
blog/eft-betting-payments-south-africa.html,/blog/capitec-pay-betting-payments-south-africa.html,Capitec Pay
blog/eft-betting-payments-south-africa.html,/blog/fastest-paying-bookmakers-south-africa-2026.html,fastest paying bookmakers in South Africa
blog/eft-betting-payments-south-africa.html,/blog/best-psl-betting-site-2026.html,best PSL betting sites
blog/eft-betting-payments-south-africa.html,/accumulator-calculator.html,accumulator calculator
blog/eft-betting-payments-south-africa.html,/betting-calculator.html,betting calculator
blog/eft-betting-payments-south-africa.html,/blog/betting-tax-south-africa-2026.html,Betting Tax South Africa 2026: Are Your Winnings Taxed?
blog/eft-betting-payments-south-africa.html,/blog/category-payments-fica.html,Payments &amp; FICA
blog/eft-betting-payments-south-africa.html,/blog/fastest-paying-bookmakers-south-africa-may-2026.html,Fastest Paying Bookmakers in South Africa: May 2026 Withdrawal Guide
blog/eft-betting-payments-south-africa.html,/blog/fica-verification-guide-south-africa-2026.html,How to FICA Verify Your Betting Account in South Africa (2026 Guide)
blog/eft-betting-payments-south-africa.html,/blog/,← Back to Blog
blog/eft-betting-payments-south-africa.html,/about.html,About
blog/eft-betting-payments-south-africa.html,/editorial-policy.html,Editorial Policy
blog/eft-betting-payments-south-africa.html,/responsible-gambling.html,Responsible Gambling
blog/eft-betting-payments-south-africa.html,/privacy.html,Privacy
blog/eft-betting-payments-south-africa.html,/contact.html,Contact
blog/eft-betting-payments-south-africa.html,/blog/,Blog
blog/eft-betting-payments-south-africa.html,/blog/category-bookmaker-comparisons.html,Bookmaker Comparisons
blog/esports-betting-guide-south-africa-2026.html,/,BetSorted
blog/esports-betting-guide-south-africa-2026.html,/#comparison,Compare
blog/esports-betting-guide-south-africa-2026.html,/bookmakers/,Bookmakers
blog/esports-betting-guide-south-africa-2026.html,/glossary.html,Glossary
blog/esports-betting-guide-south-africa-2026.html,/calculators.html,Calculators
blog/esports-betting-guide-south-africa-2026.html,/blog/,Blog
blog/esports-betting-guide-south-africa-2026.html,/psl-match-centre.html,⚽ PSL Live
blog/esports-betting-guide-south-africa-2026.html,/prediction-markets.html,💰 Smart Money
blog/esports-betting-guide-south-africa-2026.html,/,Home
blog/esports-betting-guide-south-africa-2026.html,/blog/,Blog
blog/esports-betting-guide-south-africa-2026.html,/blog/,← Back to Blog
blog/esports-betting-guide-south-africa-2026.html,/betting-calculator.html,betting calculator
blog/esports-betting-guide-south-africa-2026.html,/blog/betway-review-south-africa-2026.html,full Betway review
blog/esports-betting-guide-south-africa-2026.html,/blog/10bet-review-south-africa-2026.html,10bet review
blog/esports-betting-guide-south-africa-2026.html,/betting-calculator.html,betting calculator
blog/esports-betting-guide-south-africa-2026.html,/blog/live-betting-guide-south-africa-2026.html,live betting guide
blog/esports-betting-guide-south-africa-2026.html,/bankroll-tracker.html,bankroll tracker
blog/esports-betting-guide-south-africa-2026.html,/blog/bankroll-management-guide-south-africa-2026.html,bankroll management guide
blog/esports-betting-guide-south-africa-2026.html,/betting-calculator.html,betting calculator
blog/esports-betting-guide-south-africa-2026.html,/betting-calculator.html,betting calculator
blog/esports-betting-guide-south-africa-2026.html,/bankroll-tracker.html,bankroll tracker
blog/esports-betting-guide-south-africa-2026.html,/odds-comparison.html,odds comparison page
blog/esports-betting-guide-south-africa-2026.html,/blog/5-common-betting-mistakes-south-africa-2026.html,5 Common Betting Mistakes South African Punters Make (And How to Avoid Them)
blog/esports-betting-guide-south-africa-2026.html,/blog/aviator-betting-sites-south-africa-2026.html,Aviator Betting Sites South Africa 2026 — Best Apps & Strategy
blog/esports-betting-guide-south-africa-2026.html,/blog/best-betting-sites-beginners-south-africa-2026.html,Best Betting Sites for Beginners in South Africa 2026 — Start Here
blog/esports-betting-guide-south-africa-2026.html,/blog/category-betting-guides-strategy.html,Betting Guides &amp; Strategy
blog/esports-betting-guide-south-africa-2026.html,/blog/,← Back to Blog
blog/esports-betting-guide-south-africa-2026.html,/about.html,About
blog/esports-betting-guide-south-africa-2026.html,/editorial-policy.html,Editorial Policy
blog/esports-betting-guide-south-africa-2026.html,/responsible-gambling.html,Responsible Gambling
blog/esports-betting-guide-south-africa-2026.html,/privacy.html,Privacy
blog/esports-betting-guide-south-africa-2026.html,/contact.html,Contact
blog/esports-betting-guide-south-africa-2026.html,/blog/,Blog
blog/esports-betting-guide-south-africa-2026.html,/blog/category-bookmaker-comparisons.html,Bookmaker Comparisons
blog/fa-cup-fifth-round-weekend-accumulator-tips-march-2026.html,/,BetSorted
blog/fa-cup-fifth-round-weekend-accumulator-tips-march-2026.html,/#comparison,Compare
blog/fa-cup-fifth-round-weekend-accumulator-tips-march-2026.html,/bookmakers/,Bookmakers
blog/fa-cup-fifth-round-weekend-accumulator-tips-march-2026.html,/glossary.html,Glossary
blog/fa-cup-fifth-round-weekend-accumulator-tips-march-2026.html,/calculators.html,Calculators
blog/fa-cup-fifth-round-weekend-accumulator-tips-march-2026.html,/blog/,Blog
blog/fa-cup-fifth-round-weekend-accumulator-tips-march-2026.html,/psl-match-centre.html,⚽ PSL Live
blog/fa-cup-fifth-round-weekend-accumulator-tips-march-2026.html,/prediction-markets.html,💰 Smart Money
blog/fa-cup-fifth-round-weekend-accumulator-tips-march-2026.html,/blog/category-betting-guides-strategy.html,Click here
blog/fastest-paying-betting-sites-rugby-psl-june-2026.html,/,BetSorted
blog/fastest-paying-betting-sites-rugby-psl-june-2026.html,/#comparison,Compare
blog/fastest-paying-betting-sites-rugby-psl-june-2026.html,/bookmakers/,Bookmakers
blog/fastest-paying-betting-sites-rugby-psl-june-2026.html,/glossary.html,Glossary
blog/fastest-paying-betting-sites-rugby-psl-june-2026.html,/calculators.html,Calculators
blog/fastest-paying-betting-sites-rugby-psl-june-2026.html,/blog/,Blog
blog/fastest-paying-betting-sites-rugby-psl-june-2026.html,/psl-match-centre.html,⚽ PSL Live
blog/fastest-paying-betting-sites-rugby-psl-june-2026.html,/prediction-markets.html,💰 Smart Money
blog/fastest-paying-betting-sites-rugby-psl-june-2026.html,/blog/psl-title-race-betting-guide.html,Click here
blog/fastest-paying-bookmakers-south-africa-2026.html,/,BetSorted
blog/fastest-paying-bookmakers-south-africa-2026.html,/#comparison,Compare
blog/fastest-paying-bookmakers-south-africa-2026.html,/bookmakers/,Bookmakers
blog/fastest-paying-bookmakers-south-africa-2026.html,/glossary.html,Glossary
blog/fastest-paying-bookmakers-south-africa-2026.html,/calculators.html,Calculators
blog/fastest-paying-bookmakers-south-africa-2026.html,/blog/,Blog
blog/fastest-paying-bookmakers-south-africa-2026.html,/psl-match-centre.html,⚽ PSL Live
blog/fastest-paying-bookmakers-south-africa-2026.html,/prediction-markets.html,💰 Smart Money
blog/fastest-paying-bookmakers-south-africa-2026.html,/,Home
blog/fastest-paying-bookmakers-south-africa-2026.html,/blog/,Blog
blog/fastest-paying-bookmakers-south-africa-2026.html,/blog/,← Back to Blog
blog/fastest-paying-bookmakers-south-africa-2026.html,/withdrawal-speed-comparison.html,withdrawal speed comparison
blog/fastest-paying-bookmakers-south-africa-2026.html,/odds-comparison.html,odds comparison page
blog/fastest-paying-bookmakers-south-africa-2026.html,/blog/betway-vs-hollywoodbets.html,Betway vs Hollywoodbets comparison
blog/fastest-paying-bookmakers-south-africa-2026.html,/blog/sportingbet-vs-supabets.html,Sportingbet vs SupaBets comparison
blog/fastest-paying-bookmakers-south-africa-2026.html,/odds-comparison.html,odds comparison tool
blog/fastest-paying-bookmakers-south-africa-2026.html,/blog/5-common-betting-mistakes-south-africa-2026.html,5 Common Betting Mistakes South African Punters Make (And How to Avoid Them)
blog/fastest-paying-bookmakers-south-africa-2026.html,/blog/aviator-betting-sites-south-africa-2026.html,Aviator Betting Sites South Africa 2026 — Best Apps & Strategy
blog/fastest-paying-bookmakers-south-africa-2026.html,/blog/best-betting-sites-beginners-south-africa-2026.html,Best Betting Sites for Beginners in South Africa 2026 — Start Here
blog/fastest-paying-bookmakers-south-africa-2026.html,/blog/category-betting-guides-strategy.html,Betting Guides &amp; Strategy
blog/fastest-paying-bookmakers-south-africa-2026.html,/blog/,← Back to Blog
blog/fastest-paying-bookmakers-south-africa-2026.html,/about.html,About
blog/fastest-paying-bookmakers-south-africa-2026.html,/editorial-policy.html,Editorial Policy
blog/fastest-paying-bookmakers-south-africa-2026.html,/responsible-gambling.html,Responsible Gambling
blog/fastest-paying-bookmakers-south-africa-2026.html,/privacy.html,Privacy
blog/fastest-paying-bookmakers-south-africa-2026.html,/contact.html,Contact
blog/fastest-paying-bookmakers-south-africa-2026.html,/blog/,Blog
blog/fastest-paying-bookmakers-south-africa-2026.html,/blog/category-bookmaker-comparisons.html,Bookmaker Comparisons
blog/fastest-paying-bookmakers-south-africa-may-2026.html,/,BetSorted
blog/fastest-paying-bookmakers-south-africa-may-2026.html,/#comparison,Compare
blog/fastest-paying-bookmakers-south-africa-may-2026.html,/bookmakers/,Bookmakers
blog/fastest-paying-bookmakers-south-africa-may-2026.html,/glossary.html,Glossary
blog/fastest-paying-bookmakers-south-africa-may-2026.html,/calculators.html,Calculators
blog/fastest-paying-bookmakers-south-africa-may-2026.html,/blog/,Blog
blog/fastest-paying-bookmakers-south-africa-may-2026.html,/psl-match-centre.html,⚽ PSL Live
blog/fastest-paying-bookmakers-south-africa-may-2026.html,/prediction-markets.html,💰 Smart Money
blog/fastest-paying-bookmakers-south-africa-may-2026.html,/,Home
blog/fastest-paying-bookmakers-south-africa-may-2026.html,/blog/,Blog
blog/fastest-paying-bookmakers-south-africa-may-2026.html,/best-odds-finder.html,best odds finder
blog/fastest-paying-bookmakers-south-africa-may-2026.html,/betting-calculator.html,betting calculator
blog/fastest-paying-bookmakers-south-africa-may-2026.html,/free-bet-calculator.html,free bet calculator
blog/fastest-paying-bookmakers-south-africa-may-2026.html,/free-bet-calculator.html,free bet calculator
blog/fastest-paying-bookmakers-south-africa-may-2026.html,/blog/fica-verification-guide-south-africa-2026.html,How to FICA Verify Your Betting Account
blog/fastest-paying-bookmakers-south-africa-may-2026.html,/blog/how-to-withdraw-betting-sites-south-africa-2026.html,How to Withdraw From SA Betting Sites
blog/fastest-paying-bookmakers-south-africa-may-2026.html,/withdrawal-speed-comparison.html,Withdrawal Speed Comparison
blog/fastest-paying-bookmakers-south-africa-may-2026.html,/blog/betway-vs-world-sports-betting-south-africa-2026.html,Betway vs World Sports Betting
blog/fastest-paying-bookmakers-south-africa-may-2026.html,/blog/betting-tax-south-africa-2026.html,Betting Tax South Africa 2026: Are Your Winnings Taxed?
blog/fastest-paying-bookmakers-south-africa-may-2026.html,/blog/category-payments-fica.html,Payments &amp; FICA
blog/fastest-paying-bookmakers-south-africa-may-2026.html,/blog/fica-verification-guide-south-africa-2026.html,How to FICA Verify Your Betting Account in South Africa (2026 Guide)
blog/fastest-paying-bookmakers-south-africa-may-2026.html,/blog/withdrawal-times-south-africa-bookmakers-2026.html,Bookmaker Withdrawal Times South Africa 2026 — How Long Does It Really Take?
blog/fica-verification-guide-south-africa-2026.html,/,BetSorted
blog/fica-verification-guide-south-africa-2026.html,/#comparison,Compare
blog/fica-verification-guide-south-africa-2026.html,/bookmakers/,Bookmakers
blog/fica-verification-guide-south-africa-2026.html,/glossary.html,Glossary
blog/fica-verification-guide-south-africa-2026.html,/calculators.html,Calculators
blog/fica-verification-guide-south-africa-2026.html,/blog/,Blog
blog/fica-verification-guide-south-africa-2026.html,/psl-match-centre.html,⚽ PSL Live
blog/fica-verification-guide-south-africa-2026.html,/prediction-markets.html,💰 Smart Money
blog/fica-verification-guide-south-africa-2026.html,/,Home
blog/fica-verification-guide-south-africa-2026.html,/blog/,Blog
blog/fica-verification-guide-south-africa-2026.html,/,Try Our Betting Calculators
blog/fica-verification-guide-south-africa-2026.html,/blog/betting-tax-south-africa-2026.html,Betting Tax South Africa 2026: Are Your Winnings Taxed?
blog/fica-verification-guide-south-africa-2026.html,/blog/category-payments-fica.html,Payments &amp; FICA
blog/fica-verification-guide-south-africa-2026.html,/blog/fastest-paying-bookmakers-south-africa-may-2026.html,Fastest Paying Bookmakers in South Africa: May 2026 Withdrawal Guide
blog/fica-verification-guide-south-africa-2026.html,/blog/withdrawal-times-south-africa-bookmakers-2026.html,Bookmaker Withdrawal Times South Africa 2026 — How Long Does It Really Take?
blog/fica-verification-guide-south-africa-2026.html,/about.html,About
blog/fica-verification-guide-south-africa-2026.html,/editorial-policy.html,Editorial Policy
blog/fica-verification-guide-south-africa-2026.html,/responsible-gambling.html,Responsible Gambling
blog/fica-verification-guide-south-africa-2026.html,/privacy.html,Privacy
blog/fica-verification-guide-south-africa-2026.html,/contact.html,Contact
blog/fica-verification-guide-south-africa-2026.html,/blog/,Blog
blog/fica-verification-guide-south-africa-2026.html,/blog/category-bookmaker-comparisons.html,Bookmaker Comparisons
blog/fica-verification-guide-south-africa-2026.html,/,Home
blog/fica-verification-guide-south-africa-2026.html,/blog/,Blog
blog/fica-verification-guide-south-africa-2026.html,/#calculators,Calculators
blog/fifa-world-cup-2026-betting-guide-south-africa.html,/,BetSorted
blog/fifa-world-cup-2026-betting-guide-south-africa.html,/#comparison,Compare
blog/fifa-world-cup-2026-betting-guide-south-africa.html,/bookmakers/,Bookmakers
blog/fifa-world-cup-2026-betting-guide-south-africa.html,/glossary.html,Glossary
blog/fifa-world-cup-2026-betting-guide-south-africa.html,/calculators.html,Calculators
blog/fifa-world-cup-2026-betting-guide-south-africa.html,/blog/,Blog
blog/fifa-world-cup-2026-betting-guide-south-africa.html,/psl-match-centre.html,⚽ PSL Live
blog/fifa-world-cup-2026-betting-guide-south-africa.html,/prediction-markets.html,💰 Smart Money
blog/fifa-world-cup-2026-betting-guide-south-africa.html,/,Home
blog/fifa-world-cup-2026-betting-guide-south-africa.html,/blog/,Blog
blog/fifa-world-cup-2026-betting-guide-south-africa.html,/odds-comparison.html,odds comparison page
blog/fifa-world-cup-2026-betting-guide-south-africa.html,/blog/bafana-world-cup-betting-guide.html,our full preview here
blog/fifa-world-cup-2026-betting-guide-south-africa.html,/free-bet-calculator.html,free bet calculator
blog/fifa-world-cup-2026-betting-guide-south-africa.html,/betting-calculator.html,betting calculator
blog/fifa-world-cup-2026-betting-guide-south-africa.html,/accumulator-calculator.html,Check your potential returns here
blog/fifa-world-cup-2026-betting-guide-south-africa.html,/bankroll-tracker.html,bankroll tracker
blog/fifa-world-cup-2026-betting-guide-south-africa.html,/bankroll-tracker.html,bankroll tracker
blog/fifa-world-cup-2026-betting-guide-south-africa.html,/blog/bafana-world-cup-betting-guide.html,Bafana Bafana vs Panama Preview
blog/fifa-world-cup-2026-betting-guide-south-africa.html,/best-betting-apps.html,Best Betting Apps in SA
blog/fifa-world-cup-2026-betting-guide-south-africa.html,/accumulator-calculator.html,Accumulator Calculator
blog/fifa-world-cup-2026-betting-guide-south-africa.html,/blog/best-betting-sites-beginners-south-africa-2026.html,Compare All SA Bookmakers
blog/fifa-world-cup-2026-betting-guide-south-africa.html,/blog/best-betting-sites-beginners-south-africa-2026.html,Compare bookmakers →
blog/fifa-world-cup-2026-betting-guide-south-africa.html,/blog/bafana-world-cup-betting-guide.html,Bafana World Cup Betting Guide for South Africans | BetSorted
blog/fifa-world-cup-2026-betting-guide-south-africa.html,/blog/category-world-cup.html,World Cup
blog/fifa-world-cup-2026-betting-guide-south-africa.html,/blog/world-cup-2026-group-stage-results-sa-betting-guide.html,"World Cup 2026 Group Stage: SA Bettors' Complete Guide to Odds, Markets & Bookmakers"
blog/fifa-world-cup-2026-betting-guide-south-africa.html,/blog/proteas-womens-t20-world-cup-betting-guide-2026.html,Proteas Women T20 World Cup Betting Guide 2026
blog/fifa-world-cup-2026-betting-guide-south-africa.html,/responsible-gambling.html,Responsible Gambling
blog/fifa-world-cup-2026-betting-guide-south-africa.html,/editorial-policy.html,Editorial Policy
blog/fifa-world-cup-2026-betting-guide-south-africa.html,/about.html,About
blog/fnb-standard-bank-transfer-betting.html,/,BetSorted
blog/fnb-standard-bank-transfer-betting.html,/#comparison,Compare
blog/fnb-standard-bank-transfer-betting.html,/bookmakers/,Bookmakers
blog/fnb-standard-bank-transfer-betting.html,/glossary.html,Glossary
blog/fnb-standard-bank-transfer-betting.html,/calculators.html,Calculators
blog/fnb-standard-bank-transfer-betting.html,/blog/,Blog
blog/fnb-standard-bank-transfer-betting.html,/psl-match-centre.html,⚽ PSL Live
blog/fnb-standard-bank-transfer-betting.html,/prediction-markets.html,💰 Smart Money
blog/fnb-standard-bank-transfer-betting.html,/,Home
blog/fnb-standard-bank-transfer-betting.html,/blog/,Blog
blog/fnb-standard-bank-transfer-betting.html,/blog/,← Back to Blog
blog/fnb-standard-bank-transfer-betting.html,/withdrawal-speed-comparison.html,withdrawal speed comparison
blog/fnb-standard-bank-transfer-betting.html,/odds-comparison.html,odds comparison page
blog/fnb-standard-bank-transfer-betting.html,/blog/instant-eft-betting-payments-south-africa.html,Instant EFT
blog/fnb-standard-bank-transfer-betting.html,/blog/ozow-betting-payments-south-africa.html,Ozow
blog/fnb-standard-bank-transfer-betting.html,/betting-calculator.html,betting calculator
blog/fnb-standard-bank-transfer-betting.html,/blog/ozow-betting-payments-south-africa.html,Ozow
blog/fnb-standard-bank-transfer-betting.html,/blog/capitec-pay-betting-payments-south-africa.html,Capitec Pay
blog/fnb-standard-bank-transfer-betting.html,/blog/fastest-paying-bookmakers-south-africa-2026.html,fastest paying bookmakers in South Africa
blog/fnb-standard-bank-transfer-betting.html,/blog/best-psl-betting-site-2026.html,best PSL betting sites
blog/fnb-standard-bank-transfer-betting.html,/accumulator-calculator.html,accumulator calculator
blog/fnb-standard-bank-transfer-betting.html,/betting-calculator.html,betting calculator
blog/fnb-standard-bank-transfer-betting.html,/blog/betting-tax-south-africa-2026.html,Betting Tax South Africa 2026: Are Your Winnings Taxed?
blog/fnb-standard-bank-transfer-betting.html,/blog/category-payments-fica.html,Payments &amp; FICA
blog/fnb-standard-bank-transfer-betting.html,/blog/fastest-paying-bookmakers-south-africa-may-2026.html,Fastest Paying Bookmakers in South Africa: May 2026 Withdrawal Guide
blog/fnb-standard-bank-transfer-betting.html,/blog/fica-verification-guide-south-africa-2026.html,How to FICA Verify Your Betting Account in South Africa (2026 Guide)
blog/fnb-standard-bank-transfer-betting.html,/blog/,← Back to Blog
blog/fnb-standard-bank-transfer-betting.html,/about.html,About
blog/fnb-standard-bank-transfer-betting.html,/editorial-policy.html,Editorial Policy
blog/fnb-standard-bank-transfer-betting.html,/responsible-gambling.html,Responsible Gambling
blog/fnb-standard-bank-transfer-betting.html,/privacy.html,Privacy
blog/fnb-standard-bank-transfer-betting.html,/contact.html,Contact
blog/fnb-standard-bank-transfer-betting.html,/blog/,Blog
blog/fnb-standard-bank-transfer-betting.html,/blog/category-bookmaker-comparisons.html,Bookmaker Comparisons
blog/gbets-review-south-africa-2026.html,/,BetSorted
blog/gbets-review-south-africa-2026.html,/#comparison,Compare
blog/gbets-review-south-africa-2026.html,/bookmakers/,Bookmakers
blog/gbets-review-south-africa-2026.html,/glossary.html,Glossary
blog/gbets-review-south-africa-2026.html,/calculators.html,Calculators
blog/gbets-review-south-africa-2026.html,/blog/,Blog
blog/gbets-review-south-africa-2026.html,/psl-match-centre.html,⚽ PSL Live
blog/gbets-review-south-africa-2026.html,/prediction-markets.html,💰 Smart Money
blog/gbets-review-south-africa-2026.html,/,Home
blog/gbets-review-south-africa-2026.html,/bookmakers/,Bookmakers
blog/gbets-review-south-africa-2026.html,/blog/betshezi-review-south-africa-2026.html,Betshezi
blog/gbets-review-south-africa-2026.html,/blog/betway-review-south-africa-2026.html,Betway
blog/gbets-review-south-africa-2026.html,/blog/ipl-betting-guide-south-africa.html,IPL
blog/gbets-review-south-africa-2026.html,/blog/best-bookmaker-lucky-numbers-south-africa-2026.html,Lucky Numbers comparison guide
blog/gbets-review-south-africa-2026.html,/betting-calculator.html,betting calculator
blog/gbets-review-south-africa-2026.html,/blog/best-deposit-methods-betting-south-africa-2026.html,SA deposit methods guide
blog/gbets-review-south-africa-2026.html,/bookmakers/gbets-app.html,Gbets app guide
blog/gbets-review-south-africa-2026.html,/calculators.html,betting calculators
blog/gbets-review-south-africa-2026.html,/blog/best-betting-sites-beginners-south-africa-2026.html,SA comparison table
blog/gbets-review-south-africa-2026.html,/blog/best-bookmaker-lucky-numbers-south-africa-2026.html,Lucky Numbers comparison
blog/gbets-review-south-africa-2026.html,/blog/betway-review-south-africa-2026.html,Betway
blog/gbets-review-south-africa-2026.html,/blog/hollywoodbets-review-south-africa-2026.html,Hollywoodbets
blog/gbets-review-south-africa-2026.html,/blog/gbets-vs-wsb-south-africa-2026.html,Gbets vs World Sports Betting 2026
blog/gbets-review-south-africa-2026.html,/blog/gbets-vs-hollywoodbets-south-africa-2026.html,Gbets vs Hollywoodbets 2026
blog/gbets-review-south-africa-2026.html,/blog/gbets-vs-betway-south-africa-2026.html,Gbets vs Betway 2026
blog/gbets-review-south-africa-2026.html,/blog/gbets-vs-easybet-south-africa-2026.html,Gbets vs Easybet 2026
blog/gbets-review-south-africa-2026.html,/blog/gbets-vs-supabets-south-africa-2026.html,Gbets vs Supabets 2026
blog/gbets-review-south-africa-2026.html,/calculators.html,Betting Calculators →
blog/gbets-review-south-africa-2026.html,/bookmakers/gbets-login.html,Gbets login guide
blog/gbets-review-south-africa-2026.html,/bookmakers/gbets-app.html,Gbets app guide
blog/gbets-review-south-africa-2026.html,/blog/betmaster-review-south-africa-2026.html,Betmaster Review South Africa 2026 — Is It Worth Signing Up?
blog/gbets-review-south-africa-2026.html,/blog/category-bookmaker-reviews.html,Bookmaker Reviews
blog/gbets-review-south-africa-2026.html,/blog/lottostar-review-south-africa-2026.html,"LottoStar Review South Africa (2026): Lucky Numbers, Virtual Games & Sports Betting"
blog/gbets-review-south-africa-2026.html,/blog/new-betting-sites-south-africa-april-2026.html,New Betting Sites South Africa April 2026 — Latest Bookmakers Reviewed
blog/gbets-review-south-africa-2026.html,/about.html,About
blog/gbets-review-south-africa-2026.html,/editorial-policy.html,Editorial Policy
blog/gbets-review-south-africa-2026.html,/responsible-gambling.html,Responsible Gambling
blog/gbets-review-south-africa-2026.html,/privacy.html,Privacy
blog/gbets-review-south-africa-2026.html,/contact.html,Contact
blog/gbets-review-south-africa-2026.html,/blog/,Blog
blog/gbets-review-south-africa-2026.html,/blog/category-bookmaker-comparisons.html,Bookmaker Comparisons
blog/gbets-vs-10bet-south-africa-2026.html,/,BetSorted
blog/gbets-vs-10bet-south-africa-2026.html,/#comparison,Compare
blog/gbets-vs-10bet-south-africa-2026.html,/bookmakers/,Bookmakers
blog/gbets-vs-10bet-south-africa-2026.html,/glossary.html,Glossary
blog/gbets-vs-10bet-south-africa-2026.html,/calculators.html,Calculators
blog/gbets-vs-10bet-south-africa-2026.html,/blog/,Blog
blog/gbets-vs-10bet-south-africa-2026.html,/psl-match-centre.html,⚽ PSL Live
blog/gbets-vs-10bet-south-africa-2026.html,/prediction-markets.html,💰 Smart Money
blog/gbets-vs-10bet-south-africa-2026.html,/,Home
blog/gbets-vs-10bet-south-africa-2026.html,/blog/,Blog
blog/gbets-vs-10bet-south-africa-2026.html,/bookmakers/,Gbets
blog/gbets-vs-10bet-south-africa-2026.html,/blog/10bet-review-south-africa-2026.html,10bet
blog/gbets-vs-10bet-south-africa-2026.html,/blog/hollywoodbets-review-south-africa-2026.html,Hollywoodbets
blog/gbets-vs-10bet-south-africa-2026.html,/blog/gbets-review-south-africa-2026.html,View Gbets Full Review →
blog/gbets-vs-10bet-south-africa-2026.html,/odds-comparison.html,Compare Odds Now →
blog/gbets-vs-10bet-south-africa-2026.html,/blog/,← Back to Blog
blog/gbets-vs-10bet-south-africa-2026.html,/blog/best-psl-betting-site-2026.html,Best PSL Betting Site 2026 →
blog/gbets-vs-10bet-south-africa-2026.html,/blog/best-betway-alternatives-south-africa-june-2026.html,Best Betway Alternatives for South African Bettors (June 2026)
blog/gbets-vs-10bet-south-africa-2026.html,/blog/betfred-vs-10bet-south-africa-2026.html,Betfred vs 10bet South Africa 2026: International Bookmaker Showdown
blog/gbets-vs-10bet-south-africa-2026.html,/blog/category-bookmaker-comparisons.html,Bookmaker Comparisons
blog/gbets-vs-10bet-south-africa-2026.html,/blog/gbets-vs-playabets-south-africa-2026.html,Gbets vs PlayaBets South Africa 2026 — Which SA Bookie Wins?
blog/gbets-vs-10bet-south-africa-2026.html,/about.html,About
blog/gbets-vs-10bet-south-africa-2026.html,/responsible-gambling.html,Responsible Gambling
blog/gbets-vs-10bet-south-africa-2026.html,/privacy.html,Privacy
blog/gbets-vs-10bet-south-africa-2026.html,/terms.html,Terms
blog/gbets-vs-10bet-south-africa-2026.html,/about.html,About
blog/gbets-vs-10bet-south-africa-2026.html,/editorial-policy.html,Editorial Policy
blog/gbets-vs-10bet-south-africa-2026.html,/responsible-gambling.html,Responsible Gambling
blog/gbets-vs-10bet-south-africa-2026.html,/privacy.html,Privacy
blog/gbets-vs-10bet-south-africa-2026.html,/contact.html,Contact
blog/gbets-vs-10bet-south-africa-2026.html,/blog/,Blog
blog/gbets-vs-10bet-south-africa-2026.html,/blog/category-bookmaker-comparisons.html,Bookmaker Comparisons
blog/gbets-vs-betway-south-africa-2026.html,/blog/betway-review-south-africa-2026.html,Betway
blog/gbets-vs-betway-south-africa-2026.html,/,BetSorted
blog/gbets-vs-betway-south-africa-2026.html,/#comparison,Compare
blog/gbets-vs-betway-south-africa-2026.html,/bookmakers/,Bookmakers
blog/gbets-vs-betway-south-africa-2026.html,/glossary.html,Glossary
blog/gbets-vs-betway-south-africa-2026.html,/calculators.html,Calculators
blog/gbets-vs-betway-south-africa-2026.html,/blog/,Blog
blog/gbets-vs-betway-south-africa-2026.html,/psl-match-centre.html,⚽ PSL Live
blog/gbets-vs-betway-south-africa-2026.html,/prediction-markets.html,💰 Smart Money
blog/gbets-vs-betway-south-africa-2026.html,/,Home
blog/gbets-vs-betway-south-africa-2026.html,/blog/,Blog
blog/gbets-vs-betway-south-africa-2026.html,/bookmakers/,Gbets
blog/gbets-vs-betway-south-africa-2026.html,/blog/betway-review-south-africa-2026.html,Betway
blog/gbets-vs-betway-south-africa-2026.html,/blog/gbets-review-south-africa-2026.html,Gbets
blog/gbets-vs-betway-south-africa-2026.html,/blog/best-betting-bonuses-south-africa-2026.html,best betting bonuses guide
blog/gbets-vs-betway-south-africa-2026.html,/blog/lucky-numbers-betting-guide-south-africa-2026.html,Lucky Numbers guide
blog/gbets-vs-betway-south-africa-2026.html,/psl-match-centre.html,PSL Match Centre
blog/gbets-vs-betway-south-africa-2026.html,/blog/data-free-betting-apps-south-africa-2026.html,data-free access
blog/gbets-vs-betway-south-africa-2026.html,/blog/withdrawal-times-south-africa-bookmakers-2026.html,withdrawal times comparison
blog/gbets-vs-betway-south-africa-2026.html,/blog/best-deposit-methods-betting-south-africa-2026.html,deposit methods guide
blog/gbets-vs-betway-south-africa-2026.html,/blog/best-live-betting-sites-south-africa-2026.html,best live betting sites
blog/gbets-vs-betway-south-africa-2026.html,/blog/lucky-numbers-betting-guide-south-africa-2026.html,Lucky Numbers guide
blog/gbets-vs-betway-south-africa-2026.html,/calculators.html,betting calculators
blog/gbets-vs-betway-south-africa-2026.html,/bookmakers/,South African bookmaker reviews
blog/gbets-vs-betway-south-africa-2026.html,/blog/betway-review-south-africa-2026.html,detailed Betway review
blog/gbets-vs-betway-south-africa-2026.html,/blog/betway-review-south-africa-2026.html,Betway Review South Africa 2026 — Full Breakdown
blog/gbets-vs-betway-south-africa-2026.html,/blog/gbets-review-south-africa-2026.html,Gbets Review South Africa 2026 — Full Sportsbook & Casino Breakdown
blog/gbets-vs-betway-south-africa-2026.html,/blog/best-betting-sites-beginners-south-africa-2026.html,Best Betting Sites for Beginners in South Africa 2026
blog/gbets-vs-betway-south-africa-2026.html,/blog/betway-vs-hollywoodbets.html,Betway vs Hollywoodbets — Which Is Better in 2026?
blog/gbets-vs-betway-south-africa-2026.html,/blog/best-betting-bonuses-south-africa-2026.html,Best Betting Bonuses in South Africa 2026
blog/gbets-vs-betway-south-africa-2026.html,/blog/lucky-numbers-betting-guide-south-africa-2026.html,Lucky Numbers Betting Guide South Africa 2026
blog/gbets-vs-betway-south-africa-2026.html,/blog/gbets-review-south-africa-2026.html,← Gbets Full Review
blog/gbets-vs-betway-south-africa-2026.html,/blog/,All Articles
blog/gbets-vs-betway-south-africa-2026.html,/blog/betway-review-south-africa-2026.html,Betway Full Review →
blog/gbets-vs-betway-south-africa-2026.html,/blog/best-betway-alternatives-south-africa-june-2026.html,Best Betway Alternatives for South African Bettors (June 2026)
blog/gbets-vs-betway-south-africa-2026.html,/blog/betfred-vs-10bet-south-africa-2026.html,Betfred vs 10bet South Africa 2026: International Bookmaker Showdown
blog/gbets-vs-betway-south-africa-2026.html,/blog/category-bookmaker-comparisons.html,Bookmaker Comparisons
blog/gbets-vs-betway-south-africa-2026.html,/blog/gbets-vs-10bet-south-africa-2026.html,Gbets vs 10bet South Africa 2026 — Which Bookmaker Wins?
blog/gbets-vs-betway-south-africa-2026.html,/responsible-gambling.html,Gamble Responsibly
blog/gbets-vs-betway-south-africa-2026.html,/about.html,About
blog/gbets-vs-betway-south-africa-2026.html,/editorial-policy.html,Editorial Policy
blog/gbets-vs-betway-south-africa-2026.html,/responsible-gambling.html,Responsible Gambling
blog/gbets-vs-betway-south-africa-2026.html,/privacy.html,Privacy
blog/gbets-vs-betway-south-africa-2026.html,/contact.html,Contact
blog/gbets-vs-betway-south-africa-2026.html,/blog/,Blog
blog/gbets-vs-betway-south-africa-2026.html,/blog/category-bookmaker-comparisons.html,Bookmaker Comparisons
blog/gbets-vs-easybet-south-africa-2026.html,/blog/easybet-review-south-africa-2026.html,Easybet
blog/gbets-vs-easybet-south-africa-2026.html,/,BetSorted
blog/gbets-vs-easybet-south-africa-2026.html,/#comparison,Compare
blog/gbets-vs-easybet-south-africa-2026.html,/bookmakers/,Bookmakers
blog/gbets-vs-easybet-south-africa-2026.html,/glossary.html,Glossary
blog/gbets-vs-easybet-south-africa-2026.html,/calculators.html,Calculators
blog/gbets-vs-easybet-south-africa-2026.html,/blog/,Blog
blog/gbets-vs-easybet-south-africa-2026.html,/psl-match-centre.html,⚽ PSL Live
blog/gbets-vs-easybet-south-africa-2026.html,/prediction-markets.html,💰 Smart Money
blog/gbets-vs-easybet-south-africa-2026.html,/,Home
blog/gbets-vs-easybet-south-africa-2026.html,/blog/,Blog
blog/gbets-vs-easybet-south-africa-2026.html,/bookmakers/,Gbets
blog/gbets-vs-easybet-south-africa-2026.html,/blog/betway-review-south-africa-2026.html,Betway
blog/gbets-vs-easybet-south-africa-2026.html,/calculators.html,Use the free BetSorted betting calculator
blog/gbets-vs-easybet-south-africa-2026.html,/blog/best-betway-alternatives-south-africa-june-2026.html,Best Betway Alternatives for South African Bettors (June 2026)
blog/gbets-vs-easybet-south-africa-2026.html,/blog/betfred-vs-10bet-south-africa-2026.html,Betfred vs 10bet South Africa 2026: International Bookmaker Showdown
blog/gbets-vs-easybet-south-africa-2026.html,/blog/category-bookmaker-comparisons.html,Bookmaker Comparisons
blog/gbets-vs-easybet-south-africa-2026.html,/blog/gbets-vs-10bet-south-africa-2026.html,Gbets vs 10bet South Africa 2026 — Which Bookmaker Wins?
blog/gbets-vs-easybet-south-africa-2026.html,/about.html,About
blog/gbets-vs-easybet-south-africa-2026.html,/editorial-policy.html,Editorial Policy
blog/gbets-vs-easybet-south-africa-2026.html,/responsible-gambling.html,Responsible Gambling
blog/gbets-vs-easybet-south-africa-2026.html,/privacy.html,Privacy
blog/gbets-vs-easybet-south-africa-2026.html,/contact.html,Contact
blog/gbets-vs-easybet-south-africa-2026.html,/blog/,Blog
blog/gbets-vs-easybet-south-africa-2026.html,/blog/category-bookmaker-comparisons.html,Bookmaker Comparisons
blog/gbets-vs-easybet-south-africa-2026.html,/privacy.html,Privacy
blog/gbets-vs-easybet-south-africa-2026.html,/terms.html,Terms
blog/gbets-vs-hollywoodbets-south-africa-2026.html,/blog/hollywoodbets-review-south-africa-2026.html,Hollywoodbets
blog/gbets-vs-hollywoodbets-south-africa-2026.html,/,BetSorted
blog/gbets-vs-hollywoodbets-south-africa-2026.html,/#comparison,Compare
blog/gbets-vs-hollywoodbets-south-africa-2026.html,/bookmakers/,Bookmakers
blog/gbets-vs-hollywoodbets-south-africa-2026.html,/glossary.html,Glossary
blog/gbets-vs-hollywoodbets-south-africa-2026.html,/calculators.html,Calculators
blog/gbets-vs-hollywoodbets-south-africa-2026.html,/blog/,Blog
blog/gbets-vs-hollywoodbets-south-africa-2026.html,/psl-match-centre.html,⚽ PSL Live
blog/gbets-vs-hollywoodbets-south-africa-2026.html,/prediction-markets.html,💰 Smart Money
blog/gbets-vs-hollywoodbets-south-africa-2026.html,/,Home
blog/gbets-vs-hollywoodbets-south-africa-2026.html,/blog/,Blog
blog/gbets-vs-hollywoodbets-south-africa-2026.html,/bookmakers/,Gbets
blog/gbets-vs-hollywoodbets-south-africa-2026.html,/betting-calculator.html,betting calculator
blog/gbets-vs-hollywoodbets-south-africa-2026.html,/blog/betway-review-south-africa-2026.html,Betway
blog/gbets-vs-hollywoodbets-south-africa-2026.html,/blog/lucky-numbers-betting-guide-south-africa-2026.html,complete Lucky Numbers guide
blog/gbets-vs-hollywoodbets-south-africa-2026.html,/blog/how-to-withdraw-betting-sites-south-africa-2026.html,complete withdrawal guide
blog/gbets-vs-hollywoodbets-south-africa-2026.html,/blog/fastest-paying-bookmakers-south-africa-2026.html,fastest paying bookmakers ranking
blog/gbets-vs-hollywoodbets-south-africa-2026.html,/blog/betway-review-south-africa-2026.html,Betway
blog/gbets-vs-hollywoodbets-south-africa-2026.html,/blog/best-live-betting-sites-south-africa-2026.html,reading our live betting comparison
blog/gbets-vs-hollywoodbets-south-africa-2026.html,/responsible-gambling.html,responsible gambling guide
blog/gbets-vs-hollywoodbets-south-africa-2026.html,/best-odds-finder.html,Best Odds Finder
blog/gbets-vs-hollywoodbets-south-africa-2026.html,/betting-calculator.html,Betting Calculator
blog/gbets-vs-hollywoodbets-south-africa-2026.html,/blog/best-betting-sites-beginners-south-africa-2026.html,best betting sites for beginners guide
blog/gbets-vs-hollywoodbets-south-africa-2026.html,/blog/gbets-vs-betway-south-africa-2026.html,Gbets vs Betway South Africa 2026
blog/gbets-vs-hollywoodbets-south-africa-2026.html,/blog/gbets-review-south-africa-2026.html,Gbets Review — Full Breakdown
blog/gbets-vs-hollywoodbets-south-africa-2026.html,/blog/hollywoodbets-review-south-africa-2026.html,Hollywoodbets Review 2026
blog/gbets-vs-hollywoodbets-south-africa-2026.html,/blog/betway-vs-hollywoodbets.html,Betway vs Hollywoodbets 2026
blog/gbets-vs-hollywoodbets-south-africa-2026.html,/blog/fastest-paying-bookmakers-south-africa-2026.html,Fastest Paying Bookmakers in SA 2026
blog/gbets-vs-hollywoodbets-south-africa-2026.html,/blog/best-betting-bonuses-south-africa-2026.html,Best Betting Bonuses South Africa 2026
blog/gbets-vs-hollywoodbets-south-africa-2026.html,/blog/gbets-review-south-africa-2026.html,← Gbets Full Review
blog/gbets-vs-hollywoodbets-south-africa-2026.html,/blog/,All Articles
blog/gbets-vs-hollywoodbets-south-africa-2026.html,/blog/hollywoodbets-review-south-africa-2026.html,Hollywoodbets Full Review →
blog/gbets-vs-hollywoodbets-south-africa-2026.html,/blog/best-betway-alternatives-south-africa-june-2026.html,Best Betway Alternatives for South African Bettors (June 2026)
blog/gbets-vs-hollywoodbets-south-africa-2026.html,/blog/betfred-vs-10bet-south-africa-2026.html,Betfred vs 10bet South Africa 2026: International Bookmaker Showdown
blog/gbets-vs-hollywoodbets-south-africa-2026.html,/blog/category-bookmaker-comparisons.html,Bookmaker Comparisons
blog/gbets-vs-hollywoodbets-south-africa-2026.html,/blog/gbets-vs-10bet-south-africa-2026.html,Gbets vs 10bet South Africa 2026 — Which Bookmaker Wins?
blog/gbets-vs-hollywoodbets-south-africa-2026.html,/responsible-gambling.html,Gamble Responsibly
blog/gbets-vs-hollywoodbets-south-africa-2026.html,/about.html,About
blog/gbets-vs-hollywoodbets-south-africa-2026.html,/editorial-policy.html,Editorial Policy
blog/gbets-vs-hollywoodbets-south-africa-2026.html,/responsible-gambling.html,Responsible Gambling
blog/gbets-vs-hollywoodbets-south-africa-2026.html,/privacy.html,Privacy
blog/gbets-vs-hollywoodbets-south-africa-2026.html,/contact.html,Contact
blog/gbets-vs-hollywoodbets-south-africa-2026.html,/blog/,Blog
blog/gbets-vs-hollywoodbets-south-africa-2026.html,/blog/category-bookmaker-comparisons.html,Bookmaker Comparisons
blog/gbets-vs-playabets-south-africa-2026.html,/,BetSorted
blog/gbets-vs-playabets-south-africa-2026.html,/#comparison,Compare
blog/gbets-vs-playabets-south-africa-2026.html,/bookmakers/,Bookmakers
blog/gbets-vs-playabets-south-africa-2026.html,/glossary.html,Glossary
blog/gbets-vs-playabets-south-africa-2026.html,/calculators.html,Calculators
blog/gbets-vs-playabets-south-africa-2026.html,/blog/,Blog
blog/gbets-vs-playabets-south-africa-2026.html,/psl-match-centre.html,⚽ PSL Live
blog/gbets-vs-playabets-south-africa-2026.html,/prediction-markets.html,💰 Smart Money
blog/gbets-vs-playabets-south-africa-2026.html,/,Home
blog/gbets-vs-playabets-south-africa-2026.html,/blog/,Blog
blog/gbets-vs-playabets-south-africa-2026.html,/bookmakers/,Gbets
blog/gbets-vs-playabets-south-africa-2026.html,/blog/playabets-review-south-africa-2026.html,PlayaBets
blog/gbets-vs-playabets-south-africa-2026.html,/blog/gbets-review-south-africa-2026.html,View Gbets Full Review →
blog/gbets-vs-playabets-south-africa-2026.html,/odds-comparison.html,Compare All SA Bookies →
blog/gbets-vs-playabets-south-africa-2026.html,/blog/,← Back to Blog
blog/gbets-vs-playabets-south-africa-2026.html,/blog/gbets-vs-10bet-south-africa-2026.html,Gbets vs 10bet →
blog/gbets-vs-playabets-south-africa-2026.html,/blog/best-betway-alternatives-south-africa-june-2026.html,Best Betway Alternatives for South African Bettors (June 2026)
blog/gbets-vs-playabets-south-africa-2026.html,/blog/betfred-vs-10bet-south-africa-2026.html,Betfred vs 10bet South Africa 2026: International Bookmaker Showdown
blog/gbets-vs-playabets-south-africa-2026.html,/blog/category-bookmaker-comparisons.html,Bookmaker Comparisons
blog/gbets-vs-playabets-south-africa-2026.html,/blog/gbets-vs-10bet-south-africa-2026.html,Gbets vs 10bet South Africa 2026 — Which Bookmaker Wins?
blog/gbets-vs-playabets-south-africa-2026.html,/about.html,About
blog/gbets-vs-playabets-south-africa-2026.html,/responsible-gambling.html,Responsible Gambling
blog/gbets-vs-playabets-south-africa-2026.html,/privacy.html,Privacy
blog/gbets-vs-playabets-south-africa-2026.html,/terms.html,Terms
blog/gbets-vs-playabets-south-africa-2026.html,/about.html,About
blog/gbets-vs-playabets-south-africa-2026.html,/editorial-policy.html,Editorial Policy
blog/gbets-vs-playabets-south-africa-2026.html,/responsible-gambling.html,Responsible Gambling
blog/gbets-vs-playabets-south-africa-2026.html,/privacy.html,Privacy
blog/gbets-vs-playabets-south-africa-2026.html,/contact.html,Contact
blog/gbets-vs-playabets-south-africa-2026.html,/blog/,Blog
blog/gbets-vs-playabets-south-africa-2026.html,/blog/category-bookmaker-comparisons.html,Bookmaker Comparisons
blog/gbets-vs-sportingbet-south-africa-2026.html,/blog/sportingbet-review-south-africa-2026.html,Sportingbet
blog/gbets-vs-sportingbet-south-africa-2026.html,/,BetSorted
blog/gbets-vs-sportingbet-south-africa-2026.html,/#comparison,Compare
blog/gbets-vs-sportingbet-south-africa-2026.html,/bookmakers/,Bookmakers
blog/gbets-vs-sportingbet-south-africa-2026.html,/glossary.html,Glossary
blog/gbets-vs-sportingbet-south-africa-2026.html,/calculators.html,Calculators
blog/gbets-vs-sportingbet-south-africa-2026.html,/blog/,Blog
blog/gbets-vs-sportingbet-south-africa-2026.html,/psl-match-centre.html,⚽ PSL Live
blog/gbets-vs-sportingbet-south-africa-2026.html,/prediction-markets.html,💰 Smart Money
blog/gbets-vs-sportingbet-south-africa-2026.html,/,Home
blog/gbets-vs-sportingbet-south-africa-2026.html,/blog/,Blog
blog/gbets-vs-sportingbet-south-africa-2026.html,/blog/betway-review-south-africa-2026.html,Betway
blog/gbets-vs-sportingbet-south-africa-2026.html,/blog/hollywoodbets-review-south-africa-2026.html,Hollywoodbets
blog/gbets-vs-sportingbet-south-africa-2026.html,/bookmakers/,Gbets
blog/gbets-vs-sportingbet-south-africa-2026.html,/blog/gbets-review-south-africa-2026.html,Gbets
blog/gbets-vs-sportingbet-south-africa-2026.html,/blog/sportingbet-review-south-africa-2026.html,Sportingbet
blog/gbets-vs-sportingbet-south-africa-2026.html,/blog/best-betting-bonuses-south-africa-2026.html,SA betting bonuses guide
blog/gbets-vs-sportingbet-south-africa-2026.html,/best-odds-finder.html,Best Odds Finder
blog/gbets-vs-sportingbet-south-africa-2026.html,/psl-match-centre.html,PSL Match Centre
blog/gbets-vs-sportingbet-south-africa-2026.html,/blog/live-betting-guide-south-africa-2026.html,live betting guide
blog/gbets-vs-sportingbet-south-africa-2026.html,/blog/fastest-paying-bookmakers-south-africa-2026.html,fastest paying bookmakers in SA
blog/gbets-vs-sportingbet-south-africa-2026.html,/best-odds-finder.html,Best Odds Finder
blog/gbets-vs-sportingbet-south-africa-2026.html,/blog/best-betting-sites-beginners-south-africa-2026.html,View Our Full Bookmaker Rankings →
blog/gbets-vs-sportingbet-south-africa-2026.html,/blog/gbets-vs-betway-south-africa-2026.html,Gbets vs Betway South Africa 2026
blog/gbets-vs-sportingbet-south-africa-2026.html,/blog/gbets-vs-hollywoodbets-south-africa-2026.html,Gbets vs Hollywoodbets South Africa 2026
blog/gbets-vs-sportingbet-south-africa-2026.html,/blog/sportingbet-review-south-africa-2026.html,Sportingbet Full Review 2026
blog/gbets-vs-sportingbet-south-africa-2026.html,/blog/gbets-review-south-africa-2026.html,Gbets Full Review 2026
blog/gbets-vs-sportingbet-south-africa-2026.html,/blog/betway-vs-sportingbet-south-africa-2026.html,Betway vs Sportingbet South Africa
blog/gbets-vs-sportingbet-south-africa-2026.html,/blog/best-betting-sites-beginners-south-africa-2026.html,Best Betting Sites SA 2026 — Full Rankings
blog/gbets-vs-sportingbet-south-africa-2026.html,/blog/,← Back to Blog
blog/gbets-vs-sportingbet-south-africa-2026.html,/best-odds-finder.html,Compare Live Odds →
blog/gbets-vs-sportingbet-south-africa-2026.html,/blog/best-betway-alternatives-south-africa-june-2026.html,Best Betway Alternatives for South African Bettors (June 2026)
blog/gbets-vs-sportingbet-south-africa-2026.html,/blog/betfred-vs-10bet-south-africa-2026.html,Betfred vs 10bet South Africa 2026: International Bookmaker Showdown
blog/gbets-vs-sportingbet-south-africa-2026.html,/blog/category-bookmaker-comparisons.html,Bookmaker Comparisons
blog/gbets-vs-sportingbet-south-africa-2026.html,/blog/gbets-vs-10bet-south-africa-2026.html,Gbets vs 10bet South Africa 2026 — Which Bookmaker Wins?
blog/gbets-vs-sportingbet-south-africa-2026.html,/responsible-gambling.html,Responsible Gambling Resources
blog/gbets-vs-sportingbet-south-africa-2026.html,/terms.html,Terms
blog/gbets-vs-sportingbet-south-africa-2026.html,/privacy.html,Privacy
blog/gbets-vs-sportingbet-south-africa-2026.html,/editorial-policy.html,Editorial Policy
blog/gbets-vs-supabets-south-africa-2026.html,/blog/supabets-review-south-africa-2026.html,SupaBets
blog/gbets-vs-supabets-south-africa-2026.html,/,BetSorted
blog/gbets-vs-supabets-south-africa-2026.html,/#comparison,Compare
blog/gbets-vs-supabets-south-africa-2026.html,/bookmakers/,Bookmakers
blog/gbets-vs-supabets-south-africa-2026.html,/glossary.html,Glossary
blog/gbets-vs-supabets-south-africa-2026.html,/calculators.html,Calculators
blog/gbets-vs-supabets-south-africa-2026.html,/blog/,Blog
blog/gbets-vs-supabets-south-africa-2026.html,/psl-match-centre.html,⚽ PSL Live
blog/gbets-vs-supabets-south-africa-2026.html,/prediction-markets.html,💰 Smart Money
blog/gbets-vs-supabets-south-africa-2026.html,/,Home
blog/gbets-vs-supabets-south-africa-2026.html,/blog/,Blog
blog/gbets-vs-supabets-south-africa-2026.html,/blog/betway-review-south-africa-2026.html,Betway
blog/gbets-vs-supabets-south-africa-2026.html,/blog/hollywoodbets-review-south-africa-2026.html,Hollywoodbets
blog/gbets-vs-supabets-south-africa-2026.html,/blog/wsb-review-south-africa-2026.html,World Sports Betting
blog/gbets-vs-supabets-south-africa-2026.html,/bookmakers/,Gbets
blog/gbets-vs-supabets-south-africa-2026.html,/betting-calculator.html,betting calculator
blog/gbets-vs-supabets-south-africa-2026.html,/accumulator-calculator.html,accumulators
blog/gbets-vs-supabets-south-africa-2026.html,/blog/best-rugby-betting-sites-south-africa-2026.html,best rugby betting sites guide
blog/gbets-vs-supabets-south-africa-2026.html,/blog/betway-review-south-africa-2026.html,Betway
blog/gbets-vs-supabets-south-africa-2026.html,/blog/ipl-betting-guide-south-africa.html,IPL 2026 opening weekend betting guide
blog/gbets-vs-supabets-south-africa-2026.html,/blog/hollywoodbets-review-south-africa-2026.html,Hollywoodbets
blog/gbets-vs-supabets-south-africa-2026.html,/blog/hollywoodbets-review-south-africa-2026.html,Hollywoodbets
blog/gbets-vs-supabets-south-africa-2026.html,/blog/fastest-paying-bookmakers-south-africa-2026.html,fastest paying bookmakers
blog/gbets-vs-supabets-south-africa-2026.html,/blog/esports-betting-guide-south-africa-2026.html,esports betting guide
blog/gbets-vs-supabets-south-africa-2026.html,/blog/gbets-vs-betway-south-africa-2026.html,Gbets vs Betway
blog/gbets-vs-supabets-south-africa-2026.html,/blog/gbets-vs-hollywoodbets-south-africa-2026.html,Gbets vs Hollywoodbets
blog/gbets-vs-supabets-south-africa-2026.html,/blog/gbets-vs-betway-south-africa-2026.html,Gbets vs Betway South Africa 2026
blog/gbets-vs-supabets-south-africa-2026.html,/blog/gbets-vs-hollywoodbets-south-africa-2026.html,Gbets vs Hollywoodbets South Africa 2026
blog/gbets-vs-supabets-south-africa-2026.html,/blog/supabets-review-south-africa-2026.html,SupaBets Review — Full Breakdown
blog/gbets-vs-supabets-south-africa-2026.html,/blog/gbets-review-south-africa-2026.html,Gbets Review — Full Breakdown
blog/gbets-vs-supabets-south-africa-2026.html,/blog/10bet-vs-supabets-south-africa-2026.html,10bet vs SupaBets 2026
blog/gbets-vs-supabets-south-africa-2026.html,/blog/ipl-betting-guide-south-africa.html,IPL 2026 Opening Weekend Betting Guide
blog/gbets-vs-supabets-south-africa-2026.html,/blog/gbets-vs-hollywoodbets-south-africa-2026.html,← Gbets vs Hollywoodbets
blog/gbets-vs-supabets-south-africa-2026.html,/blog/,All Articles
blog/gbets-vs-supabets-south-africa-2026.html,/blog/supabets-review-south-africa-2026.html,SupaBets Full Review →
blog/gbets-vs-supabets-south-africa-2026.html,/blog/best-betway-alternatives-south-africa-june-2026.html,Best Betway Alternatives for South African Bettors (June 2026)
blog/gbets-vs-supabets-south-africa-2026.html,/blog/betfred-vs-10bet-south-africa-2026.html,Betfred vs 10bet South Africa 2026: International Bookmaker Showdown
blog/gbets-vs-supabets-south-africa-2026.html,/blog/category-bookmaker-comparisons.html,Bookmaker Comparisons
blog/gbets-vs-supabets-south-africa-2026.html,/blog/gbets-vs-10bet-south-africa-2026.html,Gbets vs 10bet South Africa 2026 — Which Bookmaker Wins?
blog/gbets-vs-supabets-south-africa-2026.html,/responsible-gambling.html,Gamble Responsibly
blog/gbets-vs-supabets-south-africa-2026.html,/about.html,About
blog/gbets-vs-supabets-south-africa-2026.html,/editorial-policy.html,Editorial Policy
blog/gbets-vs-supabets-south-africa-2026.html,/responsible-gambling.html,Responsible Gambling
blog/gbets-vs-supabets-south-africa-2026.html,/privacy.html,Privacy
blog/gbets-vs-supabets-south-africa-2026.html,/contact.html,Contact
blog/gbets-vs-supabets-south-africa-2026.html,/blog/,Blog
blog/gbets-vs-supabets-south-africa-2026.html,/blog/category-bookmaker-comparisons.html,Bookmaker Comparisons
blog/gbets-vs-world-sports-betting-rugby-horse-racing-2026.html,/,BetSorted
blog/gbets-vs-world-sports-betting-rugby-horse-racing-2026.html,/#comparison,Compare
blog/gbets-vs-world-sports-betting-rugby-horse-racing-2026.html,/bookmakers/,Bookmakers
blog/gbets-vs-world-sports-betting-rugby-horse-racing-2026.html,/glossary.html,Glossary
blog/gbets-vs-world-sports-betting-rugby-horse-racing-2026.html,/calculators.html,Calculators
blog/gbets-vs-world-sports-betting-rugby-horse-racing-2026.html,/blog/,Blog
blog/gbets-vs-world-sports-betting-rugby-horse-racing-2026.html,/psl-match-centre.html,⚽ PSL Live
blog/gbets-vs-world-sports-betting-rugby-horse-racing-2026.html,/prediction-markets.html,💰 Smart Money
blog/gbets-vs-world-sports-betting-rugby-horse-racing-2026.html,/blog/gbets-vs-wsb-south-africa-2026.html,Click here
blog/gbets-vs-wsb-south-africa-2026.html,/blog/wsb-review-south-africa-2026.html,World Sports Betting
blog/gbets-vs-wsb-south-africa-2026.html,/blog/wsb-review-south-africa-2026.html,WSB
blog/gbets-vs-wsb-south-africa-2026.html,/,BetSorted
blog/gbets-vs-wsb-south-africa-2026.html,/#comparison,Compare
blog/gbets-vs-wsb-south-africa-2026.html,/bookmakers/,Bookmakers
blog/gbets-vs-wsb-south-africa-2026.html,/glossary.html,Glossary
blog/gbets-vs-wsb-south-africa-2026.html,/calculators.html,Calculators
blog/gbets-vs-wsb-south-africa-2026.html,/blog/,Blog
blog/gbets-vs-wsb-south-africa-2026.html,/psl-match-centre.html,⚽ PSL Live
blog/gbets-vs-wsb-south-africa-2026.html,/prediction-markets.html,💰 Smart Money
blog/gbets-vs-wsb-south-africa-2026.html,/,Home
blog/gbets-vs-wsb-south-africa-2026.html,/blog/,Blog
blog/gbets-vs-wsb-south-africa-2026.html,/,Home
blog/gbets-vs-wsb-south-africa-2026.html,/blog/,Blog
blog/gbets-vs-wsb-south-africa-2026.html,/bookmakers/,Gbets
blog/gbets-vs-wsb-south-africa-2026.html,/blog/wsb-review-south-africa-2026.html,WSB
blog/gbets-vs-wsb-south-africa-2026.html,/blog/betway-review-south-africa-2026.html,Betway
blog/gbets-vs-wsb-south-africa-2026.html,/blog/10bet-review-south-africa-2026.html,10bet
blog/gbets-vs-wsb-south-africa-2026.html,/accumulator-calculator.html,accumulators
blog/gbets-vs-wsb-south-africa-2026.html,/odds-comparison.html,BetSorted's odds comparison tool
blog/gbets-vs-wsb-south-africa-2026.html,/blog/category-rugby.html,Nations Championship
blog/gbets-vs-wsb-south-africa-2026.html,/blog/best-betting-bonuses-south-africa-2026.html,complete bonus comparison guide
blog/gbets-vs-wsb-south-africa-2026.html,/free-bet-calculator.html,free bet calculator
blog/gbets-vs-wsb-south-africa-2026.html,/blog/how-to-withdraw-betting-sites-south-africa-2026.html,withdrawal guide
blog/gbets-vs-wsb-south-africa-2026.html,/blog/data-free-betting-apps-south-africa-2026.html,data-free betting guide
blog/gbets-vs-wsb-south-africa-2026.html,/blog/betway-review-south-africa-2026.html,Betway
blog/gbets-vs-wsb-south-africa-2026.html,/odds-comparison.html,odds comparison tool
blog/gbets-vs-wsb-south-africa-2026.html,/blog/betway-review-south-africa-2026.html,Betway
blog/gbets-vs-wsb-south-africa-2026.html,/odds-comparison.html,BetSorted's odds comparison tool
blog/gbets-vs-wsb-south-africa-2026.html,/blog/gbets-vs-hollywoodbets-south-africa-2026.html,Gbets vs Hollywoodbets 2026
blog/gbets-vs-wsb-south-africa-2026.html,/blog/gbets-vs-betway-south-africa-2026.html,Gbets vs Betway 2026
blog/gbets-vs-wsb-south-africa-2026.html,/blog/wsb-vs-hollywoodbets-south-africa-2026.html,WSB vs Hollywoodbets 2026
blog/gbets-vs-wsb-south-africa-2026.html,/blog/gbets-vs-easybet-south-africa-2026.html,Gbets vs Easybet 2026
blog/gbets-vs-wsb-south-africa-2026.html,/blog/gbets-vs-supabets-south-africa-2026.html,Gbets vs Supabets 2026
blog/gbets-vs-wsb-south-africa-2026.html,/,BetSorted
blog/gbets-vs-wsb-south-africa-2026.html,/about.html,About
blog/gbets-vs-wsb-south-africa-2026.html,/editorial-policy.html,Editorial Policy
blog/gbets-vs-wsb-south-africa-2026.html,/responsible-gambling.html,Responsible Gambling
blog/hollywoodbets-review-south-africa-2026.html,/,BetSorted
blog/hollywoodbets-review-south-africa-2026.html,/#comparison,Compare
blog/hollywoodbets-review-south-africa-2026.html,/bookmakers/,Bookmakers
blog/hollywoodbets-review-south-africa-2026.html,/glossary.html,Glossary
blog/hollywoodbets-review-south-africa-2026.html,/calculators.html,Calculators
blog/hollywoodbets-review-south-africa-2026.html,/blog/,Blog
blog/hollywoodbets-review-south-africa-2026.html,/psl-match-centre.html,⚽ PSL Live
blog/hollywoodbets-review-south-africa-2026.html,/prediction-markets.html,💰 Smart Money
blog/hollywoodbets-review-south-africa-2026.html,/,Home
blog/hollywoodbets-review-south-africa-2026.html,/bookmakers/,Bookmakers
blog/hollywoodbets-review-south-africa-2026.html,/bookmakers/hollywoodbets-psl-betting.html,Hollywoodbets PSL betting
blog/hollywoodbets-review-south-africa-2026.html,/bookmakers/hollywoodbets-rugby-betting.html,Hollywoodbets Rugby betting
blog/hollywoodbets-review-south-africa-2026.html,/bookmakers/hollywoodbets-cricket-betting.html,Hollywoodbets Cricket betting
blog/hollywoodbets-review-south-africa-2026.html,/go/hollywoodbets.html?subid=review-hollywoodbets,Open Hollywoodbets
blog/hollywoodbets-review-south-africa-2026.html,/glossary.html,South Africa betting glossary
blog/hollywoodbets-review-south-africa-2026.html,/bookmakers/,Bookmakers hub
blog/hollywoodbets-review-south-africa-2026.html,/odds-comparison.html,odds comparison page
blog/hollywoodbets-review-south-africa-2026.html,/betting-calculator.html,betting calculator
blog/hollywoodbets-review-south-africa-2026.html,/blog/best-psl-betting-site-2026.html,best PSL betting sites
blog/hollywoodbets-review-south-africa-2026.html,/odds-comparison.html,odds comparison tool
blog/hollywoodbets-review-south-africa-2026.html,/betting-calculator.html,betting calculator
blog/hollywoodbets-review-south-africa-2026.html,/blog/instant-eft-betting-payments-south-africa.html,Instant EFT
blog/hollywoodbets-review-south-africa-2026.html,/blog/ozow-betting-payments-south-africa.html,Ozow
blog/hollywoodbets-review-south-africa-2026.html,/best-odds-finder.html,best odds finder
blog/hollywoodbets-review-south-africa-2026.html,/blog/fastest-paying-bookmakers-south-africa-2026.html,fastest paying bookmakers in South Africa
blog/hollywoodbets-review-south-africa-2026.html,/blog/betway-vs-hollywoodbets.html,Betway vs Hollywoodbets comparison
blog/hollywoodbets-review-south-africa-2026.html,/blog/hollywoodbets-vs-supabets-2026.html,Hollywoodbets vs Supabets
blog/hollywoodbets-review-south-africa-2026.html,/blog/easybet-vs-world-sports-betting-psl-2026.html,Easybet vs WSB for PSL
blog/hollywoodbets-review-south-africa-2026.html,/accumulator-calculator.html,accumulator calculator
blog/hollywoodbets-review-south-africa-2026.html,/betting-calculator.html,betting calculator
blog/hollywoodbets-review-south-africa-2026.html,/blog/,← Back to Blog
blog/hollywoodbets-vs-10bet-south-africa-2026.html,/blog/10bet-review-south-africa-2026.html,10bet
blog/hollywoodbets-vs-10bet-south-africa-2026.html,/,BetSorted
blog/hollywoodbets-vs-10bet-south-africa-2026.html,/#comparison,Compare
blog/hollywoodbets-vs-10bet-south-africa-2026.html,/bookmakers/,Bookmakers
blog/hollywoodbets-vs-10bet-south-africa-2026.html,/glossary.html,Glossary
blog/hollywoodbets-vs-10bet-south-africa-2026.html,/calculators.html,Calculators
blog/hollywoodbets-vs-10bet-south-africa-2026.html,/blog/,Blog
blog/hollywoodbets-vs-10bet-south-africa-2026.html,/psl-match-centre.html,⚽ PSL Live
blog/hollywoodbets-vs-10bet-south-africa-2026.html,/prediction-markets.html,💰 Smart Money
blog/hollywoodbets-vs-10bet-south-africa-2026.html,/,Home
blog/hollywoodbets-vs-10bet-south-africa-2026.html,/blog/,Blog
blog/hollywoodbets-vs-10bet-south-africa-2026.html,/blog/,← Back to Blog
blog/hollywoodbets-vs-10bet-south-africa-2026.html,/blog/hollywoodbets-review-south-africa-2026.html,Hollywoodbets
blog/hollywoodbets-vs-10bet-south-africa-2026.html,/odds-comparison.html,odds comparison page
blog/hollywoodbets-vs-10bet-south-africa-2026.html,/blog/betway-review-south-africa-2026.html,Betway
blog/hollywoodbets-vs-10bet-south-africa-2026.html,/blog/fastest-paying-bookmakers-south-africa-2026.html,fastest paying bookmakers guide
blog/hollywoodbets-vs-10bet-south-africa-2026.html,/betting-calculator.html,betting calculator
blog/hollywoodbets-vs-10bet-south-africa-2026.html,/odds-comparison.html,odds comparison page
blog/hollywoodbets-vs-10bet-south-africa-2026.html,/betting-calculator.html,betting calculator
blog/hollywoodbets-vs-10bet-south-africa-2026.html,/accumulator-calculator.html,accumulator calculator
blog/hollywoodbets-vs-10bet-south-africa-2026.html,/odds-comparison.html,odds comparison page
blog/hollywoodbets-vs-10bet-south-africa-2026.html,/blog/best-betway-alternatives-south-africa-june-2026.html,Best Betway Alternatives for South African Bettors (June 2026)
blog/hollywoodbets-vs-10bet-south-africa-2026.html,/blog/betfred-vs-10bet-south-africa-2026.html,Betfred vs 10bet South Africa 2026: International Bookmaker Showdown
blog/hollywoodbets-vs-10bet-south-africa-2026.html,/blog/category-bookmaker-comparisons.html,Bookmaker Comparisons
blog/hollywoodbets-vs-10bet-south-africa-2026.html,/blog/gbets-vs-10bet-south-africa-2026.html,Gbets vs 10bet South Africa 2026 — Which Bookmaker Wins?
blog/hollywoodbets-vs-10bet-south-africa-2026.html,/blog/,← Back to Blog
blog/hollywoodbets-vs-10bet-south-africa-2026.html,/about.html,About
blog/hollywoodbets-vs-10bet-south-africa-2026.html,/editorial-policy.html,Editorial Policy
blog/hollywoodbets-vs-10bet-south-africa-2026.html,/responsible-gambling.html,Responsible Gambling
blog/hollywoodbets-vs-10bet-south-africa-2026.html,/privacy.html,Privacy
blog/hollywoodbets-vs-10bet-south-africa-2026.html,/contact.html,Contact
blog/hollywoodbets-vs-10bet-south-africa-2026.html,/blog/,Blog
blog/hollywoodbets-vs-10bet-south-africa-2026.html,/blog/category-bookmaker-comparisons.html,Bookmaker Comparisons
blog/hollywoodbets-vs-betway-comparison-2026.html,/,BetSorted
blog/hollywoodbets-vs-betway-comparison-2026.html,/#comparison,Compare
blog/hollywoodbets-vs-betway-comparison-2026.html,/bookmakers/,Bookmakers
blog/hollywoodbets-vs-betway-comparison-2026.html,/glossary.html,Glossary
blog/hollywoodbets-vs-betway-comparison-2026.html,/calculators.html,Calculators
blog/hollywoodbets-vs-betway-comparison-2026.html,/blog/,Blog
blog/hollywoodbets-vs-betway-comparison-2026.html,/psl-match-centre.html,⚽ PSL Live
blog/hollywoodbets-vs-betway-comparison-2026.html,/prediction-markets.html,💰 Smart Money
blog/hollywoodbets-vs-betway-comparison-2026.html,/blog/betway-vs-hollywoodbets.html,Click here
blog/hollywoodbets-vs-betway-south-africa.html,/,BetSorted
blog/hollywoodbets-vs-betway-south-africa.html,/#comparison,Compare
blog/hollywoodbets-vs-betway-south-africa.html,/bookmakers/,Bookmakers
blog/hollywoodbets-vs-betway-south-africa.html,/glossary.html,Glossary
blog/hollywoodbets-vs-betway-south-africa.html,/calculators.html,Calculators
blog/hollywoodbets-vs-betway-south-africa.html,/blog/,Blog
blog/hollywoodbets-vs-betway-south-africa.html,/psl-match-centre.html,⚽ PSL Live
blog/hollywoodbets-vs-betway-south-africa.html,/prediction-markets.html,💰 Smart Money
blog/hollywoodbets-vs-betway-south-africa.html,/blog/betway-vs-hollywoodbets.html,Click here
blog/hollywoodbets-vs-easybet-south-africa-2026.html,/blog/easybet-review-south-africa-2026.html,Easybet
blog/hollywoodbets-vs-easybet-south-africa-2026.html,/,BetSorted
blog/hollywoodbets-vs-easybet-south-africa-2026.html,/#comparison,Compare
blog/hollywoodbets-vs-easybet-south-africa-2026.html,/bookmakers/,Bookmakers
blog/hollywoodbets-vs-easybet-south-africa-2026.html,/glossary.html,Glossary
blog/hollywoodbets-vs-easybet-south-africa-2026.html,/calculators.html,Calculators
blog/hollywoodbets-vs-easybet-south-africa-2026.html,/blog/,Blog
blog/hollywoodbets-vs-easybet-south-africa-2026.html,/psl-match-centre.html,⚽ PSL Live
blog/hollywoodbets-vs-easybet-south-africa-2026.html,/prediction-markets.html,💰 Smart Money
blog/hollywoodbets-vs-easybet-south-africa-2026.html,/,Home
blog/hollywoodbets-vs-easybet-south-africa-2026.html,/blog/,Blog
blog/hollywoodbets-vs-easybet-south-africa-2026.html,/blog/,← Back to Blog
blog/hollywoodbets-vs-easybet-south-africa-2026.html,/odds-comparison.html,odds comparison page
blog/hollywoodbets-vs-easybet-south-africa-2026.html,/betting-calculator.html,betting calculator
blog/hollywoodbets-vs-easybet-south-africa-2026.html,/blog/hollywoodbets-review-south-africa-2026.html,Hollywoodbets
blog/hollywoodbets-vs-easybet-south-africa-2026.html,/accumulator-calculator.html,accumulator calculator
blog/hollywoodbets-vs-easybet-south-africa-2026.html,/blog/betway-review-south-africa-2026.html,Betway
blog/hollywoodbets-vs-easybet-south-africa-2026.html,/blog/sportingbet-review-south-africa-2026.html,Sportingbet
blog/hollywoodbets-vs-easybet-south-africa-2026.html,/blog/best-psl-betting-site-2026.html,best PSL betting site
blog/hollywoodbets-vs-easybet-south-africa-2026.html,/blog/betway-review-south-africa-2026.html,Betway
blog/hollywoodbets-vs-easybet-south-africa-2026.html,/blog/fastest-paying-bookmakers-south-africa-2026.html,fastest paying bookmakers
blog/hollywoodbets-vs-easybet-south-africa-2026.html,/odds-comparison.html,live odds comparison tool
blog/hollywoodbets-vs-easybet-south-africa-2026.html,/blog/hollywoodbets-review-south-africa-2026.html,Hollywoodbets review
blog/hollywoodbets-vs-easybet-south-africa-2026.html,/blog/easybet-review-south-africa-2026.html,Easybet review
blog/hollywoodbets-vs-easybet-south-africa-2026.html,/odds-comparison.html,Live Odds Comparison
blog/hollywoodbets-vs-easybet-south-africa-2026.html,/betting-calculator.html,Betting Calculator
blog/hollywoodbets-vs-easybet-south-africa-2026.html,/accumulator-calculator.html,Accumulator Calculator
blog/hollywoodbets-vs-easybet-south-africa-2026.html,/blog/best-betway-alternatives-south-africa-june-2026.html,Best Betway Alternatives for South African Bettors (June 2026)
blog/hollywoodbets-vs-easybet-south-africa-2026.html,/blog/betfred-vs-10bet-south-africa-2026.html,Betfred vs 10bet South Africa 2026: International Bookmaker Showdown
blog/hollywoodbets-vs-easybet-south-africa-2026.html,/blog/category-bookmaker-comparisons.html,Bookmaker Comparisons
blog/hollywoodbets-vs-easybet-south-africa-2026.html,/blog/gbets-vs-10bet-south-africa-2026.html,Gbets vs 10bet South Africa 2026 — Which Bookmaker Wins?
blog/hollywoodbets-vs-easybet-south-africa-2026.html,/about.html,About
blog/hollywoodbets-vs-easybet-south-africa-2026.html,/editorial-policy.html,Editorial Policy
blog/hollywoodbets-vs-easybet-south-africa-2026.html,/responsible-gambling.html,Responsible Gambling
blog/hollywoodbets-vs-easybet-south-africa-2026.html,/privacy.html,Privacy
blog/hollywoodbets-vs-easybet-south-africa-2026.html,/contact.html,Contact
blog/hollywoodbets-vs-easybet-south-africa-2026.html,/blog/,Blog
blog/hollywoodbets-vs-easybet-south-africa-2026.html,/blog/category-bookmaker-comparisons.html,Bookmaker Comparisons
blog/hollywoodbets-vs-playabets-psl-playoffs-2026.html,/blog/playabets-review-south-africa-2026.html,Playabets
blog/hollywoodbets-vs-playabets-psl-playoffs-2026.html,/,BetSorted
blog/hollywoodbets-vs-playabets-psl-playoffs-2026.html,/#comparison,Compare
blog/hollywoodbets-vs-playabets-psl-playoffs-2026.html,/bookmakers/,Bookmakers
blog/hollywoodbets-vs-playabets-psl-playoffs-2026.html,/glossary.html,Glossary
blog/hollywoodbets-vs-playabets-psl-playoffs-2026.html,/calculators.html,Calculators
blog/hollywoodbets-vs-playabets-psl-playoffs-2026.html,/blog/,Blog
blog/hollywoodbets-vs-playabets-psl-playoffs-2026.html,/psl-match-centre.html,⚽ PSL Live
blog/hollywoodbets-vs-playabets-psl-playoffs-2026.html,/prediction-markets.html,💰 Smart Money
blog/hollywoodbets-vs-playabets-psl-playoffs-2026.html,/,Home
blog/hollywoodbets-vs-playabets-psl-playoffs-2026.html,/blog/,Blog
blog/hollywoodbets-vs-playabets-psl-playoffs-2026.html,/,⚽ BetSorted
blog/hollywoodbets-vs-playabets-psl-playoffs-2026.html,/blog/,Blog
blog/hollywoodbets-vs-playabets-psl-playoffs-2026.html,/#calculators,Calculators
blog/hollywoodbets-vs-playabets-psl-playoffs-2026.html,/blog/hollywoodbets-review-south-africa-2026.html,Hollywoodbets
blog/hollywoodbets-vs-playabets-psl-playoffs-2026.html,/,Try BetSorted Calculator
blog/hollywoodbets-vs-playabets-psl-playoffs-2026.html,/,BetSorted's calculators
blog/hollywoodbets-vs-playabets-psl-playoffs-2026.html,/blog/best-betway-alternatives-south-africa-june-2026.html,Best Betway Alternatives for South African Bettors (June 2026)
blog/hollywoodbets-vs-playabets-psl-playoffs-2026.html,/blog/betfred-vs-10bet-south-africa-2026.html,Betfred vs 10bet South Africa 2026: International Bookmaker Showdown
blog/hollywoodbets-vs-playabets-psl-playoffs-2026.html,/blog/category-bookmaker-comparisons.html,Bookmaker Comparisons
blog/hollywoodbets-vs-playabets-psl-playoffs-2026.html,/blog/gbets-vs-10bet-south-africa-2026.html,Gbets vs 10bet South Africa 2026 — Which Bookmaker Wins?
blog/hollywoodbets-vs-playabets-psl-playoffs-2026.html,/about.html,About
blog/hollywoodbets-vs-playabets-psl-playoffs-2026.html,/editorial-policy.html,Editorial Policy
blog/hollywoodbets-vs-playabets-psl-playoffs-2026.html,/responsible-gambling.html,Responsible Gambling
blog/hollywoodbets-vs-playabets-psl-playoffs-2026.html,/privacy.html,Privacy
blog/hollywoodbets-vs-playabets-psl-playoffs-2026.html,/contact.html,Contact
blog/hollywoodbets-vs-playabets-psl-playoffs-2026.html,/blog/,Blog
blog/hollywoodbets-vs-playabets-psl-playoffs-2026.html,/blog/category-bookmaker-comparisons.html,Bookmaker Comparisons
blog/hollywoodbets-vs-playabets-psl-rugby-cricket-june-2026.html,/,BetSorted
blog/hollywoodbets-vs-playabets-psl-rugby-cricket-june-2026.html,/#comparison,Compare
blog/hollywoodbets-vs-playabets-psl-rugby-cricket-june-2026.html,/bookmakers/,Bookmakers
blog/hollywoodbets-vs-playabets-psl-rugby-cricket-june-2026.html,/glossary.html,Glossary
blog/hollywoodbets-vs-playabets-psl-rugby-cricket-june-2026.html,/calculators.html,Calculators
blog/hollywoodbets-vs-playabets-psl-rugby-cricket-june-2026.html,/blog/,Blog
blog/hollywoodbets-vs-playabets-psl-rugby-cricket-june-2026.html,/psl-match-centre.html,⚽ PSL Live
blog/hollywoodbets-vs-playabets-psl-rugby-cricket-june-2026.html,/prediction-markets.html,💰 Smart Money
blog/hollywoodbets-vs-playabets-psl-rugby-cricket-june-2026.html,/blog/psl-title-race-betting-guide.html,Click here
blog/hollywoodbets-vs-sportingbet-2026.html,/blog/sportingbet-review-south-africa-2026.html,Sportingbet
blog/hollywoodbets-vs-sportingbet-2026.html,/,BetSorted
blog/hollywoodbets-vs-sportingbet-2026.html,/#comparison,Compare
blog/hollywoodbets-vs-sportingbet-2026.html,/bookmakers/,Bookmakers
blog/hollywoodbets-vs-sportingbet-2026.html,/glossary.html,Glossary
blog/hollywoodbets-vs-sportingbet-2026.html,/calculators.html,Calculators
blog/hollywoodbets-vs-sportingbet-2026.html,/blog/,Blog
blog/hollywoodbets-vs-sportingbet-2026.html,/psl-match-centre.html,⚽ PSL Live
blog/hollywoodbets-vs-sportingbet-2026.html,/prediction-markets.html,💰 Smart Money
blog/hollywoodbets-vs-sportingbet-2026.html,/,Home
blog/hollywoodbets-vs-sportingbet-2026.html,/blog/,Blog
blog/hollywoodbets-vs-sportingbet-2026.html,/blog/,← Back to Blog
blog/hollywoodbets-vs-sportingbet-2026.html,/blog/hollywoodbets-review-south-africa-2026.html,Hollywoodbets
blog/hollywoodbets-vs-sportingbet-2026.html,/odds-comparison.html,odds comparison page
blog/hollywoodbets-vs-sportingbet-2026.html,/betting-calculator.html,betting calculator
blog/hollywoodbets-vs-sportingbet-2026.html,/accumulator-calculator.html,accumulator calculator
blog/hollywoodbets-vs-sportingbet-2026.html,/odds-comparison.html,odds comparison tool
blog/hollywoodbets-vs-sportingbet-2026.html,/odds-comparison.html,odds comparison page
blog/hollywoodbets-vs-sportingbet-2026.html,/betting-calculator.html,betting calculator
blog/hollywoodbets-vs-sportingbet-2026.html,/accumulator-calculator.html,accumulator calculator
blog/hollywoodbets-vs-sportingbet-2026.html,/odds-comparison.html,odds comparison page
blog/hollywoodbets-vs-sportingbet-2026.html,/blog/best-betway-alternatives-south-africa-june-2026.html,Best Betway Alternatives for South African Bettors (June 2026)
blog/hollywoodbets-vs-sportingbet-2026.html,/blog/betfred-vs-10bet-south-africa-2026.html,Betfred vs 10bet South Africa 2026: International Bookmaker Showdown
blog/hollywoodbets-vs-sportingbet-2026.html,/blog/category-bookmaker-comparisons.html,Bookmaker Comparisons
blog/hollywoodbets-vs-sportingbet-2026.html,/blog/gbets-vs-10bet-south-africa-2026.html,Gbets vs 10bet South Africa 2026 — Which Bookmaker Wins?
blog/hollywoodbets-vs-sportingbet-2026.html,/blog/,← Back to Blog
blog/hollywoodbets-vs-sportingbet-2026.html,/about.html,About
blog/hollywoodbets-vs-sportingbet-2026.html,/editorial-policy.html,Editorial Policy
blog/hollywoodbets-vs-sportingbet-2026.html,/responsible-gambling.html,Responsible Gambling
blog/hollywoodbets-vs-sportingbet-2026.html,/privacy.html,Privacy
blog/hollywoodbets-vs-sportingbet-2026.html,/contact.html,Contact
blog/hollywoodbets-vs-sportingbet-2026.html,/blog/,Blog
blog/hollywoodbets-vs-sportingbet-2026.html,/blog/category-bookmaker-comparisons.html,Bookmaker Comparisons
blog/hollywoodbets-vs-sportingbet-south-africa-2026.html,/,BetSorted
blog/hollywoodbets-vs-sportingbet-south-africa-2026.html,/#comparison,Compare
blog/hollywoodbets-vs-sportingbet-south-africa-2026.html,/bookmakers/,Bookmakers
blog/hollywoodbets-vs-sportingbet-south-africa-2026.html,/glossary.html,Glossary
blog/hollywoodbets-vs-sportingbet-south-africa-2026.html,/calculators.html,Calculators
blog/hollywoodbets-vs-sportingbet-south-africa-2026.html,/blog/,Blog
blog/hollywoodbets-vs-sportingbet-south-africa-2026.html,/psl-match-centre.html,⚽ PSL Live
blog/hollywoodbets-vs-sportingbet-south-africa-2026.html,/prediction-markets.html,💰 Smart Money
blog/hollywoodbets-vs-sportingbet-south-africa-2026.html,/,Home
blog/hollywoodbets-vs-sportingbet-south-africa-2026.html,/blog/,Blog
blog/hollywoodbets-vs-sportingbet-south-africa-2026.html,/blog/,← Back to Blog
blog/hollywoodbets-vs-sportingbet-south-africa-2026.html,/betting-calculator.html,BetSorted betting calculator
blog/hollywoodbets-vs-sportingbet-south-africa-2026.html,/accumulator-calculator.html,accumulator calculator
blog/hollywoodbets-vs-sportingbet-south-africa-2026.html,/blog/how-to-withdraw-betting-sites-south-africa-2026.html,withdrawal guide
blog/hollywoodbets-vs-sportingbet-south-africa-2026.html,/accumulator-calculator.html,BetSorted accumulator calculator
blog/hollywoodbets-vs-sportingbet-south-africa-2026.html,/betting-calculator.html,betting calculator
blog/hollywoodbets-vs-sportingbet-south-africa-2026.html,/accumulator-calculator.html,accumulator calculator
blog/hollywoodbets-vs-sportingbet-south-africa-2026.html,/blog/best-betting-site-south-africa-2026.html,Best Betting Site South Africa 2026
blog/hollywoodbets-vs-sportingbet-south-africa-2026.html,/blog/how-to-withdraw-betting-sites-south-africa-2026.html,How to Withdraw from Betting Sites in South Africa
blog/hollywoodbets-vs-sportingbet-south-africa-2026.html,/blog/best-rugby-betting-sites-south-africa-2026.html,Best Rugby Betting Sites South Africa 2026
blog/hollywoodbets-vs-sportingbet-south-africa-2026.html,/bookmakers/,Bookmaker reviews and comparisons
blog/hollywoodbets-vs-sportingbet-south-africa-2026.html,/blog/,← Back to Blog
blog/hollywoodbets-vs-sportingbet-south-africa-2026.html,/about.html,About
blog/hollywoodbets-vs-sportingbet-south-africa-2026.html,/editorial-policy.html,Editorial Policy
blog/hollywoodbets-vs-sportingbet-south-africa-2026.html,/responsible-gambling.html,Responsible Gambling
blog/hollywoodbets-vs-sportingbet-south-africa-2026.html,/privacy.html,Privacy
blog/hollywoodbets-vs-sportingbet-south-africa-2026.html,/contact.html,Contact
blog/hollywoodbets-vs-sportingbet-south-africa-2026.html,/blog/,Blog
blog/hollywoodbets-vs-sportingbet-south-africa-2026.html,/blog/category-bookmaker-comparisons.html,Bookmaker Comparisons
blog/hollywoodbets-vs-supabets-2026.html,/blog/supabets-review-south-africa-2026.html,SupaBets
blog/hollywoodbets-vs-supabets-2026.html,/,BetSorted
blog/hollywoodbets-vs-supabets-2026.html,/#comparison,Compare
blog/hollywoodbets-vs-supabets-2026.html,/bookmakers/,Bookmakers
blog/hollywoodbets-vs-supabets-2026.html,/glossary.html,Glossary
blog/hollywoodbets-vs-supabets-2026.html,/calculators.html,Calculators
blog/hollywoodbets-vs-supabets-2026.html,/blog/,Blog
blog/hollywoodbets-vs-supabets-2026.html,/psl-match-centre.html,⚽ PSL Live
blog/hollywoodbets-vs-supabets-2026.html,/prediction-markets.html,💰 Smart Money
blog/hollywoodbets-vs-supabets-2026.html,/,Home
blog/hollywoodbets-vs-supabets-2026.html,/blog/,Blog
blog/hollywoodbets-vs-supabets-2026.html,/blog/,← Back to Blog
blog/hollywoodbets-vs-supabets-2026.html,/odds-comparison.html,odds comparison page
blog/hollywoodbets-vs-supabets-2026.html,/betting-calculator.html,betting calculator
blog/hollywoodbets-vs-supabets-2026.html,/blog/hollywoodbets-review-south-africa-2026.html,Hollywoodbets
blog/hollywoodbets-vs-supabets-2026.html,/odds-comparison.html,odds comparison tool
blog/hollywoodbets-vs-supabets-2026.html,/accumulator-calculator.html,accumulator calculator
blog/hollywoodbets-vs-supabets-2026.html,/odds-comparison.html,odds comparison tool
blog/hollywoodbets-vs-supabets-2026.html,/blog/best-betway-alternatives-south-africa-june-2026.html,Best Betway Alternatives for South African Bettors (June 2026)
blog/hollywoodbets-vs-supabets-2026.html,/blog/betfred-vs-10bet-south-africa-2026.html,Betfred vs 10bet South Africa 2026: International Bookmaker Showdown
blog/hollywoodbets-vs-supabets-2026.html,/blog/category-bookmaker-comparisons.html,Bookmaker Comparisons
blog/hollywoodbets-vs-supabets-2026.html,/blog/gbets-vs-10bet-south-africa-2026.html,Gbets vs 10bet South Africa 2026 — Which Bookmaker Wins?
blog/hollywoodbets-vs-supabets-2026.html,/blog/,← Back to Blog
blog/hollywoodbets-vs-supabets-2026.html,/about.html,About
blog/hollywoodbets-vs-supabets-2026.html,/editorial-policy.html,Editorial Policy
blog/hollywoodbets-vs-supabets-2026.html,/responsible-gambling.html,Responsible Gambling
blog/hollywoodbets-vs-supabets-2026.html,/privacy.html,Privacy
blog/hollywoodbets-vs-supabets-2026.html,/contact.html,Contact
blog/hollywoodbets-vs-supabets-2026.html,/blog/,Blog
blog/hollywoodbets-vs-supabets-2026.html,/blog/category-bookmaker-comparisons.html,Bookmaker Comparisons
blog/hollywoodbets-vs-supabets-psl-payouts-may-2026.html,/,BetSorted
blog/hollywoodbets-vs-supabets-psl-payouts-may-2026.html,/#comparison,Compare
blog/hollywoodbets-vs-supabets-psl-payouts-may-2026.html,/bookmakers/,Bookmakers
blog/hollywoodbets-vs-supabets-psl-payouts-may-2026.html,/glossary.html,Glossary
blog/hollywoodbets-vs-supabets-psl-payouts-may-2026.html,/calculators.html,Calculators
blog/hollywoodbets-vs-supabets-psl-payouts-may-2026.html,/blog/,Blog
blog/hollywoodbets-vs-supabets-psl-payouts-may-2026.html,/psl-match-centre.html,⚽ PSL Live
blog/hollywoodbets-vs-supabets-psl-payouts-may-2026.html,/prediction-markets.html,💰 Smart Money
blog/hollywoodbets-vs-supabets-psl-payouts-may-2026.html,/blog/hollywoodbets-vs-supabets-2026.html,Click here
blog/hollywoodbets-vs-supabets-world-cup-2026.html,/,BetSorted
blog/hollywoodbets-vs-supabets-world-cup-2026.html,/#comparison,Compare
blog/hollywoodbets-vs-supabets-world-cup-2026.html,/bookmakers/,Bookmakers
blog/hollywoodbets-vs-supabets-world-cup-2026.html,/glossary.html,Glossary
blog/hollywoodbets-vs-supabets-world-cup-2026.html,/calculators.html,Calculators
blog/hollywoodbets-vs-supabets-world-cup-2026.html,/blog/,Blog
blog/hollywoodbets-vs-supabets-world-cup-2026.html,/psl-match-centre.html,⚽ PSL Live
blog/hollywoodbets-vs-supabets-world-cup-2026.html,/prediction-markets.html,💰 Smart Money
blog/hollywoodbets-vs-supabets-world-cup-2026.html,/blog/hollywoodbets-vs-supabets-2026.html,Click here
blog/hollywoodbets-vs-supersportbet-south-africa-2026.html,/,BetSorted
blog/hollywoodbets-vs-supersportbet-south-africa-2026.html,/#comparison,Compare
blog/hollywoodbets-vs-supersportbet-south-africa-2026.html,/bookmakers/,Bookmakers
blog/hollywoodbets-vs-supersportbet-south-africa-2026.html,/glossary.html,Glossary
blog/hollywoodbets-vs-supersportbet-south-africa-2026.html,/calculators.html,Calculators
blog/hollywoodbets-vs-supersportbet-south-africa-2026.html,/blog/,Blog
blog/hollywoodbets-vs-supersportbet-south-africa-2026.html,/psl-match-centre.html,⚽ PSL Live
blog/hollywoodbets-vs-supersportbet-south-africa-2026.html,/prediction-markets.html,💰 Smart Money
blog/hollywoodbets-vs-supersportbet-south-africa-2026.html,/blog/,← Back to Blog
blog/hollywoodbets-vs-supersportbet-south-africa-2026.html,/blog/category-bookmaker-comparisons.html,Bookmaker Comparisons
blog/hollywoodbets-vs-supersportbet-south-africa-2026.html,/betting-calculator.html,betting calculator
blog/hollywoodbets-vs-supersportbet-south-africa-2026.html,/blog/rugby-handicap-calculator-south-africa-2026.html,rugby handicap calculator guide
blog/hollywoodbets-vs-supersportbet-south-africa-2026.html,/accumulator-calculator.html,accumulator calculator
blog/hollywoodbets-vs-supersportbet-south-africa-2026.html,/free-bet-calculator.html,free bet calculator
blog/hollywoodbets-vs-supersportbet-south-africa-2026.html,/blog/south-africa-welcome-bonus-guide-2026.html,South Africa welcome bonus guide
blog/hollywoodbets-vs-supersportbet-south-africa-2026.html,/blog/best-cashback-loyalty-programs-sa-bookmakers-2026.html,cashback guide
blog/hollywoodbets-vs-supersportbet-south-africa-2026.html,/blog/instant-eft-betting-payments-south-africa.html,instant EFT betting payments
blog/hollywoodbets-vs-supersportbet-south-africa-2026.html,/blog/how-to-withdraw-betting-sites-south-africa-2026.html,how to withdraw from betting sites in South Africa
blog/hollywoodbets-vs-supersportbet-south-africa-2026.html,/betting-calculator.html,betting calculator
blog/hollywoodbets-vs-world-sports-betting-fast-payouts-2026.html,/,BetSorted
blog/hollywoodbets-vs-world-sports-betting-fast-payouts-2026.html,/#comparison,Compare
blog/hollywoodbets-vs-world-sports-betting-fast-payouts-2026.html,/bookmakers/,Bookmakers
blog/hollywoodbets-vs-world-sports-betting-fast-payouts-2026.html,/glossary.html,Glossary
blog/hollywoodbets-vs-world-sports-betting-fast-payouts-2026.html,/calculators.html,Calculators
blog/hollywoodbets-vs-world-sports-betting-fast-payouts-2026.html,/blog/,Blog
blog/hollywoodbets-vs-world-sports-betting-fast-payouts-2026.html,/psl-match-centre.html,⚽ PSL Live
blog/hollywoodbets-vs-world-sports-betting-fast-payouts-2026.html,/prediction-markets.html,💰 Smart Money
blog/hollywoodbets-vs-world-sports-betting-fast-payouts-2026.html,/blog/wsb-vs-hollywoodbets-south-africa-2026.html,Click here
blog/hollywoodbets-vs-world-sports-betting-rugby-cricket-2026.html,/,BetSorted
blog/hollywoodbets-vs-world-sports-betting-rugby-cricket-2026.html,/#comparison,Compare
blog/hollywoodbets-vs-world-sports-betting-rugby-cricket-2026.html,/bookmakers/,Bookmakers
blog/hollywoodbets-vs-world-sports-betting-rugby-cricket-2026.html,/glossary.html,Glossary
blog/hollywoodbets-vs-world-sports-betting-rugby-cricket-2026.html,/calculators.html,Calculators
blog/hollywoodbets-vs-world-sports-betting-rugby-cricket-2026.html,/blog/,Blog
blog/hollywoodbets-vs-world-sports-betting-rugby-cricket-2026.html,/psl-match-centre.html,⚽ PSL Live
blog/hollywoodbets-vs-world-sports-betting-rugby-cricket-2026.html,/prediction-markets.html,💰 Smart Money
blog/hollywoodbets-vs-world-sports-betting-rugby-cricket-2026.html,/blog/wsb-vs-hollywoodbets-south-africa-2026.html,Click here
blog/horse-racing-betting-guide-south-africa-2026.html,/,BetSorted
blog/horse-racing-betting-guide-south-africa-2026.html,/#comparison,Compare
blog/horse-racing-betting-guide-south-africa-2026.html,/bookmakers/,Bookmakers
blog/horse-racing-betting-guide-south-africa-2026.html,/glossary.html,Glossary
blog/horse-racing-betting-guide-south-africa-2026.html,/calculators.html,Calculators
blog/horse-racing-betting-guide-south-africa-2026.html,/blog/,Blog
blog/horse-racing-betting-guide-south-africa-2026.html,/psl-match-centre.html,⚽ PSL Live
blog/horse-racing-betting-guide-south-africa-2026.html,/prediction-markets.html,💰 Smart Money
blog/horse-racing-betting-guide-south-africa-2026.html,/,Home
blog/horse-racing-betting-guide-south-africa-2026.html,/blog/,Blog
blog/horse-racing-betting-guide-south-africa-2026.html,/betting-calculator.html,Betting Calculator
blog/horse-racing-betting-guide-south-africa-2026.html,/each-way-calculator.html,Each-Way Calculator
blog/horse-racing-betting-guide-south-africa-2026.html,/blog/durban-july-2026-betting-guide.html,Durban July 2026 betting guide
blog/horse-racing-betting-guide-south-africa-2026.html,/blog/hollywoodbets-review-south-africa-2026.html,Hollywoodbets review
blog/horse-racing-betting-guide-south-africa-2026.html,/blog/betway-review-south-africa-2026.html,Betway review
blog/horse-racing-betting-guide-south-africa-2026.html,/blog/sportingbet-review-south-africa-2026.html,Sportingbet review
blog/horse-racing-betting-guide-south-africa-2026.html,/each-way-calculator.html,Each-Way Calculator
blog/horse-racing-betting-guide-south-africa-2026.html,/blog/bankroll-management-guide-south-africa-2026.html,bankroll management guide
blog/horse-racing-betting-guide-south-africa-2026.html,/betting-calculator.html,Betting Calculator
blog/horse-racing-betting-guide-south-africa-2026.html,/blog/how-to-use-betting-calculators-south-africa.html,betting calculator guide
blog/horse-racing-betting-guide-south-africa-2026.html,/betting-calculator.html,Use Betting Calculator
blog/horse-racing-betting-guide-south-africa-2026.html,/blog/5-common-betting-mistakes-south-africa-2026.html,5 Common Betting Mistakes South African Punters Make (And How to Avoid Them)
blog/horse-racing-betting-guide-south-africa-2026.html,/blog/aviator-betting-sites-south-africa-2026.html,Aviator Betting Sites South Africa 2026 — Best Apps & Strategy
blog/horse-racing-betting-guide-south-africa-2026.html,/blog/best-betting-sites-beginners-south-africa-2026.html,Best Betting Sites for Beginners in South Africa 2026 — Start Here
blog/horse-racing-betting-guide-south-africa-2026.html,/blog/category-betting-guides-strategy.html,Betting Guides &amp; Strategy
blog/horse-racing-betting-guide-south-africa-2026.html,/blog/betway-vs-sportingbet-south-africa-2026.html,"Betway vs Sportingbet: Odds, Payouts & Live Betting Compared"
blog/horse-racing-betting-guide-south-africa-2026.html,/each-way-calculator.html,Each-Way Calculator
blog/horse-racing-betting-guide-south-africa-2026.html,/betting-calculator.html,Betting Calculator
blog/horse-racing-betting-guide-south-africa-2026.html,/calculators.html,Odds Comparison
blog/horse-racing-betting-guide-south-africa-2026.html,/about.html,About
blog/horse-racing-betting-guide-south-africa-2026.html,/editorial-policy.html,Editorial Policy
blog/horse-racing-betting-guide-south-africa-2026.html,/responsible-gambling.html,Responsible Gambling
blog/horse-racing-betting-guide-south-africa-2026.html,/privacy.html,Privacy
blog/horse-racing-betting-guide-south-africa-2026.html,/contact.html,Contact
blog/horse-racing-betting-guide-south-africa-2026.html,/blog/,Blog
blog/horse-racing-betting-guide-south-africa-2026.html,/blog/category-bookmaker-comparisons.html,Bookmaker Comparisons
blog/how-to-bet-fifa-world-cup-2026-south-africa.html,/,BetSorted
blog/how-to-bet-fifa-world-cup-2026-south-africa.html,/#comparison,Compare
blog/how-to-bet-fifa-world-cup-2026-south-africa.html,/bookmakers/,Bookmakers
blog/how-to-bet-fifa-world-cup-2026-south-africa.html,/glossary.html,Glossary
blog/how-to-bet-fifa-world-cup-2026-south-africa.html,/calculators.html,Calculators
blog/how-to-bet-fifa-world-cup-2026-south-africa.html,/blog/,Blog
blog/how-to-bet-fifa-world-cup-2026-south-africa.html,/psl-match-centre.html,⚽ PSL Live
blog/how-to-bet-fifa-world-cup-2026-south-africa.html,/prediction-markets.html,💰 Smart Money
blog/how-to-bet-fifa-world-cup-2026-south-africa.html,/,Home
blog/how-to-bet-fifa-world-cup-2026-south-africa.html,/blog/,Blog
blog/how-to-bet-fifa-world-cup-2026-south-africa.html,/blog/best-betting-sites-beginners-south-africa-2026.html,best betting sites South Africa
blog/how-to-bet-fifa-world-cup-2026-south-africa.html,/betting-calculator.html,betting calculator
blog/how-to-bet-fifa-world-cup-2026-south-africa.html,/psl-match-centre.html,PSL Match Centre
blog/how-to-bet-fifa-world-cup-2026-south-africa.html,/accumulator-calculator.html,accumulator calculator
blog/how-to-bet-fifa-world-cup-2026-south-africa.html,/blog/best-live-betting-sites-south-africa-2026.html,live betting platform
blog/how-to-bet-fifa-world-cup-2026-south-africa.html,/calculators.html,calculators
blog/how-to-bet-fifa-world-cup-2026-south-africa.html,/blog/best-betting-sites-beginners-south-africa-2026.html,one from our reviewed list
blog/how-to-bet-fifa-world-cup-2026-south-africa.html,/betting-calculator.html,betting calculator
blog/how-to-bet-fifa-world-cup-2026-south-africa.html,/blog/how-to-bet-on-soccer-south-africa-2026.html,complete guide to soccer betting in South Africa
blog/how-to-bet-fifa-world-cup-2026-south-africa.html,/betting-calculator.html,betting calculator
blog/how-to-bet-fifa-world-cup-2026-south-africa.html,/calculators.html,full calculator suite
blog/how-to-bet-fifa-world-cup-2026-south-africa.html,/blog/best-live-betting-sites-south-africa-2026.html,live betting guide
blog/how-to-bet-fifa-world-cup-2026-south-africa.html,/responsible-gambling.html,responsible gambling page
blog/how-to-bet-fifa-world-cup-2026-south-africa.html,/blog/best-betting-sites-beginners-south-africa-2026.html,best betting sites page
blog/how-to-bet-fifa-world-cup-2026-south-africa.html,/accumulator-calculator.html,accumulator calculator
blog/how-to-bet-fifa-world-cup-2026-south-africa.html,/blog/how-to-bet-on-soccer-south-africa-2026.html,How to Bet on Soccer in South Africa 2026 — Complete Guide
blog/how-to-bet-fifa-world-cup-2026-south-africa.html,/blog/best-live-betting-sites-south-africa-2026.html,Best Live Betting Sites in South Africa 2026
blog/how-to-bet-fifa-world-cup-2026-south-africa.html,/blog/best-betting-sites-beginners-south-africa-2026.html,Best Betting Sites South Africa 2026
blog/how-to-bet-fifa-world-cup-2026-south-africa.html,/calculators.html,Betting Calculators — Work Out Your Returns
blog/how-to-bet-fifa-world-cup-2026-south-africa.html,/accumulator-calculator.html,Accumulator Calculator — Plan Your World Cup Multis
blog/how-to-bet-fifa-world-cup-2026-south-africa.html,/psl-match-centre.html,PSL Match Centre — Live Odds & Results
blog/how-to-bet-fifa-world-cup-2026-south-africa.html,/blog/how-to-bet-on-soccer-south-africa-2026.html,← Soccer Betting Guide
blog/how-to-bet-fifa-world-cup-2026-south-africa.html,/blog/,All Articles
blog/how-to-bet-fifa-world-cup-2026-south-africa.html,/blog/best-live-betting-sites-south-africa-2026.html,Live Betting Guide →
blog/how-to-bet-fifa-world-cup-2026-south-africa.html,/blog/bafana-world-cup-betting-guide.html,Bafana World Cup Betting Guide for South Africans | BetSorted
blog/how-to-bet-fifa-world-cup-2026-south-africa.html,/blog/category-world-cup.html,World Cup
blog/how-to-bet-fifa-world-cup-2026-south-africa.html,/blog/world-cup-2026-group-stage-results-sa-betting-guide.html,"World Cup 2026 Group Stage: SA Bettors' Complete Guide to Odds, Markets & Bookmakers"
blog/how-to-bet-fifa-world-cup-2026-south-africa.html,/blog/fifa-world-cup-2026-betting-guide-south-africa.html,FIFA World Cup 2026 Betting Guide: Everything SA Punters Need to Know
blog/how-to-bet-fifa-world-cup-2026-south-africa.html,/responsible-gambling.html,Gamble Responsibly
blog/how-to-bet-fifa-world-cup-2026-south-africa.html,/about.html,About
blog/how-to-bet-fifa-world-cup-2026-south-africa.html,/editorial-policy.html,Editorial Policy
blog/how-to-bet-fifa-world-cup-2026-south-africa.html,/responsible-gambling.html,Responsible Gambling
blog/how-to-bet-fifa-world-cup-2026-south-africa.html,/privacy.html,Privacy
blog/how-to-bet-fifa-world-cup-2026-south-africa.html,/contact.html,Contact
blog/how-to-bet-fifa-world-cup-2026-south-africa.html,/blog/,Blog
blog/how-to-bet-fifa-world-cup-2026-south-africa.html,/blog/category-bookmaker-comparisons.html,Bookmaker Comparisons
blog/how-to-bet-nations-championship-2026.html,/,BetSorted
blog/how-to-bet-nations-championship-2026.html,/#comparison,Compare
blog/how-to-bet-nations-championship-2026.html,/bookmakers/,Bookmakers
blog/how-to-bet-nations-championship-2026.html,/glossary.html,Glossary
blog/how-to-bet-nations-championship-2026.html,/calculators.html,Calculators
blog/how-to-bet-nations-championship-2026.html,/blog/,Blog
blog/how-to-bet-nations-championship-2026.html,/psl-match-centre.html,⚽ PSL Live
blog/how-to-bet-nations-championship-2026.html,/prediction-markets.html,💰 Smart Money
blog/how-to-bet-nations-championship-2026.html,/,Home
blog/how-to-bet-nations-championship-2026.html,/blog/,Blog
blog/how-to-bet-nations-championship-2026.html,/blog/,← Back to Blog
blog/how-to-bet-nations-championship-2026.html,/blog/springboks-2026-betting-guide.html,Springboks 2026 betting guide
blog/how-to-bet-nations-championship-2026.html,/blog/best-rugby-betting-sites-south-africa-2026.html,best rugby betting sites
blog/how-to-bet-nations-championship-2026.html,/accumulator-calculator.html,accumulator calculator
blog/how-to-bet-nations-championship-2026.html,/betting-calculator.html,betting calculator
blog/how-to-bet-nations-championship-2026.html,/blog/best-rugby-betting-sites-south-africa-2026.html,the best rugby bookmakers
blog/how-to-bet-nations-championship-2026.html,/blog/best-betting-bonuses-south-africa-2026.html,bonus guide
blog/how-to-bet-nations-championship-2026.html,/betting-calculator.html,betting calculator
blog/how-to-bet-nations-championship-2026.html,/accumulator-calculator.html,accumulator calculator
blog/how-to-bet-nations-championship-2026.html,/best-odds-finder.html,best odds finder
blog/how-to-bet-nations-championship-2026.html,/blog/how-to-bet-on-rugby-south-africa-2026.html,complete rugby betting guide
blog/how-to-bet-nations-championship-2026.html,/best-odds-finder.html,BetSorted best odds finder
blog/how-to-bet-nations-championship-2026.html,/accumulator-calculator.html,BetSorted accumulator calculator
blog/how-to-bet-nations-championship-2026.html,/blog/best-rugby-betting-sites-south-africa-2026.html,Best Rugby Betting Sites SA
blog/how-to-bet-nations-championship-2026.html,/blog/how-to-bet-on-rugby-south-africa-2026.html,Complete Rugby Betting Guide
blog/how-to-bet-nations-championship-2026.html,/blog/springboks-2026-betting-guide.html,Springboks 2026 Guide
blog/how-to-bet-nations-championship-2026.html,/accumulator-calculator.html,Accumulator Calculator
blog/how-to-bet-nations-championship-2026.html,/betting-calculator.html,Betting Calculator
blog/how-to-bet-nations-championship-2026.html,/blog/category-rugby.html,Rugby
blog/how-to-bet-nations-championship-2026.html,/blog/urc-playoffs-betting-guide.html,URC Playoffs Betting Guide for South Africans | BetSorted
blog/how-to-bet-nations-championship-2026.html,/blog/springboks-july-tests-2026-betting-calculator-guide.html,Springboks July Tests 2026: Betting Calculator Guide for South Africans
blog/how-to-bet-nations-championship-2026.html,/blog/rugby-handicap-calculator-south-africa-2026.html,Rugby Handicap Calculator Guide for South African Punters
blog/how-to-bet-nations-championship-2026.html,/about.html,About
blog/how-to-bet-nations-championship-2026.html,/blog/,Blog
blog/how-to-bet-nations-championship-2026.html,/calculators.html,Calculators
blog/how-to-bet-nations-championship-2026.html,/about.html,About
blog/how-to-bet-nations-championship-2026.html,/editorial-policy.html,Editorial Policy
blog/how-to-bet-nations-championship-2026.html,/responsible-gambling.html,Responsible Gambling
blog/how-to-bet-nations-championship-2026.html,/privacy.html,Privacy
blog/how-to-bet-nations-championship-2026.html,/contact.html,Contact
blog/how-to-bet-nations-championship-2026.html,/blog/,Blog
blog/how-to-bet-nations-championship-2026.html,/blog/category-bookmaker-comparisons.html,Bookmaker Comparisons
blog/how-to-bet-on-basketball-nba-south-africa-2026.html,/,BetSorted
blog/how-to-bet-on-basketball-nba-south-africa-2026.html,/#comparison,Compare
blog/how-to-bet-on-basketball-nba-south-africa-2026.html,/bookmakers/,Bookmakers
blog/how-to-bet-on-basketball-nba-south-africa-2026.html,/glossary.html,Glossary
blog/how-to-bet-on-basketball-nba-south-africa-2026.html,/calculators.html,Calculators
blog/how-to-bet-on-basketball-nba-south-africa-2026.html,/blog/,Blog
blog/how-to-bet-on-basketball-nba-south-africa-2026.html,/psl-match-centre.html,⚽ PSL Live
blog/how-to-bet-on-basketball-nba-south-africa-2026.html,/prediction-markets.html,💰 Smart Money
blog/how-to-bet-on-basketball-nba-south-africa-2026.html,/,Home
blog/how-to-bet-on-basketball-nba-south-africa-2026.html,/blog/,Blog
blog/how-to-bet-on-basketball-nba-south-africa-2026.html,/blog/,← Back to Blog
blog/how-to-bet-on-basketball-nba-south-africa-2026.html,/blog/same-game-multi-betting-guide-south-africa-2026.html,same-game multi guide
blog/how-to-bet-on-basketball-nba-south-africa-2026.html,/blog/betway-review-south-africa-2026.html,Betway
blog/how-to-bet-on-basketball-nba-south-africa-2026.html,/blog/sportingbet-review-south-africa-2026.html,Sportingbet
blog/how-to-bet-on-basketball-nba-south-africa-2026.html,/blog/10bet-review-south-africa-2026.html,10bet
blog/how-to-bet-on-basketball-nba-south-africa-2026.html,/blog/hollywoodbets-review-south-africa-2026.html,Hollywoodbets
blog/how-to-bet-on-basketball-nba-south-africa-2026.html,/go/hollywoodbets.html?subid=post-how-to-bet-on-basketball-nba-south-africa-2026,Hollywoodbets
blog/how-to-bet-on-basketball-nba-south-africa-2026.html,/blog/sportingbet-review-south-africa-2026.html,Sportingbet
blog/how-to-bet-on-basketball-nba-south-africa-2026.html,/blog/10bet-review-south-africa-2026.html,10bet
blog/how-to-bet-on-basketball-nba-south-africa-2026.html,/blog/best-live-betting-sites-south-africa-2026.html,best live betting sites
blog/how-to-bet-on-basketball-nba-south-africa-2026.html,/blog/accumulator-betting-guide-south-africa-2026.html,accumulators
blog/how-to-bet-on-basketball-nba-south-africa-2026.html,/accumulator-calculator.html,accumulator calculator
blog/how-to-bet-on-basketball-nba-south-africa-2026.html,/bankroll-tracker.html,bankroll tracker
blog/how-to-bet-on-basketball-nba-south-africa-2026.html,/betting-calculator.html,betting calculator
blog/how-to-bet-on-basketball-nba-south-africa-2026.html,/betting-calculator.html,betting calculator
blog/how-to-bet-on-basketball-nba-south-africa-2026.html,/accumulator-calculator.html,accumulator calculator
blog/how-to-bet-on-basketball-nba-south-africa-2026.html,/bankroll-tracker.html,bankroll tracker
blog/how-to-bet-on-basketball-nba-south-africa-2026.html,/blog/betway-review-south-africa-2026.html,Betway
blog/how-to-bet-on-basketball-nba-south-africa-2026.html,/blog/sportingbet-review-south-africa-2026.html,Sportingbet
blog/how-to-bet-on-basketball-nba-south-africa-2026.html,/blog/10bet-review-south-africa-2026.html,10bet
blog/how-to-bet-on-basketball-nba-south-africa-2026.html,/blog/5-common-betting-mistakes-south-africa-2026.html,5 Common Betting Mistakes South African Punters Make (And How to Avoid Them)
blog/how-to-bet-on-basketball-nba-south-africa-2026.html,/blog/aviator-betting-sites-south-africa-2026.html,Aviator Betting Sites South Africa 2026 — Best Apps & Strategy
blog/how-to-bet-on-basketball-nba-south-africa-2026.html,/blog/best-betting-sites-beginners-south-africa-2026.html,Best Betting Sites for Beginners in South Africa 2026 — Start Here
blog/how-to-bet-on-basketball-nba-south-africa-2026.html,/blog/category-betting-guides-strategy.html,Betting Guides &amp; Strategy
blog/how-to-bet-on-basketball-nba-south-africa-2026.html,/blog/,← Back to Blog
blog/how-to-bet-on-basketball-nba-south-africa-2026.html,/about.html,About
blog/how-to-bet-on-basketball-nba-south-africa-2026.html,/editorial-policy.html,Editorial Policy
blog/how-to-bet-on-basketball-nba-south-africa-2026.html,/responsible-gambling.html,Responsible Gambling
blog/how-to-bet-on-basketball-nba-south-africa-2026.html,/privacy.html,Privacy
blog/how-to-bet-on-basketball-nba-south-africa-2026.html,/contact.html,Contact
blog/how-to-bet-on-basketball-nba-south-africa-2026.html,/blog/,Blog
blog/how-to-bet-on-basketball-nba-south-africa-2026.html,/blog/category-bookmaker-comparisons.html,Bookmaker Comparisons
blog/how-to-bet-on-currie-cup-south-africa-2026.html,/,BetSorted
blog/how-to-bet-on-currie-cup-south-africa-2026.html,/#comparison,Compare
blog/how-to-bet-on-currie-cup-south-africa-2026.html,/bookmakers/,Bookmakers
blog/how-to-bet-on-currie-cup-south-africa-2026.html,/glossary.html,Glossary
blog/how-to-bet-on-currie-cup-south-africa-2026.html,/calculators.html,Calculators
blog/how-to-bet-on-currie-cup-south-africa-2026.html,/blog/,Blog
blog/how-to-bet-on-currie-cup-south-africa-2026.html,/psl-match-centre.html,⚽ PSL Live
blog/how-to-bet-on-currie-cup-south-africa-2026.html,/prediction-markets.html,💰 Smart Money
blog/how-to-bet-on-currie-cup-south-africa-2026.html,/,Home
blog/how-to-bet-on-currie-cup-south-africa-2026.html,/blog/,Blog
blog/how-to-bet-on-currie-cup-south-africa-2026.html,/blog/,← Back to Blog
blog/how-to-bet-on-currie-cup-south-africa-2026.html,/betting-calculator.html,betting calculator
blog/how-to-bet-on-currie-cup-south-africa-2026.html,/accumulator-calculator.html,accumulator calculator
blog/how-to-bet-on-currie-cup-south-africa-2026.html,/blog/best-rugby-betting-sites-south-africa-2026.html,best rugby betting sites in South Africa
blog/how-to-bet-on-currie-cup-south-africa-2026.html,/blog/currie-cup-betting-odds-south-africa-2026.html,Currie Cup odds guide
blog/how-to-bet-on-currie-cup-south-africa-2026.html,/blog/currie-cup-betting-odds-south-africa-2026.html,Currie Cup Betting Odds South Africa 2026
blog/how-to-bet-on-currie-cup-south-africa-2026.html,/blog/best-rugby-betting-sites-south-africa-2026.html,Best Rugby Betting Sites South Africa 2026
blog/how-to-bet-on-currie-cup-south-africa-2026.html,/blog/how-to-bet-on-rugby-south-africa-2026.html,How to Bet on Rugby in South Africa
blog/how-to-bet-on-currie-cup-south-africa-2026.html,/blog/category-rugby.html,More rugby betting guides
blog/how-to-bet-on-currie-cup-south-africa-2026.html,/blog/,← Back to Blog
blog/how-to-bet-on-currie-cup-south-africa-2026.html,/about.html,About
blog/how-to-bet-on-currie-cup-south-africa-2026.html,/editorial-policy.html,Editorial Policy
blog/how-to-bet-on-currie-cup-south-africa-2026.html,/responsible-gambling.html,Responsible Gambling
blog/how-to-bet-on-currie-cup-south-africa-2026.html,/privacy.html,Privacy
blog/how-to-bet-on-currie-cup-south-africa-2026.html,/contact.html,Contact
blog/how-to-bet-on-currie-cup-south-africa-2026.html,/blog/,Blog
blog/how-to-bet-on-currie-cup-south-africa-2026.html,/blog/category-bookmaker-comparisons.html,Bookmaker Comparisons
blog/how-to-bet-on-ipl-2026-south-africa.html,/,BetSorted
blog/how-to-bet-on-ipl-2026-south-africa.html,/#comparison,Compare
blog/how-to-bet-on-ipl-2026-south-africa.html,/bookmakers/,Bookmakers
blog/how-to-bet-on-ipl-2026-south-africa.html,/glossary.html,Glossary
blog/how-to-bet-on-ipl-2026-south-africa.html,/calculators.html,Calculators
blog/how-to-bet-on-ipl-2026-south-africa.html,/blog/,Blog
blog/how-to-bet-on-ipl-2026-south-africa.html,/psl-match-centre.html,⚽ PSL Live
blog/how-to-bet-on-ipl-2026-south-africa.html,/prediction-markets.html,💰 Smart Money
blog/how-to-bet-on-ipl-2026-south-africa.html,/,Home
blog/how-to-bet-on-ipl-2026-south-africa.html,/blog/,Blog
blog/how-to-bet-on-ipl-2026-south-africa.html,/blog/betway-review-south-africa-2026.html,Betway
blog/how-to-bet-on-ipl-2026-south-africa.html,/blog/hollywoodbets-review-south-africa-2026.html,Hollywoodbets
blog/how-to-bet-on-ipl-2026-south-africa.html,/blog/best-cricket-betting-sites-south-africa-2026.html,best cricket betting sites guide
blog/how-to-bet-on-ipl-2026-south-africa.html,/bookmakers/,complete bookmaker comparison page
blog/how-to-bet-on-ipl-2026-south-africa.html,/blog/cricket-betting-guide-south-africa-2026.html,cricket betting guide
blog/how-to-bet-on-ipl-2026-south-africa.html,/glossary.html,glossary
blog/how-to-bet-on-ipl-2026-south-africa.html,/betting-calculator.html,betting calculator
blog/how-to-bet-on-ipl-2026-south-africa.html,/bookmakers/,comparison page
blog/how-to-bet-on-ipl-2026-south-africa.html,/blog/best-live-betting-sites-south-africa-2026.html,best live betting sites
blog/how-to-bet-on-ipl-2026-south-africa.html,/blog/live-betting-guide-south-africa-2026.html,live betting strategy guide
blog/how-to-bet-on-ipl-2026-south-africa.html,/accumulator-calculator.html,accumulator calculator
blog/how-to-bet-on-ipl-2026-south-africa.html,/blog/accumulator-betting-guide-south-africa-2026.html,accumulator betting guide
blog/how-to-bet-on-ipl-2026-south-africa.html,/betting-calculator.html,Betting Calculator
blog/how-to-bet-on-ipl-2026-south-africa.html,/accumulator-calculator.html,Accumulator Calculator
blog/how-to-bet-on-ipl-2026-south-africa.html,/calculators.html,All Calculators
blog/how-to-bet-on-ipl-2026-south-africa.html,/blog/ipl-betting-guide-south-africa.html,IPL 2026 opening weekend betting guide
blog/how-to-bet-on-ipl-2026-south-africa.html,/blog/betway-review-south-africa-2026.html,Betway
blog/how-to-bet-on-ipl-2026-south-africa.html,/blog/hollywoodbets-review-south-africa-2026.html,Hollywoodbets
blog/how-to-bet-on-ipl-2026-south-africa.html,/calculators.html,calculators
blog/how-to-bet-on-ipl-2026-south-africa.html,/betting-calculator.html,calculators
blog/how-to-bet-on-ipl-2026-south-africa.html,/blog/ipl-betting-guide-south-africa.html,opening weekend preview
blog/how-to-bet-on-ipl-2026-south-africa.html,/blog/ipl-betting-guide-south-africa.html,IPL Opening Weekend Guide →
blog/how-to-bet-on-ipl-2026-south-africa.html,/blog/best-cricket-betting-sites-south-africa-2026.html,Best Betting Sites for Cricket in South Africa (2026)
blog/how-to-bet-on-ipl-2026-south-africa.html,/blog/category-cricket.html,Cricket
blog/how-to-bet-on-ipl-2026-south-africa.html,/blog/how-to-bet-on-t20-cricket-march-2026-series.html,How to Bet on T20 Cricket: South Africa's March 2026 Series Guide
blog/how-to-bet-on-ipl-2026-south-africa.html,/blog/ipl-betting-guide-south-africa.html,IPL Betting Guide for South Africans | BetSorted
blog/how-to-bet-on-ipl-2026-south-africa.html,/about.html,About
blog/how-to-bet-on-ipl-2026-south-africa.html,/editorial-policy.html,Editorial Policy
blog/how-to-bet-on-ipl-2026-south-africa.html,/responsible-gambling.html,Responsible Gambling
blog/how-to-bet-on-ipl-2026-south-africa.html,/privacy.html,Privacy
blog/how-to-bet-on-ipl-2026-south-africa.html,/contact.html,Contact
blog/how-to-bet-on-ipl-2026-south-africa.html,/blog/,Blog
blog/how-to-bet-on-ipl-2026-south-africa.html,/blog/category-bookmaker-comparisons.html,Bookmaker Comparisons
blog/how-to-bet-on-psl-relegation-promotion-south-africa-2026.html,/,BetSorted
blog/how-to-bet-on-psl-relegation-promotion-south-africa-2026.html,/#comparison,Compare
blog/how-to-bet-on-psl-relegation-promotion-south-africa-2026.html,/bookmakers/,Bookmakers
blog/how-to-bet-on-psl-relegation-promotion-south-africa-2026.html,/glossary.html,Glossary
blog/how-to-bet-on-psl-relegation-promotion-south-africa-2026.html,/calculators.html,Calculators
blog/how-to-bet-on-psl-relegation-promotion-south-africa-2026.html,/blog/,Blog
blog/how-to-bet-on-psl-relegation-promotion-south-africa-2026.html,/psl-match-centre.html,⚽ PSL Live
blog/how-to-bet-on-psl-relegation-promotion-south-africa-2026.html,/prediction-markets.html,💰 Smart Money
blog/how-to-bet-on-psl-relegation-promotion-south-africa-2026.html,/,Home
blog/how-to-bet-on-psl-relegation-promotion-south-africa-2026.html,/blog/,Blog
blog/how-to-bet-on-psl-relegation-promotion-south-africa-2026.html,/odds-converter.html,odds converter
blog/how-to-bet-on-psl-relegation-promotion-south-africa-2026.html,/value-bet-calculator.html,value bet calculator
blog/how-to-bet-on-psl-relegation-promotion-south-africa-2026.html,/accumulator-calculator.html,accumulator calculator
blog/how-to-bet-on-psl-relegation-promotion-south-africa-2026.html,/odds-converter.html,odds converter
blog/how-to-bet-on-psl-relegation-promotion-south-africa-2026.html,/value-bet-calculator.html,value bet calculator
blog/how-to-bet-on-psl-relegation-promotion-south-africa-2026.html,/accumulator-calculator.html,accumulator calculator
blog/how-to-bet-on-psl-relegation-promotion-south-africa-2026.html,/betting-calculator.html,betting calculator
blog/how-to-bet-on-psl-relegation-promotion-south-africa-2026.html,/blog/mtn8-betting-guide-south-africa-2026.html,MTN8 Betting Guide South Africa 2026: How to Bet PSL Cup Football Without Guessing
blog/how-to-bet-on-psl-relegation-promotion-south-africa-2026.html,/blog/nedbank-cup-betting-guide.html,Nedbank Cup Betting Guide for South Africans | BetSorted
blog/how-to-bet-on-psl-relegation-promotion-south-africa-2026.html,/blog/category-psl.html,PSL
blog/how-to-bet-on-psl-relegation-promotion-south-africa-2026.html,/blog/psl-playoffs-2026-betting-guide.html,"PSL Playoffs 2026 Betting Guide — Top 8 Odds, Predictions &amp; Best Bookmakers"
blog/how-to-bet-on-psl-relegation-promotion-south-africa-2026.html,/responsible-gambling.html,Responsible gambling
blog/how-to-bet-on-psl-relegation-promotion-south-africa-2026.html,/editorial-policy.html,Editorial policy
blog/how-to-bet-on-psl-south-africa-2026.html,/,BetSorted
blog/how-to-bet-on-psl-south-africa-2026.html,/#comparison,Compare
blog/how-to-bet-on-psl-south-africa-2026.html,/bookmakers/,Bookmakers
blog/how-to-bet-on-psl-south-africa-2026.html,/glossary.html,Glossary
blog/how-to-bet-on-psl-south-africa-2026.html,/calculators.html,Calculators
blog/how-to-bet-on-psl-south-africa-2026.html,/blog/,Blog
blog/how-to-bet-on-psl-south-africa-2026.html,/psl-match-centre.html,⚽ PSL Live
blog/how-to-bet-on-psl-south-africa-2026.html,/prediction-markets.html,💰 Smart Money
blog/how-to-bet-on-psl-south-africa-2026.html,/,Home
blog/how-to-bet-on-psl-south-africa-2026.html,/blog/,Blog
blog/how-to-bet-on-psl-south-africa-2026.html,/blog/,← Back to Blog
blog/how-to-bet-on-psl-south-africa-2026.html,/calculators.html,BetSorted calculators
blog/how-to-bet-on-psl-south-africa-2026.html,/betting-calculator.html,BetSorted betting calculator
blog/how-to-bet-on-psl-south-africa-2026.html,/#calculators,BetSorted calculators
blog/how-to-bet-on-psl-south-africa-2026.html,/accumulator-calculator.html,accumulator calculator
blog/how-to-bet-on-psl-south-africa-2026.html,/#calculators,Try BetSorted Calculators
blog/how-to-bet-on-rugby-south-africa-2026.html,/,BetSorted
blog/how-to-bet-on-rugby-south-africa-2026.html,/#comparison,Compare
blog/how-to-bet-on-rugby-south-africa-2026.html,/bookmakers/,Bookmakers
blog/how-to-bet-on-rugby-south-africa-2026.html,/glossary.html,Glossary
blog/how-to-bet-on-rugby-south-africa-2026.html,/calculators.html,Calculators
blog/how-to-bet-on-rugby-south-africa-2026.html,/blog/,Blog
blog/how-to-bet-on-rugby-south-africa-2026.html,/psl-match-centre.html,⚽ PSL Live
blog/how-to-bet-on-rugby-south-africa-2026.html,/prediction-markets.html,💰 Smart Money
blog/how-to-bet-on-rugby-south-africa-2026.html,/,Home
blog/how-to-bet-on-rugby-south-africa-2026.html,/blog/,Blog
blog/how-to-bet-on-rugby-south-africa-2026.html,/blog/,← Back to Blog
blog/how-to-bet-on-rugby-south-africa-2026.html,/betting-calculator.html,betting calculator
blog/how-to-bet-on-rugby-south-africa-2026.html,/blog/urc-2026-sa-teams-betting-guide.html,URC 2026 SA Teams Betting Guide
blog/how-to-bet-on-rugby-south-africa-2026.html,/blog/springboks-2026-betting-guide.html,Springboks 2026 Betting Guide
blog/how-to-bet-on-rugby-south-africa-2026.html,/blog/betway-review-south-africa-2026.html,Betway
blog/how-to-bet-on-rugby-south-africa-2026.html,/blog/hollywoodbets-review-south-africa-2026.html,Hollywoodbets
blog/how-to-bet-on-rugby-south-africa-2026.html,/blog/best-rugby-betting-sites-south-africa-2026.html,Best Rugby Betting Sites in South Africa 2026
blog/how-to-bet-on-rugby-south-africa-2026.html,/betting-calculator.html,BetSorted betting calculator
blog/how-to-bet-on-rugby-south-africa-2026.html,/betting-calculator.html,betting calculator
blog/how-to-bet-on-rugby-south-africa-2026.html,/odds-comparison.html,odds comparison page
blog/how-to-bet-on-rugby-south-africa-2026.html,/blog/betway-review-south-africa-2026.html,Betway
blog/how-to-bet-on-rugby-south-africa-2026.html,/blog/hollywoodbets-review-south-africa-2026.html,Hollywoodbets
blog/how-to-bet-on-rugby-south-africa-2026.html,/blog/betway-review-south-africa-2026.html,Betway
blog/how-to-bet-on-rugby-south-africa-2026.html,/blog/hollywoodbets-review-south-africa-2026.html,Hollywoodbets
blog/how-to-bet-on-rugby-south-africa-2026.html,/blog/betway-review-south-africa-2026.html,Betway
blog/how-to-bet-on-rugby-south-africa-2026.html,/blog/how-to-bet-nations-championship-2026.html,How to Bet on the Nations Championship 2026 — Your Springboks Betting Guide
blog/how-to-bet-on-rugby-south-africa-2026.html,/blog/category-rugby.html,Rugby
blog/how-to-bet-on-rugby-south-africa-2026.html,/blog/urc-playoffs-betting-guide.html,URC Playoffs Betting Guide for South Africans | BetSorted
blog/how-to-bet-on-rugby-south-africa-2026.html,/blog/springboks-july-tests-2026-betting-calculator-guide.html,Springboks July Tests 2026: Betting Calculator Guide for South Africans
blog/how-to-bet-on-rugby-south-africa-2026.html,/blog/,← Back to Blog
blog/how-to-bet-on-rugby-south-africa-2026.html,/about.html,About
blog/how-to-bet-on-rugby-south-africa-2026.html,/editorial-policy.html,Editorial Policy
blog/how-to-bet-on-rugby-south-africa-2026.html,/responsible-gambling.html,Responsible Gambling
blog/how-to-bet-on-rugby-south-africa-2026.html,/privacy.html,Privacy
blog/how-to-bet-on-rugby-south-africa-2026.html,/contact.html,Contact
blog/how-to-bet-on-rugby-south-africa-2026.html,/blog/,Blog
blog/how-to-bet-on-rugby-south-africa-2026.html,/blog/category-bookmaker-comparisons.html,Bookmaker Comparisons
blog/how-to-bet-on-soccer-south-africa-2026.html,/,BetSorted
blog/how-to-bet-on-soccer-south-africa-2026.html,/#comparison,Compare
blog/how-to-bet-on-soccer-south-africa-2026.html,/bookmakers/,Bookmakers
blog/how-to-bet-on-soccer-south-africa-2026.html,/glossary.html,Glossary
blog/how-to-bet-on-soccer-south-africa-2026.html,/calculators.html,Calculators
blog/how-to-bet-on-soccer-south-africa-2026.html,/blog/,Blog
blog/how-to-bet-on-soccer-south-africa-2026.html,/psl-match-centre.html,⚽ PSL Live
blog/how-to-bet-on-soccer-south-africa-2026.html,/prediction-markets.html,💰 Smart Money
blog/how-to-bet-on-soccer-south-africa-2026.html,/,Home
blog/how-to-bet-on-soccer-south-africa-2026.html,/blog/,Blog
blog/how-to-bet-on-soccer-south-africa-2026.html,/blog/,← Back to Blog
blog/how-to-bet-on-soccer-south-africa-2026.html,/blog/betway-review-south-africa-2026.html,Betway
blog/how-to-bet-on-soccer-south-africa-2026.html,/blog/hollywoodbets-review-south-africa-2026.html,Hollywoodbets
blog/how-to-bet-on-soccer-south-africa-2026.html,/blog/sportingbet-review-south-africa-2026.html,Sportingbet
blog/how-to-bet-on-soccer-south-africa-2026.html,/blog/supabets-review-south-africa-2026.html,Supabets
blog/how-to-bet-on-soccer-south-africa-2026.html,/blog/easybet-review-south-africa-2026.html,Easybet
blog/how-to-bet-on-soccer-south-africa-2026.html,/blog/wsb-review-south-africa-2026.html,World Sports Betting
blog/how-to-bet-on-soccer-south-africa-2026.html,/blog/betway-vs-hollywoodbets.html,Betway vs Hollywoodbets comparison
blog/how-to-bet-on-soccer-south-africa-2026.html,/betting-calculator.html,betting calculator
blog/how-to-bet-on-soccer-south-africa-2026.html,/best-odds-finder.html,best odds finder
blog/how-to-bet-on-soccer-south-africa-2026.html,/accumulator-calculator.html,accumulator calculator
blog/how-to-bet-on-soccer-south-africa-2026.html,/blog/best-deposit-methods-betting-south-africa-2026.html,complete deposit methods guide
blog/how-to-bet-on-soccer-south-africa-2026.html,/blog/capitec-pay-betting-payments-south-africa.html,Capitec Pay
blog/how-to-bet-on-soccer-south-africa-2026.html,/blog/ozow-betting-payments-south-africa.html,Ozow
blog/how-to-bet-on-soccer-south-africa-2026.html,/bankroll-tracker.html,bankroll tracker
blog/how-to-bet-on-soccer-south-africa-2026.html,/best-odds-finder.html,odds comparison tool
blog/how-to-bet-on-soccer-south-africa-2026.html,/bankroll-tracker.html,bankroll tracker
blog/how-to-bet-on-soccer-south-africa-2026.html,/blog/bankroll-management-guide-south-africa-2026.html,bankroll management guide
blog/how-to-bet-on-soccer-south-africa-2026.html,/blog/live-betting-guide-south-africa-2026.html,complete live betting guide
blog/how-to-bet-on-soccer-south-africa-2026.html,/blog/same-game-multi-betting-guide-south-africa-2026.html,SGM guide
blog/how-to-bet-on-soccer-south-africa-2026.html,/blog/hollywoodbets-review-south-africa-2026.html,Hollywoodbets
blog/how-to-bet-on-soccer-south-africa-2026.html,/betting-calculator.html,betting calculator
blog/how-to-bet-on-soccer-south-africa-2026.html,/accumulator-calculator.html,accumulator calculator
blog/how-to-bet-on-soccer-south-africa-2026.html,/best-odds-finder.html,odds comparison
blog/how-to-bet-on-soccer-south-africa-2026.html,/blog/accumulator-betting-guide-south-africa-2026.html,accumulators
blog/how-to-bet-on-soccer-south-africa-2026.html,/blog/bankroll-management-guide-south-africa-2026.html,bankroll management
blog/how-to-bet-on-soccer-south-africa-2026.html,/blog/betway-vs-hollywoodbets.html,head-to-head comparisons
blog/how-to-bet-on-soccer-south-africa-2026.html,/responsible-gambling.html,responsible gambling page
blog/how-to-bet-on-soccer-south-africa-2026.html,/betting-calculator.html,betting calculator
blog/how-to-bet-on-soccer-south-africa-2026.html,/accumulator-calculator.html,accumulator calculator
blog/how-to-bet-on-soccer-south-africa-2026.html,/best-odds-finder.html,odds comparison page
blog/how-to-bet-on-soccer-south-africa-2026.html,/best-odds-finder.html,odds comparison tool
blog/how-to-bet-on-soccer-south-africa-2026.html,/best-betting-apps.html,best betting apps guide
blog/how-to-bet-on-soccer-south-africa-2026.html,/blog/fastest-paying-bookmakers-south-africa-2026.html,fastest paying bookmakers guide
blog/how-to-bet-on-soccer-south-africa-2026.html,/blog/5-common-betting-mistakes-south-africa-2026.html,5 Common Betting Mistakes South African Punters Make (And How to Avoid Them)
blog/how-to-bet-on-soccer-south-africa-2026.html,/blog/aviator-betting-sites-south-africa-2026.html,Aviator Betting Sites South Africa 2026 — Best Apps & Strategy
blog/how-to-bet-on-soccer-south-africa-2026.html,/blog/best-betting-sites-beginners-south-africa-2026.html,Best Betting Sites for Beginners in South Africa 2026 — Start Here
blog/how-to-bet-on-soccer-south-africa-2026.html,/blog/category-betting-guides-strategy.html,Betting Guides &amp; Strategy
blog/how-to-bet-on-soccer-south-africa-2026.html,/blog/,← Back to Blog
blog/how-to-bet-on-soccer-south-africa-2026.html,/about.html,About
blog/how-to-bet-on-soccer-south-africa-2026.html,/editorial-policy.html,Editorial Policy
blog/how-to-bet-on-soccer-south-africa-2026.html,/responsible-gambling.html,Responsible Gambling
blog/how-to-bet-on-soccer-south-africa-2026.html,/privacy.html,Privacy
blog/how-to-bet-on-soccer-south-africa-2026.html,/contact.html,Contact
blog/how-to-bet-on-soccer-south-africa-2026.html,/blog/,Blog
blog/how-to-bet-on-soccer-south-africa-2026.html,/blog/category-bookmaker-comparisons.html,Bookmaker Comparisons
blog/how-to-bet-on-t20-cricket-march-2026-series.html,/,BetSorted
blog/how-to-bet-on-t20-cricket-march-2026-series.html,/#comparison,Compare
blog/how-to-bet-on-t20-cricket-march-2026-series.html,/bookmakers/,Bookmakers
blog/how-to-bet-on-t20-cricket-march-2026-series.html,/glossary.html,Glossary
blog/how-to-bet-on-t20-cricket-march-2026-series.html,/calculators.html,Calculators
blog/how-to-bet-on-t20-cricket-march-2026-series.html,/blog/,Blog
blog/how-to-bet-on-t20-cricket-march-2026-series.html,/psl-match-centre.html,⚽ PSL Live
blog/how-to-bet-on-t20-cricket-march-2026-series.html,/prediction-markets.html,💰 Smart Money
blog/how-to-bet-on-t20-cricket-march-2026-series.html,/,Home
blog/how-to-bet-on-t20-cricket-march-2026-series.html,/blog/,Blog
blog/how-to-bet-on-t20-cricket-march-2026-series.html,/bookmakers/,Compare SA Bookmakers
blog/how-to-bet-on-t20-cricket-march-2026-series.html,/bookmakers/,Bookmakers
blog/how-to-bet-on-t20-cricket-march-2026-series.html,/about.html,About
blog/how-to-bet-on-t20-cricket-march-2026-series.html,/editorial-policy.html,Editorial Policy
blog/how-to-bet-on-t20-cricket-march-2026-series.html,/responsible-gambling.html,Responsible Gambling
blog/how-to-bet-on-t20-cricket-march-2026-series.html,/privacy.html,Privacy
blog/how-to-bet-on-t20-cricket-march-2026-series.html,/contact.html,Contact
blog/how-to-bet-on-t20-cricket-march-2026-series.html,/blog/,Blog
blog/how-to-bet-on-t20-cricket-march-2026-series.html,/blog/category-bookmaker-comparisons.html,Bookmaker Comparisons
blog/how-to-bet-on-tennis-south-africa-2026.html,/,BetSorted
blog/how-to-bet-on-tennis-south-africa-2026.html,/#comparison,Compare
blog/how-to-bet-on-tennis-south-africa-2026.html,/bookmakers/,Bookmakers
blog/how-to-bet-on-tennis-south-africa-2026.html,/glossary.html,Glossary
blog/how-to-bet-on-tennis-south-africa-2026.html,/calculators.html,Calculators
blog/how-to-bet-on-tennis-south-africa-2026.html,/blog/,Blog
blog/how-to-bet-on-tennis-south-africa-2026.html,/psl-match-centre.html,⚽ PSL Live
blog/how-to-bet-on-tennis-south-africa-2026.html,/prediction-markets.html,💰 Smart Money
blog/how-to-bet-on-tennis-south-africa-2026.html,/,Home
blog/how-to-bet-on-tennis-south-africa-2026.html,/blog/,Blog
blog/how-to-bet-on-tennis-south-africa-2026.html,/blog/,← Back to Blog
blog/how-to-bet-on-tennis-south-africa-2026.html,/betting-calculator.html,betting calculator
blog/how-to-bet-on-tennis-south-africa-2026.html,/blog/sportingbet-review-south-africa-2026.html,Sportingbet
blog/how-to-bet-on-tennis-south-africa-2026.html,/blog/betway-review-south-africa-2026.html,Betway
blog/how-to-bet-on-tennis-south-africa-2026.html,/blog/10bet-review-south-africa-2026.html,10bet
blog/how-to-bet-on-tennis-south-africa-2026.html,/blog/hollywoodbets-review-south-africa-2026.html,Hollywoodbets
blog/how-to-bet-on-tennis-south-africa-2026.html,/blog/sunbet-review-south-africa-2026.html,Sunbet
blog/how-to-bet-on-tennis-south-africa-2026.html,/blog/cash-out-betting-guide-south-africa-2026.html,cash out guide
blog/how-to-bet-on-tennis-south-africa-2026.html,/bankroll-tracker.html,bankroll tracker
blog/how-to-bet-on-tennis-south-africa-2026.html,/best-odds-finder.html,odds comparison tool
blog/how-to-bet-on-tennis-south-africa-2026.html,/betting-calculator.html,betting calculator
blog/how-to-bet-on-tennis-south-africa-2026.html,/accumulator-calculator.html,accumulator calculator
blog/how-to-bet-on-tennis-south-africa-2026.html,/best-odds-finder.html,odds comparison page
blog/how-to-bet-on-tennis-south-africa-2026.html,/bankroll-tracker.html,bankroll tracker
blog/how-to-bet-on-tennis-south-africa-2026.html,/blog/sportingbet-review-south-africa-2026.html,Sportingbet
blog/how-to-bet-on-tennis-south-africa-2026.html,/blog/betway-review-south-africa-2026.html,Betway
blog/how-to-bet-on-tennis-south-africa-2026.html,/blog/5-common-betting-mistakes-south-africa-2026.html,5 Common Betting Mistakes South African Punters Make (And How to Avoid Them)
blog/how-to-bet-on-tennis-south-africa-2026.html,/blog/aviator-betting-sites-south-africa-2026.html,Aviator Betting Sites South Africa 2026 — Best Apps & Strategy
blog/how-to-bet-on-tennis-south-africa-2026.html,/blog/best-betting-sites-beginners-south-africa-2026.html,Best Betting Sites for Beginners in South Africa 2026 — Start Here
blog/how-to-bet-on-tennis-south-africa-2026.html,/blog/category-betting-guides-strategy.html,Betting Guides &amp; Strategy
blog/how-to-bet-on-tennis-south-africa-2026.html,/blog/,← Back to Blog
blog/how-to-bet-on-tennis-south-africa-2026.html,/about.html,About
blog/how-to-bet-on-tennis-south-africa-2026.html,/editorial-policy.html,Editorial Policy
blog/how-to-bet-on-tennis-south-africa-2026.html,/responsible-gambling.html,Responsible Gambling
blog/how-to-bet-on-tennis-south-africa-2026.html,/privacy.html,Privacy
blog/how-to-bet-on-tennis-south-africa-2026.html,/contact.html,Contact
blog/how-to-bet-on-tennis-south-africa-2026.html,/blog/,Blog
blog/how-to-bet-on-tennis-south-africa-2026.html,/blog/category-bookmaker-comparisons.html,Bookmaker Comparisons
blog/how-to-bet-on-ufc-mma-south-africa-2026.html,/,BetSorted
blog/how-to-bet-on-ufc-mma-south-africa-2026.html,/#comparison,Compare
blog/how-to-bet-on-ufc-mma-south-africa-2026.html,/bookmakers/,Bookmakers
blog/how-to-bet-on-ufc-mma-south-africa-2026.html,/glossary.html,Glossary
blog/how-to-bet-on-ufc-mma-south-africa-2026.html,/calculators.html,Calculators
blog/how-to-bet-on-ufc-mma-south-africa-2026.html,/blog/,Blog
blog/how-to-bet-on-ufc-mma-south-africa-2026.html,/psl-match-centre.html,⚽ PSL Live
blog/how-to-bet-on-ufc-mma-south-africa-2026.html,/prediction-markets.html,💰 Smart Money
blog/how-to-bet-on-ufc-mma-south-africa-2026.html,/,Home
blog/how-to-bet-on-ufc-mma-south-africa-2026.html,/blog/,Blog
blog/how-to-bet-on-ufc-mma-south-africa-2026.html,/blog/,← Back to Blog
blog/how-to-bet-on-ufc-mma-south-africa-2026.html,/blog/betway-review-south-africa-2026.html,Betway
blog/how-to-bet-on-ufc-mma-south-africa-2026.html,/blog/hollywoodbets-review-south-africa-2026.html,Hollywoodbets
blog/how-to-bet-on-ufc-mma-south-africa-2026.html,/blog/sportingbet-review-south-africa-2026.html,Sportingbet
blog/how-to-bet-on-ufc-mma-south-africa-2026.html,/blog/wsb-review-south-africa-2026.html,World Sports Betting
blog/how-to-bet-on-ufc-mma-south-africa-2026.html,/betting-calculator.html,betting calculator
blog/how-to-bet-on-ufc-mma-south-africa-2026.html,/odds-converter.html,odds converter
blog/how-to-bet-on-ufc-mma-south-africa-2026.html,/betting-calculator.html,betting calculator
blog/how-to-bet-on-ufc-mma-south-africa-2026.html,/betting-calculator.html,Betting Calculator — Work Out Your Returns
blog/how-to-bet-on-ufc-mma-south-africa-2026.html,/odds-converter.html,"Odds Converter — Decimal, Fractional & American"
blog/how-to-bet-on-ufc-mma-south-africa-2026.html,/blog/best-cashback-loyalty-programs-sa-bookmakers-2026.html,Best Cashback & Loyalty Programs at SA Bookmakers (2026)
blog/how-to-bet-on-ufc-mma-south-africa-2026.html,/blog/betway-review-south-africa-2026.html,Betway Review — Full SA Bookmaker Breakdown
blog/how-to-bet-on-ufc-mma-south-africa-2026.html,/blog/hollywoodbets-review-south-africa-2026.html,Hollywoodbets Review
blog/how-to-bet-on-ufc-mma-south-africa-2026.html,/blog/accumulator-betting-guide-south-africa-2026.html,Accumulator Betting Guide SA 2026
blog/how-to-bet-on-ufc-mma-south-africa-2026.html,/blog/5-common-betting-mistakes-south-africa-2026.html,5 Common Betting Mistakes South African Punters Make (And How to Avoid Them)
blog/how-to-bet-on-ufc-mma-south-africa-2026.html,/blog/aviator-betting-sites-south-africa-2026.html,Aviator Betting Sites South Africa 2026 — Best Apps & Strategy
blog/how-to-bet-on-ufc-mma-south-africa-2026.html,/blog/best-betting-sites-beginners-south-africa-2026.html,Best Betting Sites for Beginners in South Africa 2026 — Start Here
blog/how-to-bet-on-ufc-mma-south-africa-2026.html,/blog/category-betting-guides-strategy.html,Betting Guides &amp; Strategy
blog/how-to-bet-on-ufc-mma-south-africa-2026.html,/about.html,About
blog/how-to-bet-on-ufc-mma-south-africa-2026.html,/blog/,Blog
blog/how-to-bet-on-ufc-mma-south-africa-2026.html,/calculators.html,Calculators
blog/how-to-bet-on-ufc-mma-south-africa-2026.html,/about.html,About
blog/how-to-bet-on-ufc-mma-south-africa-2026.html,/editorial-policy.html,Editorial Policy
blog/how-to-bet-on-ufc-mma-south-africa-2026.html,/responsible-gambling.html,Responsible Gambling
blog/how-to-bet-on-ufc-mma-south-africa-2026.html,/privacy.html,Privacy
blog/how-to-bet-on-ufc-mma-south-africa-2026.html,/contact.html,Contact
blog/how-to-bet-on-ufc-mma-south-africa-2026.html,/blog/,Blog
blog/how-to-bet-on-ufc-mma-south-africa-2026.html,/blog/category-bookmaker-comparisons.html,Bookmaker Comparisons
blog/how-to-build-psl-rugby-cricket-accumulator-south-africa-2026.html,/,BetSorted
blog/how-to-build-psl-rugby-cricket-accumulator-south-africa-2026.html,/#comparison,Compare
blog/how-to-build-psl-rugby-cricket-accumulator-south-africa-2026.html,/bookmakers/,Bookmakers
blog/how-to-build-psl-rugby-cricket-accumulator-south-africa-2026.html,/glossary.html,Glossary
blog/how-to-build-psl-rugby-cricket-accumulator-south-africa-2026.html,/calculators.html,Calculators
blog/how-to-build-psl-rugby-cricket-accumulator-south-africa-2026.html,/blog/,Blog
blog/how-to-build-psl-rugby-cricket-accumulator-south-africa-2026.html,/psl-match-centre.html,⚽ PSL Live
blog/how-to-build-psl-rugby-cricket-accumulator-south-africa-2026.html,/prediction-markets.html,💰 Smart Money
blog/how-to-build-psl-rugby-cricket-accumulator-south-africa-2026.html,/,Home
blog/how-to-build-psl-rugby-cricket-accumulator-south-africa-2026.html,/blog/,Blog
blog/how-to-build-psl-rugby-cricket-accumulator-south-africa-2026.html,/accumulator-calculator.html,BetSorted accumulator calculator
blog/how-to-build-psl-rugby-cricket-accumulator-south-africa-2026.html,/best-odds-finder.html,best odds finder
blog/how-to-build-psl-rugby-cricket-accumulator-south-africa-2026.html,/accumulator-calculator.html,accumulator calculator
blog/how-to-build-psl-rugby-cricket-accumulator-south-africa-2026.html,/psl-match-centre.html,PSL match centre
blog/how-to-build-psl-rugby-cricket-accumulator-south-africa-2026.html,/blog/psl-title-race-betting-guide.html,PSL final weekend odds-shopping guide
blog/how-to-build-psl-rugby-cricket-accumulator-south-africa-2026.html,/accumulator-calculator.html,accumulator calculator
blog/how-to-build-psl-rugby-cricket-accumulator-south-africa-2026.html,/blog/best-bookmakers-accumulator-bets-south-africa-2026.html,Best Bookmakers for Accumulator Bets
blog/how-to-build-psl-rugby-cricket-accumulator-south-africa-2026.html,/blog/how-to-use-betting-calculators-south-africa.html,How to Use Betting Calculators
blog/how-to-build-psl-rugby-cricket-accumulator-south-africa-2026.html,/blog/rugby-handicap-calculator-south-africa-2026.html,Rugby Handicap Betting Guide
blog/how-to-build-psl-rugby-cricket-accumulator-south-africa-2026.html,/blog/cricket-betting-guide-south-africa-2026.html,Cricket Betting Guide South Africa
blog/how-to-build-psl-rugby-cricket-accumulator-south-africa-2026.html,/blog/mtn8-betting-guide-south-africa-2026.html,MTN8 Betting Guide South Africa 2026: How to Bet PSL Cup Football Without Guessing
blog/how-to-build-psl-rugby-cricket-accumulator-south-africa-2026.html,/blog/nedbank-cup-betting-guide.html,Nedbank Cup Betting Guide for South Africans | BetSorted
blog/how-to-build-psl-rugby-cricket-accumulator-south-africa-2026.html,/blog/category-psl.html,PSL
blog/how-to-build-psl-rugby-cricket-accumulator-south-africa-2026.html,/blog/psl-playoffs-2026-betting-guide.html,"PSL Playoffs 2026 Betting Guide — Top 8 Odds, Predictions &amp; Best Bookmakers"
blog/how-to-open-betting-account-south-africa-2026.html,/,BetSorted
blog/how-to-open-betting-account-south-africa-2026.html,/#comparison,Compare
blog/how-to-open-betting-account-south-africa-2026.html,/bookmakers/,Bookmakers
blog/how-to-open-betting-account-south-africa-2026.html,/glossary.html,Glossary
blog/how-to-open-betting-account-south-africa-2026.html,/calculators.html,Calculators
blog/how-to-open-betting-account-south-africa-2026.html,/blog/,Blog
blog/how-to-open-betting-account-south-africa-2026.html,/psl-match-centre.html,⚽ PSL Live
blog/how-to-open-betting-account-south-africa-2026.html,/prediction-markets.html,💰 Smart Money
blog/how-to-open-betting-account-south-africa-2026.html,/,Home
blog/how-to-open-betting-account-south-africa-2026.html,/blog/,Blog
blog/how-to-open-betting-account-south-africa-2026.html,/blog/,← Back to Blog
blog/how-to-open-betting-account-south-africa-2026.html,/blog/betway-review-south-africa-2026.html,Betway
blog/how-to-open-betting-account-south-africa-2026.html,/blog/hollywoodbets-review-south-africa-2026.html,Hollywoodbets
blog/how-to-open-betting-account-south-africa-2026.html,/blog/sportingbet-review-south-africa-2026.html,Sportingbet
blog/how-to-open-betting-account-south-africa-2026.html,/blog/supabets-review-south-africa-2026.html,Supabets
blog/how-to-open-betting-account-south-africa-2026.html,/blog/betfred-review-south-africa-2026.html,Betfred
blog/how-to-open-betting-account-south-africa-2026.html,/blog/easybet-review-south-africa-2026.html,Easybet
blog/how-to-open-betting-account-south-africa-2026.html,/#comparison,comparison tool
blog/how-to-open-betting-account-south-africa-2026.html,/blog/instant-eft-betting-payments-south-africa.html,instant EFT guide
blog/how-to-open-betting-account-south-africa-2026.html,/blog/capitec-pay-betting-payments-south-africa.html,Capitec Pay guide
blog/how-to-open-betting-account-south-africa-2026.html,/blog/voucher-deposits-betting-south-africa-2026.html,voucher deposit guide
blog/how-to-open-betting-account-south-africa-2026.html,/blog/ozow-betting-payments-south-africa.html,Ozow guide
blog/how-to-open-betting-account-south-africa-2026.html,/betting-calculator.html,betting calculator
blog/how-to-open-betting-account-south-africa-2026.html,/bookmakers/,bookmakers page
blog/how-to-open-betting-account-south-africa-2026.html,/blog/how-to-use-free-bets-south-africa-2026.html,free bets guide
blog/how-to-open-betting-account-south-africa-2026.html,/responsible-gambling.html,responsible gambling guide
blog/how-to-open-betting-account-south-africa-2026.html,/blog/,blog
blog/how-to-open-betting-account-south-africa-2026.html,/blog/betway-review-south-africa-2026.html,Betway
blog/how-to-open-betting-account-south-africa-2026.html,/blog/hollywoodbets-review-south-africa-2026.html,Hollywoodbets
blog/how-to-open-betting-account-south-africa-2026.html,/blog/betfred-review-south-africa-2026.html,Betfred
blog/how-to-open-betting-account-south-africa-2026.html,/blog/sportingbet-review-south-africa-2026.html,Sportingbet
blog/how-to-open-betting-account-south-africa-2026.html,/blog/supabets-review-south-africa-2026.html,Supabets
blog/how-to-open-betting-account-south-africa-2026.html,/blog/hollywoodbets-review-south-africa-2026.html,Hollywoodbets
blog/how-to-open-betting-account-south-africa-2026.html,/blog/best-betting-bonuses-south-africa-2026.html,best betting bonuses
blog/how-to-open-betting-account-south-africa-2026.html,/betting-calculator.html,betting calculator
blog/how-to-open-betting-account-south-africa-2026.html,/accumulator-calculator.html,accumulator calculator
blog/how-to-open-betting-account-south-africa-2026.html,/each-way-calculator.html,each-way calculator
blog/how-to-open-betting-account-south-africa-2026.html,/blog/south-africa-betting-glossary.html,betting glossary
blog/how-to-open-betting-account-south-africa-2026.html,/blog/betting-tax-south-africa-2026.html,betting tax guide
blog/how-to-open-betting-account-south-africa-2026.html,/betting-calculator.html,Betting
blog/how-to-open-betting-account-south-africa-2026.html,/accumulator-calculator.html,Accumulator
blog/how-to-open-betting-account-south-africa-2026.html,/arbitrage-calculator.html,Arbitrage
blog/how-to-open-betting-account-south-africa-2026.html,/each-way-calculator.html,Each-Way
blog/how-to-open-betting-account-south-africa-2026.html,/blog/how-to-bet-on-soccer-south-africa-2026.html,Soccer
blog/how-to-open-betting-account-south-africa-2026.html,/blog/how-to-bet-on-rugby-south-africa-2026.html,Rugby
blog/how-to-open-betting-account-south-africa-2026.html,/blog/how-to-bet-on-tennis-south-africa-2026.html,Tennis
blog/how-to-open-betting-account-south-africa-2026.html,/blog/cricket-betting-guide-south-africa-2026.html,Cricket
blog/how-to-open-betting-account-south-africa-2026.html,/best-odds-finder.html,best odds finder
blog/how-to-open-betting-account-south-africa-2026.html,/blog/bankroll-management-guide-south-africa-2026.html,bankroll guide
blog/how-to-open-betting-account-south-africa-2026.html,/blog/5-common-betting-mistakes-south-africa-2026.html,5 Common Betting Mistakes South African Punters Make (And How to Avoid Them)
blog/how-to-open-betting-account-south-africa-2026.html,/blog/aviator-betting-sites-south-africa-2026.html,Aviator Betting Sites South Africa 2026 — Best Apps & Strategy
blog/how-to-open-betting-account-south-africa-2026.html,/blog/best-betting-sites-beginners-south-africa-2026.html,Best Betting Sites for Beginners in South Africa 2026 — Start Here
blog/how-to-open-betting-account-south-africa-2026.html,/blog/category-betting-guides-strategy.html,Betting Guides &amp; Strategy
blog/how-to-open-betting-account-south-africa-2026.html,/about.html,About
blog/how-to-open-betting-account-south-africa-2026.html,/editorial-policy.html,Editorial Policy
blog/how-to-open-betting-account-south-africa-2026.html,/responsible-gambling.html,Responsible Gambling
blog/how-to-open-betting-account-south-africa-2026.html,/blog/,Blog
blog/how-to-use-betsorted-calculators-weekend-betting-south-africa-2026.html,/,BetSorted
blog/how-to-use-betsorted-calculators-weekend-betting-south-africa-2026.html,/#comparison,Compare
blog/how-to-use-betsorted-calculators-weekend-betting-south-africa-2026.html,/bookmakers/,Bookmakers
blog/how-to-use-betsorted-calculators-weekend-betting-south-africa-2026.html,/glossary.html,Glossary
blog/how-to-use-betsorted-calculators-weekend-betting-south-africa-2026.html,/calculators.html,Calculators
blog/how-to-use-betsorted-calculators-weekend-betting-south-africa-2026.html,/blog/,Blog
blog/how-to-use-betsorted-calculators-weekend-betting-south-africa-2026.html,/psl-match-centre.html,⚽ PSL Live
blog/how-to-use-betsorted-calculators-weekend-betting-south-africa-2026.html,/prediction-markets.html,💰 Smart Money
blog/how-to-use-betsorted-calculators-weekend-betting-south-africa-2026.html,/,Home
blog/how-to-use-betsorted-calculators-weekend-betting-south-africa-2026.html,/blog/,Blog
blog/how-to-use-betsorted-calculators-weekend-betting-south-africa-2026.html,/calculators.html,BetSorted calculators hub
blog/how-to-use-betsorted-calculators-weekend-betting-south-africa-2026.html,/betting-calculator.html,Betting calculator
blog/how-to-use-betsorted-calculators-weekend-betting-south-africa-2026.html,/accumulator-calculator.html,Accumulator calculator
blog/how-to-use-betsorted-calculators-weekend-betting-south-africa-2026.html,/odds-converter.html,Odds converter
blog/how-to-use-betsorted-calculators-weekend-betting-south-africa-2026.html,/value-bet-calculator.html,Value bet calculator
blog/how-to-use-betsorted-calculators-weekend-betting-south-africa-2026.html,/free-bet-calculator.html,Free bet calculator
blog/how-to-use-betsorted-calculators-weekend-betting-south-africa-2026.html,/each-way-calculator.html,Each-way calculator
blog/how-to-use-betsorted-calculators-weekend-betting-south-africa-2026.html,/betting-calculator.html,betting calculator
blog/how-to-use-betsorted-calculators-weekend-betting-south-africa-2026.html,/odds-converter.html,odds converter
blog/how-to-use-betsorted-calculators-weekend-betting-south-africa-2026.html,/accumulator-calculator.html,accumulator calculator
blog/how-to-use-betsorted-calculators-weekend-betting-south-africa-2026.html,/free-bet-calculator.html,free bet calculator
blog/how-to-use-betsorted-calculators-weekend-betting-south-africa-2026.html,/bonus-comparison.html,bonus comparison
blog/how-to-use-betsorted-calculators-weekend-betting-south-africa-2026.html,/value-bet-calculator.html,value bet calculator
blog/how-to-use-betsorted-calculators-weekend-betting-south-africa-2026.html,/each-way-calculator.html,each-way calculator
blog/how-to-use-betsorted-calculators-weekend-betting-south-africa-2026.html,/betting-calculator.html,betting calculator
blog/how-to-use-betsorted-calculators-weekend-betting-south-africa-2026.html,/accumulator-calculator.html,accumulator calculator
blog/how-to-use-betsorted-calculators-weekend-betting-south-africa-2026.html,/odds-converter.html,odds converter
blog/how-to-use-betsorted-calculators-weekend-betting-south-africa-2026.html,/free-bet-calculator.html,free bet calculator
blog/how-to-use-betsorted-calculators-weekend-betting-south-africa-2026.html,/calculators.html,calculators hub
blog/how-to-use-betsorted-calculators-weekend-betting-south-africa-2026.html,/blog/how-to-use-betting-calculators-south-africa.html,How to Use Betting Calculators South Africa
blog/how-to-use-betsorted-calculators-weekend-betting-south-africa-2026.html,/blog/psl-title-race-betting-guide.html,"June Rugby, Cricket and PSL Accumulator Guide"
blog/how-to-use-betsorted-calculators-weekend-betting-south-africa-2026.html,/blog/bankroll-management-guide-south-africa-2026.html,Bankroll Management Guide South Africa
blog/how-to-use-betsorted-calculators-weekend-betting-south-africa-2026.html,/blog/5-common-betting-mistakes-south-africa-2026.html,5 Common Betting Mistakes South Africa
blog/how-to-use-betsorted-calculators-weekend-betting-south-africa-2026.html,/blog/matched-betting-guide-south-africa-2026.html,Matched Betting Guide South Africa
blog/how-to-use-betsorted-calculators-weekend-betting-south-africa-2026.html,/blog/5-common-betting-mistakes-south-africa-2026.html,5 Common Betting Mistakes South African Punters Make (And How to Avoid Them)
blog/how-to-use-betsorted-calculators-weekend-betting-south-africa-2026.html,/blog/aviator-betting-sites-south-africa-2026.html,Aviator Betting Sites South Africa 2026 — Best Apps & Strategy
blog/how-to-use-betsorted-calculators-weekend-betting-south-africa-2026.html,/blog/best-betting-sites-beginners-south-africa-2026.html,Best Betting Sites for Beginners in South Africa 2026 — Start Here
blog/how-to-use-betsorted-calculators-weekend-betting-south-africa-2026.html,/blog/category-betting-guides-strategy.html,Betting Guides &amp; Strategy
blog/how-to-use-betting-calculators-south-africa.html,/,BetSorted
blog/how-to-use-betting-calculators-south-africa.html,/#comparison,Compare
blog/how-to-use-betting-calculators-south-africa.html,/bookmakers/,Bookmakers
blog/how-to-use-betting-calculators-south-africa.html,/glossary.html,Glossary
blog/how-to-use-betting-calculators-south-africa.html,/calculators.html,Calculators
blog/how-to-use-betting-calculators-south-africa.html,/blog/,Blog
blog/how-to-use-betting-calculators-south-africa.html,/psl-match-centre.html,⚽ PSL Live
blog/how-to-use-betting-calculators-south-africa.html,/prediction-markets.html,💰 Smart Money
blog/how-to-use-betting-calculators-south-africa.html,/,Home
blog/how-to-use-betting-calculators-south-africa.html,/blog/,Blog
blog/how-to-use-betting-calculators-south-africa.html,/blog/,← Back to Blog
blog/how-to-use-betting-calculators-south-africa.html,/betting-calculator.html,betting calculator
blog/how-to-use-betting-calculators-south-africa.html,/accumulator-calculator.html,accumulator calculator
blog/how-to-use-betting-calculators-south-africa.html,/betting-calculator.html,betting calculator
blog/how-to-use-betting-calculators-south-africa.html,/blog/betway-review-south-africa-2026.html,Betway
blog/how-to-use-betting-calculators-south-africa.html,/blog/hollywoodbets-review-south-africa-2026.html,Hollywoodbets
blog/how-to-use-betting-calculators-south-africa.html,/accumulator-calculator.html,accumulator calculator
blog/how-to-use-betting-calculators-south-africa.html,/blog/supabets-review-south-africa-2026.html,Supabets
blog/how-to-use-betting-calculators-south-africa.html,/arbitrage-calculator.html,arbitrage calculator
blog/how-to-use-betting-calculators-south-africa.html,/blog/betway-review-south-africa-2026.html,Betway
blog/how-to-use-betting-calculators-south-africa.html,/blog/sportingbet-review-south-africa-2026.html,Sportingbet
blog/how-to-use-betting-calculators-south-africa.html,/blog/hollywoodbets-review-south-africa-2026.html,Hollywoodbets
blog/how-to-use-betting-calculators-south-africa.html,/best-betting-apps.html,best betting apps guide
blog/how-to-use-betting-calculators-south-africa.html,/each-way-calculator.html,each-way calculator
blog/how-to-use-betting-calculators-south-africa.html,/betting-calculator.html,Betting Calculator
blog/how-to-use-betting-calculators-south-africa.html,/accumulator-calculator.html,Accumulator Calculator
blog/how-to-use-betting-calculators-south-africa.html,/arbitrage-calculator.html,Arbitrage Calculator
blog/how-to-use-betting-calculators-south-africa.html,/each-way-calculator.html,Each-Way Calculator
blog/how-to-use-betting-calculators-south-africa.html,/blog/best-psl-betting-site-2026.html,best PSL betting sites
blog/how-to-use-betting-calculators-south-africa.html,/blog/fastest-paying-bookmakers-south-africa-2026.html,fastest paying bookmakers in South Africa
blog/how-to-use-betting-calculators-south-africa.html,/blog/south-africa-betting-glossary.html,SA betting glossary
blog/how-to-use-betting-calculators-south-africa.html,/blog/5-common-betting-mistakes-south-africa-2026.html,5 Common Betting Mistakes South African Punters Make (And How to Avoid Them)
blog/how-to-use-betting-calculators-south-africa.html,/blog/aviator-betting-sites-south-africa-2026.html,Aviator Betting Sites South Africa 2026 — Best Apps & Strategy
blog/how-to-use-betting-calculators-south-africa.html,/blog/best-betting-sites-beginners-south-africa-2026.html,Best Betting Sites for Beginners in South Africa 2026 — Start Here
blog/how-to-use-betting-calculators-south-africa.html,/blog/category-betting-guides-strategy.html,Betting Guides &amp; Strategy
blog/how-to-use-betting-calculators-south-africa.html,/blog/,← Back to Blog
blog/how-to-use-betting-calculators-south-africa.html,/about.html,About
blog/how-to-use-betting-calculators-south-africa.html,/editorial-policy.html,Editorial Policy
blog/how-to-use-betting-calculators-south-africa.html,/responsible-gambling.html,Responsible Gambling
blog/how-to-use-betting-calculators-south-africa.html,/privacy.html,Privacy
blog/how-to-use-betting-calculators-south-africa.html,/contact.html,Contact
blog/how-to-use-betting-calculators-south-africa.html,/blog/,Blog
blog/how-to-use-betting-calculators-south-africa.html,/blog/category-bookmaker-comparisons.html,Bookmaker Comparisons
blog/how-to-use-free-bets-south-africa-2026.html,/,BetSorted
blog/how-to-use-free-bets-south-africa-2026.html,/#comparison,Compare
blog/how-to-use-free-bets-south-africa-2026.html,/bookmakers/,Bookmakers
blog/how-to-use-free-bets-south-africa-2026.html,/glossary.html,Glossary
blog/how-to-use-free-bets-south-africa-2026.html,/calculators.html,Calculators
blog/how-to-use-free-bets-south-africa-2026.html,/blog/,Blog
blog/how-to-use-free-bets-south-africa-2026.html,/psl-match-centre.html,⚽ PSL Live
blog/how-to-use-free-bets-south-africa-2026.html,/prediction-markets.html,💰 Smart Money
blog/how-to-use-free-bets-south-africa-2026.html,/,Home
blog/how-to-use-free-bets-south-africa-2026.html,/blog/,Blog
blog/how-to-use-free-bets-south-africa-2026.html,/blog/,← Back to Blog
blog/how-to-use-free-bets-south-africa-2026.html,/free-bet-calculator.html,free bet calculator
blog/how-to-use-free-bets-south-africa-2026.html,/free-bet-calculator.html,free bet calculator
blog/how-to-use-free-bets-south-africa-2026.html,/blog/best-betting-bonuses-south-africa-2026.html,best betting bonuses guide
blog/how-to-use-free-bets-south-africa-2026.html,/each-way-calculator.html,each-way calculator
blog/how-to-use-free-bets-south-africa-2026.html,/blog/matched-betting-guide-south-africa-2026.html,matched betting guide
blog/how-to-use-free-bets-south-africa-2026.html,/free-bet-calculator.html,free bet calculator
blog/how-to-use-free-bets-south-africa-2026.html,/betting-calculator.html,betting calculator
blog/how-to-use-free-bets-south-africa-2026.html,/blog/best-betting-bonuses-south-africa-2026.html,best bonuses guide
blog/how-to-use-free-bets-south-africa-2026.html,/free-bet-calculator.html,free bet calculator
blog/how-to-use-free-bets-south-africa-2026.html,/blog/5-common-betting-mistakes-south-africa-2026.html,5 Common Betting Mistakes South African Punters Make (And How to Avoid Them)
blog/how-to-use-free-bets-south-africa-2026.html,/blog/aviator-betting-sites-south-africa-2026.html,Aviator Betting Sites South Africa 2026 — Best Apps & Strategy
blog/how-to-use-free-bets-south-africa-2026.html,/blog/best-betting-sites-beginners-south-africa-2026.html,Best Betting Sites for Beginners in South Africa 2026 — Start Here
blog/how-to-use-free-bets-south-africa-2026.html,/blog/category-betting-guides-strategy.html,Betting Guides &amp; Strategy
blog/how-to-use-free-bets-south-africa-2026.html,/blog/,← Back to Blog
blog/how-to-use-free-bets-south-africa-2026.html,/about.html,About
blog/how-to-use-free-bets-south-africa-2026.html,/editorial-policy.html,Editorial Policy
blog/how-to-use-free-bets-south-africa-2026.html,/responsible-gambling.html,Responsible Gambling
blog/how-to-use-free-bets-south-africa-2026.html,/privacy.html,Privacy
blog/how-to-use-free-bets-south-africa-2026.html,/contact.html,Contact
blog/how-to-use-free-bets-south-africa-2026.html,/blog/,Blog
blog/how-to-use-free-bets-south-africa-2026.html,/blog/category-bookmaker-comparisons.html,Bookmaker Comparisons
blog/how-to-withdraw-betting-sites-south-africa-2026.html,/,BetSorted
blog/how-to-withdraw-betting-sites-south-africa-2026.html,/#comparison,Compare
blog/how-to-withdraw-betting-sites-south-africa-2026.html,/bookmakers/,Bookmakers
blog/how-to-withdraw-betting-sites-south-africa-2026.html,/glossary.html,Glossary
blog/how-to-withdraw-betting-sites-south-africa-2026.html,/calculators.html,Calculators
blog/how-to-withdraw-betting-sites-south-africa-2026.html,/blog/,Blog
blog/how-to-withdraw-betting-sites-south-africa-2026.html,/psl-match-centre.html,⚽ PSL Live
blog/how-to-withdraw-betting-sites-south-africa-2026.html,/prediction-markets.html,💰 Smart Money
blog/how-to-withdraw-betting-sites-south-africa-2026.html,/,Home
blog/how-to-withdraw-betting-sites-south-africa-2026.html,/blog/,Blog
blog/how-to-withdraw-betting-sites-south-africa-2026.html,/blog/,← Back to Blog
blog/how-to-withdraw-betting-sites-south-africa-2026.html,/betting-calculator.html,betting calculator
blog/how-to-withdraw-betting-sites-south-africa-2026.html,/blog/eft-betting-payments-south-africa.html,EFT banking system
blog/how-to-withdraw-betting-sites-south-africa-2026.html,/blog/instant-eft-betting-payments-south-africa.html,Instant EFT
blog/how-to-withdraw-betting-sites-south-africa-2026.html,/blog/ozow-betting-payments-south-africa.html,Ozow
blog/how-to-withdraw-betting-sites-south-africa-2026.html,/blog/capitec-pay-betting-payments-south-africa.html,Capitec Pay
blog/how-to-withdraw-betting-sites-south-africa-2026.html,/blog/fnb-standard-bank-transfer-betting.html,direct bank transfer options
blog/how-to-withdraw-betting-sites-south-africa-2026.html,/blog/betway-review-south-africa-2026.html,Betway
blog/how-to-withdraw-betting-sites-south-africa-2026.html,/blog/hollywoodbets-review-south-africa-2026.html,Hollywoodbets
blog/how-to-withdraw-betting-sites-south-africa-2026.html,/blog/sportingbet-review-south-africa-2026.html,Sportingbet
blog/how-to-withdraw-betting-sites-south-africa-2026.html,/blog/supabets-review-south-africa-2026.html,Supabets
blog/how-to-withdraw-betting-sites-south-africa-2026.html,/blog/10bet-review-south-africa-2026.html,10bet
blog/how-to-withdraw-betting-sites-south-africa-2026.html,/blog/sunbet-review-south-africa-2026.html,Sunbet
blog/how-to-withdraw-betting-sites-south-africa-2026.html,/blog/easybet-review-south-africa-2026.html,Easybet
blog/how-to-withdraw-betting-sites-south-africa-2026.html,/blog/wsb-review-south-africa-2026.html,WSB
blog/how-to-withdraw-betting-sites-south-africa-2026.html,/blog/playabets-review-south-africa-2026.html,Playabets
blog/how-to-withdraw-betting-sites-south-africa-2026.html,/blog/betfred-review-south-africa-2026.html,Betfred
blog/how-to-withdraw-betting-sites-south-africa-2026.html,/blog/betway-review-south-africa-2026.html,Betway's
blog/how-to-withdraw-betting-sites-south-africa-2026.html,/go/hollywoodbets.html?subid=post-how-to-withdraw-betting-sites-south-africa-2026,Hollywoodbets
blog/how-to-withdraw-betting-sites-south-africa-2026.html,/blog/betway-review-south-africa-2026.html,Betway
blog/how-to-withdraw-betting-sites-south-africa-2026.html,/betting-calculator.html,betting calculator
blog/how-to-withdraw-betting-sites-south-africa-2026.html,/odds-comparison.html,odds comparison page
blog/how-to-withdraw-betting-sites-south-africa-2026.html,/blog/betting-tax-south-africa-2026.html,Betting Tax South Africa 2026: Are Your Winnings Taxed?
blog/how-to-withdraw-betting-sites-south-africa-2026.html,/blog/category-payments-fica.html,Payments &amp; FICA
blog/how-to-withdraw-betting-sites-south-africa-2026.html,/blog/fastest-paying-bookmakers-south-africa-may-2026.html,Fastest Paying Bookmakers in South Africa: May 2026 Withdrawal Guide
blog/how-to-withdraw-betting-sites-south-africa-2026.html,/blog/fica-verification-guide-south-africa-2026.html,How to FICA Verify Your Betting Account in South Africa (2026 Guide)
blog/how-to-withdraw-betting-sites-south-africa-2026.html,/blog/,← Back to Blog
blog/how-to-withdraw-betting-sites-south-africa-2026.html,/about.html,About
blog/how-to-withdraw-betting-sites-south-africa-2026.html,/editorial-policy.html,Editorial Policy
blog/how-to-withdraw-betting-sites-south-africa-2026.html,/responsible-gambling.html,Responsible Gambling
blog/how-to-withdraw-betting-sites-south-africa-2026.html,/privacy.html,Privacy
blog/how-to-withdraw-betting-sites-south-africa-2026.html,/contact.html,Contact
blog/how-to-withdraw-betting-sites-south-africa-2026.html,/blog/,Blog
blog/how-to-withdraw-betting-sites-south-africa-2026.html,/blog/category-bookmaker-comparisons.html,Bookmaker Comparisons
blog/index.html,/,BetSorted
blog/index.html,/#comparison,Compare
blog/index.html,/bookmakers/,Bookmakers
blog/index.html,/glossary.html,Glossary
blog/index.html,/calculators.html,Calculators
blog/index.html,/blog/,Blog
blog/index.html,/psl-match-centre.html,⚽ PSL Live
blog/index.html,/prediction-markets.html,💰 Smart Money
blog/index.html,/,Home
blog/index.html,/blog/category-bookmaker-comparisons.html,Bookmaker Comparisons
blog/index.html,/blog/category-bookmaker-reviews.html,Bookmaker Reviews
blog/index.html,/blog/category-psl.html,PSL
blog/index.html,/blog/category-rugby.html,Rugby
blog/index.html,/blog/category-cricket.html,Cricket
blog/index.html,/blog/category-world-cup.html,World Cup
blog/index.html,/blog/category-betting-guides-strategy.html,Betting Guides & Strategy
blog/index.html,/blog/category-payments-fica.html,Payments & FICA
blog/index.html,/blog/springboks-vs-new-zealand-johannesburg-betting-guide-september-2026.html,"Springboks vs New Zealand Betting Guide September 2026: Johannesburg Odds, Handicap and Best Bets"
blog/index.html,/blog/supabets-vs-supersportbet-south-africa-2026.html,SupaBets vs SuperSportBet South Africa 2026: Which Bookmaker Is Better?
blog/index.html,/blog/betway-vs-supersportbet-south-africa-2026.html,Betway vs SuperSportBet South Africa 2026: Which Bookmaker Is Better?
blog/index.html,/blog/hollywoodbets-vs-supersportbet-south-africa-2026.html,Hollywoodbets vs SuperSportBet South Africa 2026: Which Bookmaker Wins?
blog/index.html,/blog/weekend-betting-tips-psl-rugby-august-28-2026.html,"Weekend Betting Tips South Africa 2026: PSL, Springboks and Currie Cup Acca Guide"
blog/index.html,/blog/best-currie-cup-betting-sites-south-africa-2026.html,Best Currie Cup Betting Sites South Africa 2026
blog/index.html,/blog/supersportbet-review-south-africa-2026.html,SuperSportBet Review South Africa 2026
blog/index.html,/blog/best-cashback-loyalty-programs-sa-bookmakers-2026.html,Best Loyalty Programs and Cashback at SA Bookmakers 2026
blog/index.html,/blog/south-africa-welcome-bonus-guide-2026.html,"South Africa Welcome Bonus Guide 2026: Real Offers, Rollover Maths and Promo Traps"
blog/index.html,/blog/psl-weekend-fixtures-betting-tips-august-2026.html,PSL Weekend Fixtures Betting Tips 2026
blog/index.html,/blog/weekend-rugby-accumulator-strategy-currie-cup-2026.html,Weekend Rugby Accumulator Strategy 2026
blog/index.html,/blog/category-bookmaker-comparisons.html,View all Bookmaker Comparisons guides
blog/index.html,/blog/supabets-vs-supersportbet-south-africa-2026.html,SupaBets vs SuperSportBet South Africa 2026: Which Bookmaker Is Better?
blog/index.html,/blog/betway-vs-supersportbet-south-africa-2026.html,Betway vs SuperSportBet South Africa 2026: Which Bookmaker Is Better?
blog/index.html,/blog/hollywoodbets-vs-supersportbet-south-africa-2026.html,Hollywoodbets vs SuperSportBet South Africa 2026: Which Bookmaker Wins?
blog/index.html,/blog/hollywoodbets-vs-sportingbet-south-africa-2026.html,Hollywoodbets vs Sportingbet South Africa 2026: Which Bookmaker Is Better?
blog/index.html,/blog/best-betting-site-south-africa-2026.html,Best Betting Site South Africa 2026: Which Bookmaker Is Best?
blog/index.html,/blog/best-betway-alternatives-south-africa-june-2026.html,Best Betway Alternatives for South African Bettors (June 2026)
blog/index.html,/blog/betfred-vs-10bet-south-africa-2026.html,Betfred vs 10bet South Africa 2026: International Bookmaker Showdown
blog/index.html,/blog/gbets-vs-10bet-south-africa-2026.html,Gbets vs 10bet South Africa 2026 — Which Bookmaker Wins?
blog/index.html,/blog/gbets-vs-playabets-south-africa-2026.html,Gbets vs PlayaBets South Africa 2026 — Which SA Bookie Wins?
blog/index.html,/blog/gbets-vs-wsb-south-africa-2026.html,Gbets vs World Sports Betting (WSB) 2026: Which SA Bookmaker Wins?
blog/index.html,/blog/hollywoodbets-vs-playabets-psl-playoffs-2026.html,Hollywoodbets vs Playabets: Which is Better for PSL Playoffs 2026?
blog/index.html,/blog/category-betting-guides-strategy.html,View all Betting Guides & Strategy guides
blog/index.html,/blog/best-cashback-loyalty-programs-sa-bookmakers-2026.html,Best Loyalty Programs and Cashback at SA Bookmakers 2026
blog/index.html,/blog/south-africa-welcome-bonus-guide-2026.html,"South Africa Welcome Bonus Guide 2026: Real Offers, Rollover Maths and Promo Traps"
blog/index.html,/blog/category-bookmaker-reviews.html,View all Bookmaker Reviews guides
blog/index.html,/blog/supersportbet-review-south-africa-2026.html,"SuperSportBet Review South Africa 2026: App, PSL, Rugby and Payout Checks"
blog/index.html,/blog/betmaster-review-south-africa-2026.html,Betmaster Review South Africa 2026 — Is It Worth Signing Up?
blog/index.html,/blog/lottostar-review-south-africa-2026.html,"LottoStar Review South Africa (2026): Lucky Numbers, Virtual Games & Sports Betting"
blog/index.html,/blog/new-betting-sites-south-africa-april-2026.html,New Betting Sites South Africa April 2026 — Latest Bookmakers Reviewed
blog/index.html,/blog/yesplay-review-south-africa-2026.html,"YesPlay Review South Africa (2026): Sports, Casino & Lucky Numbers"
blog/index.html,/blog/betolimp-review-south-africa-2026.html,"BetOlimp Review South Africa 2026: Soccer, Live Betting, Bet Boosts and Payout Checks"
blog/index.html,/blog/gbets-review-south-africa-2026.html,Gbets Review South Africa 2026 — Full Sportsbook & Casino Breakdown
blog/index.html,/blog/category-psl.html,View all PSL guides
blog/index.html,/blog/weekend-betting-tips-psl-currie-cup-august-14-2026.html,Weekend Betting Tips PSL and Currie Cup 2026
blog/index.html,/blog/mtn8-semi-final-betting-guide-south-africa-2026.html,MTN8 Semi Final Betting Guide South Africa 2026
blog/index.html,/blog/mtn8-quarter-finals-betting-guide-august-2026.html,MTN8 Quarter-Finals Betting Guide August 2026
blog/index.html,/blog/psl-newly-promoted-clubs-betting-guide-2026-27.html,PSL Newly Promoted Clubs Betting Guide 2026/27
blog/index.html,/blog/betway-premiership-2026-27-opening-weekend-betting-guide.html,Betway Premiership 2026/27 Opening Weekend Betting Guide
blog/index.html,/blog/mtn8-betting-guide-south-africa-2026.html,MTN8 Betting Guide South Africa 2026: How to Bet PSL Cup Football Without Guessing
blog/index.html,/blog/category-rugby.html,View all Rugby guides
blog/index.html,/blog/springboks-vs-new-zealand-johannesburg-betting-guide-september-2026.html,"Springboks vs New Zealand Betting Guide September 2026: Johannesburg Odds, Handicap and Best Bets"
blog/index.html,/blog/best-currie-cup-betting-sites-south-africa-2026.html,Best Currie Cup Betting Sites South Africa 2026
blog/index.html,/blog/weekend-betting-tips-currie-cup-psl-august-21-2026.html,Weekend Betting Tips South Africa 2026: Currie Cup and PSL Acca Guide
blog/index.html,/blog/how-to-bet-on-currie-cup-south-africa-2026.html,How to Bet on Currie Cup Matches in South Africa (2026 Guide)
blog/index.html,/blog/currie-cup-betting-odds-south-africa-2026.html,Currie Cup Betting Odds South Africa 2026
blog/index.html,/blog/springboks-vs-argentina-august-2026-betting-guide.html,Springboks vs Argentina August 2026 Betting Guide
blog/index.html,/blog/how-to-bet-nations-championship-2026.html,How to Bet on the Nations Championship 2026 — Your Springboks Betting Guide
blog/index.html,/blog/urc-playoffs-betting-guide.html,URC Playoffs Betting Guide for South Africans | BetSorted
blog/index.html,/blog/springboks-july-tests-2026-betting-calculator-guide.html,Springboks July Tests 2026: Betting Calculator Guide for South Africans
blog/index.html,/blog/rugby-handicap-calculator-south-africa-2026.html,Rugby Handicap Calculator Guide for South African Punters
blog/index.html,/blog/category-cricket.html,View all Cricket guides
blog/index.html,/blog/best-cricket-betting-sites-south-africa-2026.html,Best Betting Sites for Cricket in South Africa (2026)
blog/index.html,/blog/how-to-bet-on-t20-cricket-march-2026-series.html,How to Bet on T20 Cricket: South Africa's March 2026 Series Guide
blog/index.html,/blog/ipl-betting-guide-south-africa.html,IPL Betting Guide for South Africans | BetSorted
blog/index.html,/blog/how-to-bet-on-ipl-2026-south-africa.html,How to Bet on the IPL 2026 from South Africa — Complete Guide
blog/index.html,/blog/cricket-betting-guide-south-africa-2026.html,"Cricket Betting Guide South Africa 2026: Markets, Tips &amp; Best Bookmakers | BetSorted"
blog/index.html,/blog/proteas-cricket-betting-guide-2026.html,Proteas Cricket Betting Guide 2026 — How to Bet on South Africa Cricket
blog/index.html,/blog/category-world-cup.html,View all World Cup guides
blog/index.html,/blog/world-cup-2026-betting-lessons-south-africa.html,World Cup 2026 Betting Lessons for South Africans
blog/index.html,/blog/bafana-world-cup-betting-guide.html,Bafana World Cup Betting Guide for South Africans | BetSorted
blog/index.html,/blog/world-cup-2026-group-stage-results-sa-betting-guide.html,"World Cup 2026 Group Stage: SA Bettors' Complete Guide to Odds, Markets & Bookmakers"
blog/index.html,/blog/fifa-world-cup-2026-betting-guide-south-africa.html,FIFA World Cup 2026 Betting Guide: Everything SA Punters Need to Know
blog/index.html,/blog/proteas-womens-t20-world-cup-betting-guide-2026.html,Proteas Women T20 World Cup Betting Guide 2026
blog/index.html,/blog/same-game-multi-psl-bafana-rugby-guide-2026.html,"Same Game Multi Guide for PSL, Bafana and Rugby 2026"
blog/index.html,/blog/category-betting-guides-strategy.html,View all Betting Guides & Strategy guides
blog/index.html,/blog/weekend-betting-tips-currie-cup-psl-august-21-2026.html,Weekend Betting Tips South Africa 2026: Currie Cup and PSL Acca Guide
blog/index.html,/blog/crypto-casino-rewards-south-africa-2026.html,"Crypto Casino Rewards South Africa 2026: Legal Status, Rakeback & ZAR On-Ramp"
blog/index.html,/blog/both-teams-to-score-betting-south-africa-2026.html,Both Teams to Score Betting South Africa 2026: PSL BTTS Guide
blog/index.html,/blog/draw-no-bet-south-africa-2026.html,Draw No Bet South Africa 2026: Safer PSL Betting Guide
blog/index.html,/blog/licensed-vs-illegal-betting-sites-south-africa-2026.html,Licensed vs Illegal Betting Sites in South Africa 2026
blog/index.html,/blog/5-common-betting-mistakes-south-africa-2026.html,5 Common Betting Mistakes South African Punters Make (And How to Avoid Them)
blog/index.html,/blog/aviator-betting-sites-south-africa-2026.html,Aviator Betting Sites South Africa 2026 — Best Apps & Strategy
blog/index.html,/blog/category-payments-fica.html,View all Payments & FICA guides
blog/index.html,/blog/payshap-betting-deposits-withdrawals-south-africa-2026.html,PayShap Betting Deposits and Withdrawals South Africa 2026
blog/index.html,/blog/betting-tax-south-africa-2026.html,Betting Tax South Africa 2026: Are Your Winnings Taxed?
blog/index.html,/blog/fastest-paying-bookmakers-south-africa-may-2026.html,Fastest Paying Bookmakers in South Africa: May 2026 Withdrawal Guide
blog/index.html,/blog/fica-verification-guide-south-africa-2026.html,How to FICA Verify Your Betting Account in South Africa (2026 Guide)
blog/index.html,/blog/withdrawal-times-south-africa-bookmakers-2026.html,Bookmaker Withdrawal Times South Africa 2026 — How Long Does It Really Take?
blog/index.html,/blog/how-to-withdraw-betting-sites-south-africa-2026.html,How to Withdraw from Betting Sites in South Africa 2026
blog/index.html,/about.html,About
blog/index.html,/editorial-policy.html,Editorial Policy
blog/index.html,/responsible-gambling.html,Responsible Gambling
blog/index.html,/privacy.html,Privacy
blog/index.html,/contact.html,Contact
blog/index.html,/blog/,Blog
blog/index.html,/blog/category-bookmaker-comparisons.html,Bookmaker Comparisons
blog/index.html,/glossary.html,Glossary
blog/instant-eft-betting-payments-south-africa.html,/,BetSorted
blog/instant-eft-betting-payments-south-africa.html,/#comparison,Compare
blog/instant-eft-betting-payments-south-africa.html,/bookmakers/,Bookmakers
blog/instant-eft-betting-payments-south-africa.html,/glossary.html,Glossary
blog/instant-eft-betting-payments-south-africa.html,/calculators.html,Calculators
blog/instant-eft-betting-payments-south-africa.html,/blog/,Blog
blog/instant-eft-betting-payments-south-africa.html,/psl-match-centre.html,⚽ PSL Live
blog/instant-eft-betting-payments-south-africa.html,/prediction-markets.html,💰 Smart Money
blog/instant-eft-betting-payments-south-africa.html,/,Home
blog/instant-eft-betting-payments-south-africa.html,/blog/,Blog
blog/instant-eft-betting-payments-south-africa.html,/blog/,← Back to Blog
blog/instant-eft-betting-payments-south-africa.html,/withdrawal-speed-comparison.html,withdrawal speed comparison
blog/instant-eft-betting-payments-south-africa.html,/odds-comparison.html,odds comparison page
blog/instant-eft-betting-payments-south-africa.html,/blog/instant-eft-betting-payments-south-africa.html,Instant EFT
blog/instant-eft-betting-payments-south-africa.html,/blog/ozow-betting-payments-south-africa.html,Ozow
blog/instant-eft-betting-payments-south-africa.html,/betting-calculator.html,betting calculator
blog/instant-eft-betting-payments-south-africa.html,/blog/ozow-betting-payments-south-africa.html,Ozow
blog/instant-eft-betting-payments-south-africa.html,/blog/capitec-pay-betting-payments-south-africa.html,Capitec Pay
blog/instant-eft-betting-payments-south-africa.html,/blog/fastest-paying-bookmakers-south-africa-2026.html,fastest paying bookmakers in South Africa
blog/instant-eft-betting-payments-south-africa.html,/blog/best-psl-betting-site-2026.html,best PSL betting sites
blog/instant-eft-betting-payments-south-africa.html,/accumulator-calculator.html,accumulator calculator
blog/instant-eft-betting-payments-south-africa.html,/betting-calculator.html,betting calculator
blog/instant-eft-betting-payments-south-africa.html,/blog/betting-tax-south-africa-2026.html,Betting Tax South Africa 2026: Are Your Winnings Taxed?
blog/instant-eft-betting-payments-south-africa.html,/blog/category-payments-fica.html,Payments &amp; FICA
blog/instant-eft-betting-payments-south-africa.html,/blog/fastest-paying-bookmakers-south-africa-may-2026.html,Fastest Paying Bookmakers in South Africa: May 2026 Withdrawal Guide
blog/instant-eft-betting-payments-south-africa.html,/blog/fica-verification-guide-south-africa-2026.html,How to FICA Verify Your Betting Account in South Africa (2026 Guide)
blog/instant-eft-betting-payments-south-africa.html,/blog/,← Back to Blog
blog/instant-eft-betting-payments-south-africa.html,/about.html,About
blog/instant-eft-betting-payments-south-africa.html,/editorial-policy.html,Editorial Policy
blog/instant-eft-betting-payments-south-africa.html,/responsible-gambling.html,Responsible Gambling
blog/instant-eft-betting-payments-south-africa.html,/privacy.html,Privacy
blog/instant-eft-betting-payments-south-africa.html,/contact.html,Contact
blog/instant-eft-betting-payments-south-africa.html,/blog/,Blog
blog/instant-eft-betting-payments-south-africa.html,/blog/category-bookmaker-comparisons.html,Bookmaker Comparisons
blog/ipl-2026-cricket-betting-guide-south-africa.html,/,BetSorted
blog/ipl-2026-cricket-betting-guide-south-africa.html,/#comparison,Compare
blog/ipl-2026-cricket-betting-guide-south-africa.html,/bookmakers/,Bookmakers
blog/ipl-2026-cricket-betting-guide-south-africa.html,/glossary.html,Glossary
blog/ipl-2026-cricket-betting-guide-south-africa.html,/calculators.html,Calculators
blog/ipl-2026-cricket-betting-guide-south-africa.html,/blog/,Blog
blog/ipl-2026-cricket-betting-guide-south-africa.html,/psl-match-centre.html,⚽ PSL Live
blog/ipl-2026-cricket-betting-guide-south-africa.html,/prediction-markets.html,💰 Smart Money
blog/ipl-2026-cricket-betting-guide-south-africa.html,/blog/ipl-betting-guide-south-africa.html,Click here
blog/ipl-2026-opening-weekend-betting-guide-south-africa.html,/,BetSorted
blog/ipl-2026-opening-weekend-betting-guide-south-africa.html,/#comparison,Compare
blog/ipl-2026-opening-weekend-betting-guide-south-africa.html,/bookmakers/,Bookmakers
blog/ipl-2026-opening-weekend-betting-guide-south-africa.html,/glossary.html,Glossary
blog/ipl-2026-opening-weekend-betting-guide-south-africa.html,/calculators.html,Calculators
blog/ipl-2026-opening-weekend-betting-guide-south-africa.html,/blog/,Blog
blog/ipl-2026-opening-weekend-betting-guide-south-africa.html,/psl-match-centre.html,⚽ PSL Live
blog/ipl-2026-opening-weekend-betting-guide-south-africa.html,/prediction-markets.html,💰 Smart Money
blog/ipl-2026-opening-weekend-betting-guide-south-africa.html,/blog/ipl-betting-guide-south-africa.html,Click here
blog/ipl-2026-week-1-daily-betting-tips-south-africa.html,/,BetSorted
blog/ipl-2026-week-1-daily-betting-tips-south-africa.html,/#comparison,Compare
blog/ipl-2026-week-1-daily-betting-tips-south-africa.html,/bookmakers/,Bookmakers
blog/ipl-2026-week-1-daily-betting-tips-south-africa.html,/glossary.html,Glossary
blog/ipl-2026-week-1-daily-betting-tips-south-africa.html,/calculators.html,Calculators
blog/ipl-2026-week-1-daily-betting-tips-south-africa.html,/blog/,Blog
blog/ipl-2026-week-1-daily-betting-tips-south-africa.html,/psl-match-centre.html,⚽ PSL Live
blog/ipl-2026-week-1-daily-betting-tips-south-africa.html,/prediction-markets.html,💰 Smart Money
blog/ipl-2026-week-1-daily-betting-tips-south-africa.html,/blog/ipl-betting-guide-south-africa.html,Click here
blog/ipl-2026-week-2-betting-predictions-south-africa.html,/,BetSorted
blog/ipl-2026-week-2-betting-predictions-south-africa.html,/#comparison,Compare
blog/ipl-2026-week-2-betting-predictions-south-africa.html,/bookmakers/,Bookmakers
blog/ipl-2026-week-2-betting-predictions-south-africa.html,/glossary.html,Glossary
blog/ipl-2026-week-2-betting-predictions-south-africa.html,/calculators.html,Calculators
blog/ipl-2026-week-2-betting-predictions-south-africa.html,/blog/,Blog
blog/ipl-2026-week-2-betting-predictions-south-africa.html,/psl-match-centre.html,⚽ PSL Live
blog/ipl-2026-week-2-betting-predictions-south-africa.html,/prediction-markets.html,💰 Smart Money
blog/ipl-2026-week-2-betting-predictions-south-africa.html,/blog/ipl-betting-guide-south-africa.html,Click here
blog/ipl-2026-week-3-april-betting-guide-south-africa.html,/,BetSorted
blog/ipl-2026-week-3-april-betting-guide-south-africa.html,/#comparison,Compare
blog/ipl-2026-week-3-april-betting-guide-south-africa.html,/bookmakers/,Bookmakers
blog/ipl-2026-week-3-april-betting-guide-south-africa.html,/glossary.html,Glossary
blog/ipl-2026-week-3-april-betting-guide-south-africa.html,/calculators.html,Calculators
blog/ipl-2026-week-3-april-betting-guide-south-africa.html,/blog/,Blog
blog/ipl-2026-week-3-april-betting-guide-south-africa.html,/psl-match-centre.html,⚽ PSL Live
blog/ipl-2026-week-3-april-betting-guide-south-africa.html,/prediction-markets.html,💰 Smart Money
blog/ipl-2026-week-3-april-betting-guide-south-africa.html,/blog/ipl-betting-guide-south-africa.html,Click here
blog/ipl-betting-guide-south-africa.html,/,BetSorted
blog/ipl-betting-guide-south-africa.html,/#comparison,Compare
blog/ipl-betting-guide-south-africa.html,/bookmakers/,Bookmakers
blog/ipl-betting-guide-south-africa.html,/glossary.html,Glossary
blog/ipl-betting-guide-south-africa.html,/calculators.html,Calculators
blog/ipl-betting-guide-south-africa.html,/blog/,Blog
blog/ipl-betting-guide-south-africa.html,/psl-match-centre.html,⚽ PSL Live
blog/ipl-betting-guide-south-africa.html,/prediction-markets.html,💰 Smart Money
blog/ipl-betting-guide-south-africa.html,/,Home
blog/ipl-betting-guide-south-africa.html,/blog/,Blog
blog/ipl-betting-guide-south-africa.html,/blog/,← Back to Blog
blog/ipl-betting-guide-south-africa.html,/blog/best-cricket-betting-sites-south-africa-2026.html,betting on the IPL from South Africa
blog/ipl-betting-guide-south-africa.html,/blog/betway-review-south-africa-2026.html,Betway
blog/ipl-betting-guide-south-africa.html,/blog/hollywoodbets-review-south-africa-2026.html,Hollywoodbets
blog/ipl-betting-guide-south-africa.html,/calculators.html,odds calculator
blog/ipl-betting-guide-south-africa.html,/blog/live-betting-guide-south-africa-2026.html,live betting platform
blog/ipl-betting-guide-south-africa.html,/blog/betway-review-south-africa-2026.html,Betway
blog/ipl-betting-guide-south-africa.html,/blog/hollywoodbets-review-south-africa-2026.html,Hollywoodbets
blog/ipl-betting-guide-south-africa.html,/calculators.html,BetSorted odds calculator
blog/ipl-betting-guide-south-africa.html,/blog/best-cricket-betting-sites-south-africa-2026.html,best cricket betting sites
blog/ipl-betting-guide-south-africa.html,/calculators.html,calculators
blog/ipl-betting-guide-south-africa.html,/responsible-gambling.html,responsible gambling
blog/ipl-betting-guide-south-africa.html,/blog/betway-review-south-africa-2026.html,Betway
blog/ipl-betting-guide-south-africa.html,/blog/hollywoodbets-review-south-africa-2026.html,Hollywoodbets
blog/ipl-betting-guide-south-africa.html,/blog/ipl-betting-guide-south-africa.html,Opening Weekend Betting Guide
blog/ipl-betting-guide-south-africa.html,/about.html,About
blog/ipl-betting-guide-south-africa.html,/editorial-policy.html,Editorial Policy
blog/ipl-betting-guide-south-africa.html,/responsible-gambling.html,Responsible Gambling
blog/ipl-betting-guide-south-africa.html,/blog/,Blog
blog/is-online-betting-legal-south-africa-2026.html,/,BetSorted
blog/is-online-betting-legal-south-africa-2026.html,/#comparison,Compare
blog/is-online-betting-legal-south-africa-2026.html,/bookmakers/,Bookmakers
blog/is-online-betting-legal-south-africa-2026.html,/glossary.html,Glossary
blog/is-online-betting-legal-south-africa-2026.html,/calculators.html,Calculators
blog/is-online-betting-legal-south-africa-2026.html,/blog/,Blog
blog/is-online-betting-legal-south-africa-2026.html,/psl-match-centre.html,⚽ PSL Live
blog/is-online-betting-legal-south-africa-2026.html,/prediction-markets.html,💰 Smart Money
blog/is-online-betting-legal-south-africa-2026.html,/,Home
blog/is-online-betting-legal-south-africa-2026.html,/blog/,Blog
blog/is-online-betting-legal-south-africa-2026.html,/,Home
blog/is-online-betting-legal-south-africa-2026.html,/blog/,Blog
blog/is-online-betting-legal-south-africa-2026.html,/bookmakers/,bookmaker review on BetSorted
blog/is-online-betting-legal-south-africa-2026.html,/bookmakers/,bookmaker reviews
blog/is-online-betting-legal-south-africa-2026.html,/bookmakers/,licensed bookmakers we review on BetSorted
blog/is-online-betting-legal-south-africa-2026.html,/blog/5-common-betting-mistakes-south-africa-2026.html,5 Common Betting Mistakes South African Punters Make (And How to Avoid Them)
blog/is-online-betting-legal-south-africa-2026.html,/blog/aviator-betting-sites-south-africa-2026.html,Aviator Betting Sites South Africa 2026 — Best Apps & Strategy
blog/is-online-betting-legal-south-africa-2026.html,/blog/best-betting-sites-beginners-south-africa-2026.html,Best Betting Sites for Beginners in South Africa 2026 — Start Here
blog/is-online-betting-legal-south-africa-2026.html,/blog/category-betting-guides-strategy.html,Betting Guides &amp; Strategy
blog/is-online-betting-legal-south-africa-2026.html,/about.html,About
blog/is-online-betting-legal-south-africa-2026.html,/editorial-policy.html,Editorial Policy
blog/is-online-betting-legal-south-africa-2026.html,/responsible-gambling.html,Responsible Gambling
blog/is-online-betting-legal-south-africa-2026.html,/privacy.html,Privacy
blog/is-online-betting-legal-south-africa-2026.html,/contact.html,Contact
blog/is-online-betting-legal-south-africa-2026.html,/blog/,Blog
blog/is-online-betting-legal-south-africa-2026.html,/blog/category-bookmaker-comparisons.html,Bookmaker Comparisons
blog/is-online-betting-legal-south-africa-2026.html,/,Home
blog/is-online-betting-legal-south-africa-2026.html,/blog/,Blog
blog/is-online-betting-legal-south-africa-2026.html,/calculators.html,Calculators
blog/is-online-betting-legal-south-africa-2026.html,/about.html,About
blog/june-2026-rugby-cricket-psl-acca-calculator-guide.html,/,BetSorted
blog/june-2026-rugby-cricket-psl-acca-calculator-guide.html,/#comparison,Compare
blog/june-2026-rugby-cricket-psl-acca-calculator-guide.html,/bookmakers/,Bookmakers
blog/june-2026-rugby-cricket-psl-acca-calculator-guide.html,/glossary.html,Glossary
blog/june-2026-rugby-cricket-psl-acca-calculator-guide.html,/calculators.html,Calculators
blog/june-2026-rugby-cricket-psl-acca-calculator-guide.html,/blog/,Blog
blog/june-2026-rugby-cricket-psl-acca-calculator-guide.html,/psl-match-centre.html,⚽ PSL Live
blog/june-2026-rugby-cricket-psl-acca-calculator-guide.html,/prediction-markets.html,💰 Smart Money
blog/june-2026-rugby-cricket-psl-acca-calculator-guide.html,/blog/psl-title-race-betting-guide.html,Click here
blog/kaizer-chiefs-betting-guide-2026.html,/,BetSorted
blog/kaizer-chiefs-betting-guide-2026.html,/#comparison,Compare
blog/kaizer-chiefs-betting-guide-2026.html,/bookmakers/,Bookmakers
blog/kaizer-chiefs-betting-guide-2026.html,/glossary.html,Glossary
blog/kaizer-chiefs-betting-guide-2026.html,/calculators.html,Calculators
blog/kaizer-chiefs-betting-guide-2026.html,/blog/,Blog
blog/kaizer-chiefs-betting-guide-2026.html,/psl-match-centre.html,⚽ PSL Live
blog/kaizer-chiefs-betting-guide-2026.html,/prediction-markets.html,💰 Smart Money
blog/kaizer-chiefs-betting-guide-2026.html,/,Home
blog/kaizer-chiefs-betting-guide-2026.html,/blog/,Blog
blog/kaizer-chiefs-betting-guide-2026.html,/blog/,← Back to Blog
blog/kaizer-chiefs-betting-guide-2026.html,/odds-comparison.html,odds comparison page
blog/kaizer-chiefs-betting-guide-2026.html,/accumulator-calculator.html,accumulator calculator
blog/kaizer-chiefs-betting-guide-2026.html,/odds-comparison.html,odds comparison tool
blog/kaizer-chiefs-betting-guide-2026.html,/betting-calculator.html,betting calculator
blog/kaizer-chiefs-betting-guide-2026.html,/accumulator-calculator.html,accumulator calculator
blog/kaizer-chiefs-betting-guide-2026.html,/blog/best-psl-betting-site-2026.html,best PSL betting sites
blog/kaizer-chiefs-betting-guide-2026.html,/blog/supabets-review-south-africa-2026.html,Supabets
blog/kaizer-chiefs-betting-guide-2026.html,/blog/hollywoodbets-review-south-africa-2026.html,Hollywoodbets
blog/kaizer-chiefs-betting-guide-2026.html,/blog/betway-review-south-africa-2026.html,Betway
blog/kaizer-chiefs-betting-guide-2026.html,/accumulator-calculator.html,accumulator calculator
blog/kaizer-chiefs-betting-guide-2026.html,/blog/eft-betting-payments-south-africa.html,EFT
blog/kaizer-chiefs-betting-guide-2026.html,/blog/instant-eft-betting-payments-south-africa.html,Instant EFT
blog/kaizer-chiefs-betting-guide-2026.html,/blog/mtn8-betting-guide-south-africa-2026.html,MTN8 Betting Guide South Africa 2026: How to Bet PSL Cup Football Without Guessing
blog/kaizer-chiefs-betting-guide-2026.html,/blog/nedbank-cup-betting-guide.html,Nedbank Cup Betting Guide for South Africans | BetSorted
blog/kaizer-chiefs-betting-guide-2026.html,/blog/category-psl.html,PSL
blog/kaizer-chiefs-betting-guide-2026.html,/blog/psl-playoffs-2026-betting-guide.html,"PSL Playoffs 2026 Betting Guide — Top 8 Odds, Predictions &amp; Best Bookmakers"
blog/kaizer-chiefs-betting-guide-2026.html,/blog/,← Back to Blog
blog/kaizer-chiefs-betting-guide-2026.html,/about.html,About
blog/kaizer-chiefs-betting-guide-2026.html,/editorial-policy.html,Editorial Policy
blog/kaizer-chiefs-betting-guide-2026.html,/responsible-gambling.html,Responsible Gambling
blog/kaizer-chiefs-betting-guide-2026.html,/privacy.html,Privacy
blog/kaizer-chiefs-betting-guide-2026.html,/contact.html,Contact
blog/kaizer-chiefs-betting-guide-2026.html,/blog/,Blog
blog/kaizer-chiefs-betting-guide-2026.html,/blog/category-bookmaker-comparisons.html,Bookmaker Comparisons
blog/licensed-vs-illegal-betting-sites-south-africa-2026.html,/,BetSorted
blog/licensed-vs-illegal-betting-sites-south-africa-2026.html,/#comparison,Compare
blog/licensed-vs-illegal-betting-sites-south-africa-2026.html,/bookmakers/,Bookmakers
blog/licensed-vs-illegal-betting-sites-south-africa-2026.html,/glossary.html,Glossary
blog/licensed-vs-illegal-betting-sites-south-africa-2026.html,/calculators.html,Calculators
blog/licensed-vs-illegal-betting-sites-south-africa-2026.html,/blog/,Blog
blog/licensed-vs-illegal-betting-sites-south-africa-2026.html,/psl-match-centre.html,⚽ PSL Live
blog/licensed-vs-illegal-betting-sites-south-africa-2026.html,/prediction-markets.html,💰 Smart Money
blog/licensed-vs-illegal-betting-sites-south-africa-2026.html,/,Home
blog/licensed-vs-illegal-betting-sites-south-africa-2026.html,/blog/,Blog
blog/licensed-vs-illegal-betting-sites-south-africa-2026.html,/bookmakers/,bookmaker review hub
blog/licensed-vs-illegal-betting-sites-south-africa-2026.html,/free-bet-calculator.html,free bet calculator
blog/licensed-vs-illegal-betting-sites-south-africa-2026.html,/odds-comparison.html,BetSorted's odds comparison
blog/licensed-vs-illegal-betting-sites-south-africa-2026.html,/bankroll-tracker.html,bankroll tracker
blog/licensed-vs-illegal-betting-sites-south-africa-2026.html,/accumulator-calculator.html,accumulator calculator
blog/licensed-vs-illegal-betting-sites-south-africa-2026.html,/blog/is-online-betting-legal-south-africa-2026.html,online betting legality guide
blog/licensed-vs-illegal-betting-sites-south-africa-2026.html,/bookmakers/,bookmaker directory
blog/licensed-vs-illegal-betting-sites-south-africa-2026.html,/bookmakers/,Browse bookmaker reviews
blog/licensed-vs-illegal-betting-sites-south-africa-2026.html,/calculators.html,Use BetSorted calculators
blog/licensed-vs-illegal-betting-sites-south-africa-2026.html,/blog/,Back to Blog
blog/licensed-vs-illegal-betting-sites-south-africa-2026.html,/blog/is-online-betting-legal-south-africa-2026.html,Related: Is Online Betting Legal in SA?
blog/lions-vs-sharks-urc-betting-guide-february-2026.html,/,BetSorted
blog/lions-vs-sharks-urc-betting-guide-february-2026.html,/#comparison,Compare
blog/lions-vs-sharks-urc-betting-guide-february-2026.html,/bookmakers/,Bookmakers
blog/lions-vs-sharks-urc-betting-guide-february-2026.html,/glossary.html,Glossary
blog/lions-vs-sharks-urc-betting-guide-february-2026.html,/calculators.html,Calculators
blog/lions-vs-sharks-urc-betting-guide-february-2026.html,/blog/,Blog
blog/lions-vs-sharks-urc-betting-guide-february-2026.html,/psl-match-centre.html,⚽ PSL Live
blog/lions-vs-sharks-urc-betting-guide-february-2026.html,/prediction-markets.html,💰 Smart Money
blog/lions-vs-sharks-urc-betting-guide-february-2026.html,/blog/urc-playoffs-betting-guide.html,Click here
blog/liv-golf-south-africa-2026-betting-guide.html,/,BetSorted
blog/liv-golf-south-africa-2026-betting-guide.html,/#comparison,Compare
blog/liv-golf-south-africa-2026-betting-guide.html,/bookmakers/,Bookmakers
blog/liv-golf-south-africa-2026-betting-guide.html,/glossary.html,Glossary
blog/liv-golf-south-africa-2026-betting-guide.html,/calculators.html,Calculators
blog/liv-golf-south-africa-2026-betting-guide.html,/blog/,Blog
blog/liv-golf-south-africa-2026-betting-guide.html,/psl-match-centre.html,⚽ PSL Live
blog/liv-golf-south-africa-2026-betting-guide.html,/prediction-markets.html,💰 Smart Money
blog/liv-golf-south-africa-2026-betting-guide.html,/,Home
blog/liv-golf-south-africa-2026-betting-guide.html,/blog/,Blog
blog/liv-golf-south-africa-2026-betting-guide.html,/blog/,← Back to Blog
blog/liv-golf-south-africa-2026-betting-guide.html,/blog/best-golf-betting-sites-south-africa-2026.html,best golf betting sites guide
blog/liv-golf-south-africa-2026-betting-guide.html,/betting-calculator.html,betting calculator
blog/liv-golf-south-africa-2026-betting-guide.html,/best-odds-finder.html,best odds finder
blog/liv-golf-south-africa-2026-betting-guide.html,/go/hollywoodbets.html?subid=post-liv-golf-south-africa-2026-betting-guide,Hollywoodbets
blog/liv-golf-south-africa-2026-betting-guide.html,/betting-calculator.html,betting calculator
blog/liv-golf-south-africa-2026-betting-guide.html,/accumulator-calculator.html,accumulator calculator
blog/liv-golf-south-africa-2026-betting-guide.html,/best-odds-finder.html,BetSorted's best odds finder
blog/liv-golf-south-africa-2026-betting-guide.html,/blog/best-golf-betting-sites-south-africa-2026.html,Best Golf Betting Sites SA
blog/liv-golf-south-africa-2026-betting-guide.html,/betting-calculator.html,Betting Calculator
blog/liv-golf-south-africa-2026-betting-guide.html,/best-odds-finder.html,Best Odds Finder
blog/liv-golf-south-africa-2026-betting-guide.html,/blog/best-betting-bonuses-south-africa-2026.html,Best Betting Bonuses
blog/liv-golf-south-africa-2026-betting-guide.html,/blog/5-common-betting-mistakes-south-africa-2026.html,5 Common Betting Mistakes South African Punters Make (And How to Avoid Them)
blog/liv-golf-south-africa-2026-betting-guide.html,/blog/aviator-betting-sites-south-africa-2026.html,Aviator Betting Sites South Africa 2026 — Best Apps & Strategy
blog/liv-golf-south-africa-2026-betting-guide.html,/blog/best-betting-sites-beginners-south-africa-2026.html,Best Betting Sites for Beginners in South Africa 2026 — Start Here
blog/liv-golf-south-africa-2026-betting-guide.html,/blog/category-betting-guides-strategy.html,Betting Guides &amp; Strategy
blog/liv-golf-south-africa-2026-betting-guide.html,/about.html,About
blog/liv-golf-south-africa-2026-betting-guide.html,/blog/,Blog
blog/liv-golf-south-africa-2026-betting-guide.html,/calculators.html,Calculators
blog/liv-golf-south-africa-2026-betting-guide.html,/about.html,About
blog/liv-golf-south-africa-2026-betting-guide.html,/editorial-policy.html,Editorial Policy
blog/liv-golf-south-africa-2026-betting-guide.html,/responsible-gambling.html,Responsible Gambling
blog/liv-golf-south-africa-2026-betting-guide.html,/privacy.html,Privacy
blog/liv-golf-south-africa-2026-betting-guide.html,/contact.html,Contact
blog/liv-golf-south-africa-2026-betting-guide.html,/blog/,Blog
blog/liv-golf-south-africa-2026-betting-guide.html,/blog/category-bookmaker-comparisons.html,Bookmaker Comparisons
blog/live-betting-guide-south-africa-2026.html,/,BetSorted
blog/live-betting-guide-south-africa-2026.html,/#comparison,Compare
blog/live-betting-guide-south-africa-2026.html,/bookmakers/,Bookmakers
blog/live-betting-guide-south-africa-2026.html,/glossary.html,Glossary
blog/live-betting-guide-south-africa-2026.html,/calculators.html,Calculators
blog/live-betting-guide-south-africa-2026.html,/blog/,Blog
blog/live-betting-guide-south-africa-2026.html,/psl-match-centre.html,⚽ PSL Live
blog/live-betting-guide-south-africa-2026.html,/prediction-markets.html,💰 Smart Money
blog/live-betting-guide-south-africa-2026.html,/,Home
blog/live-betting-guide-south-africa-2026.html,/blog/,Blog
blog/live-betting-guide-south-africa-2026.html,/blog/,← Back to Blog
blog/live-betting-guide-south-africa-2026.html,/betting-calculator.html,betting calculator
blog/live-betting-guide-south-africa-2026.html,/accumulator-calculator.html,accumulator calculator
blog/live-betting-guide-south-africa-2026.html,/odds-comparison.html,odds comparison tool
blog/live-betting-guide-south-africa-2026.html,/blog/betway-review-south-africa-2026.html,Betway review
blog/live-betting-guide-south-africa-2026.html,/blog/hollywoodbets-review-south-africa-2026.html,Hollywoodbets review
blog/live-betting-guide-south-africa-2026.html,/blog/betway-vs-hollywoodbets.html,Betway vs Hollywoodbets
blog/live-betting-guide-south-africa-2026.html,/betting-calculator.html,betting calculator
blog/live-betting-guide-south-africa-2026.html,/accumulator-calculator.html,accumulator calculator
blog/live-betting-guide-south-africa-2026.html,/accumulator-calculator.html,accumulator calculator
blog/live-betting-guide-south-africa-2026.html,/odds-comparison.html,odds comparison page
blog/live-betting-guide-south-africa-2026.html,/blog/betway-vs-hollywoodbets.html,Betway vs Hollywoodbets
blog/live-betting-guide-south-africa-2026.html,/betting-calculator.html,betting calculator
blog/live-betting-guide-south-africa-2026.html,/accumulator-calculator.html,accumulator calculator
blog/live-betting-guide-south-africa-2026.html,/odds-comparison.html,odds comparison page
blog/live-betting-guide-south-africa-2026.html,/blog/5-common-betting-mistakes-south-africa-2026.html,5 Common Betting Mistakes South African Punters Make (And How to Avoid Them)
blog/live-betting-guide-south-africa-2026.html,/blog/aviator-betting-sites-south-africa-2026.html,Aviator Betting Sites South Africa 2026 — Best Apps & Strategy
blog/live-betting-guide-south-africa-2026.html,/blog/best-betting-sites-beginners-south-africa-2026.html,Best Betting Sites for Beginners in South Africa 2026 — Start Here
blog/live-betting-guide-south-africa-2026.html,/blog/category-betting-guides-strategy.html,Betting Guides &amp; Strategy
blog/live-betting-guide-south-africa-2026.html,/blog/,← Back to Blog
blog/live-betting-guide-south-africa-2026.html,/about.html,About
blog/live-betting-guide-south-africa-2026.html,/editorial-policy.html,Editorial Policy
blog/live-betting-guide-south-africa-2026.html,/responsible-gambling.html,Responsible Gambling
blog/live-betting-guide-south-africa-2026.html,/privacy.html,Privacy
blog/live-betting-guide-south-africa-2026.html,/contact.html,Contact
blog/live-betting-guide-south-africa-2026.html,/blog/,Blog
blog/live-betting-guide-south-africa-2026.html,/blog/category-bookmaker-comparisons.html,Bookmaker Comparisons
blog/live-betting-strategy-springboks-england-june-2026.html,/,BetSorted
blog/live-betting-strategy-springboks-england-june-2026.html,/#comparison,Compare
blog/live-betting-strategy-springboks-england-june-2026.html,/bookmakers/,Bookmakers
blog/live-betting-strategy-springboks-england-june-2026.html,/glossary.html,Glossary
blog/live-betting-strategy-springboks-england-june-2026.html,/calculators.html,Calculators
blog/live-betting-strategy-springboks-england-june-2026.html,/blog/,Blog
blog/live-betting-strategy-springboks-england-june-2026.html,/psl-match-centre.html,⚽ PSL Live
blog/live-betting-strategy-springboks-england-june-2026.html,/prediction-markets.html,💰 Smart Money
blog/live-betting-strategy-springboks-england-june-2026.html,/blog/springboks-vs-england-betting-guide.html,Click here
blog/lottostar-review-south-africa-2026.html,/,BetSorted
blog/lottostar-review-south-africa-2026.html,/#comparison,Compare
blog/lottostar-review-south-africa-2026.html,/bookmakers/,Bookmakers
blog/lottostar-review-south-africa-2026.html,/glossary.html,Glossary
blog/lottostar-review-south-africa-2026.html,/calculators.html,Calculators
blog/lottostar-review-south-africa-2026.html,/blog/,Blog
blog/lottostar-review-south-africa-2026.html,/psl-match-centre.html,⚽ PSL Live
blog/lottostar-review-south-africa-2026.html,/prediction-markets.html,💰 Smart Money
blog/lottostar-review-south-africa-2026.html,/,Home
blog/lottostar-review-south-africa-2026.html,/blog/,Blog
blog/lottostar-review-south-africa-2026.html,/betting-calculator.html,betting calculator
blog/lottostar-review-south-africa-2026.html,/psl-betting-guide.html,PSL
blog/lottostar-review-south-africa-2026.html,/calculators.html,BetSorted Calculators
blog/lottostar-review-south-africa-2026.html,/blog/best-betting-sites-beginners-south-africa-2026.html,comparison page
blog/lottostar-review-south-africa-2026.html,/blog/betmaster-review-south-africa-2026.html,Betmaster Review South Africa 2026 — Is It Worth Signing Up?
blog/lottostar-review-south-africa-2026.html,/blog/category-bookmaker-reviews.html,Bookmaker Reviews
blog/lottostar-review-south-africa-2026.html,/blog/new-betting-sites-south-africa-april-2026.html,New Betting Sites South Africa April 2026 — Latest Bookmakers Reviewed
blog/lottostar-review-south-africa-2026.html,/blog/yesplay-review-south-africa-2026.html,"YesPlay Review South Africa (2026): Sports, Casino & Lucky Numbers"
blog/lottostar-review-south-africa-2026.html,/responsible-gambling.html,Responsible Gambling
blog/lottostar-review-south-africa-2026.html,/editorial-policy.html,Editorial Policy
blog/lottostar-review-south-africa-2026.html,/about.html,About
blog/lottostar-vs-betway-south-africa-2026.html,/,BetSorted
blog/lottostar-vs-betway-south-africa-2026.html,/#comparison,Compare
blog/lottostar-vs-betway-south-africa-2026.html,/bookmakers/,Bookmakers
blog/lottostar-vs-betway-south-africa-2026.html,/glossary.html,Glossary
blog/lottostar-vs-betway-south-africa-2026.html,/calculators.html,Calculators
blog/lottostar-vs-betway-south-africa-2026.html,/blog/,Blog
blog/lottostar-vs-betway-south-africa-2026.html,/psl-match-centre.html,⚽ PSL Live
blog/lottostar-vs-betway-south-africa-2026.html,/prediction-markets.html,💰 Smart Money
blog/lottostar-vs-betway-south-africa-2026.html,/,Home
blog/lottostar-vs-betway-south-africa-2026.html,/blog/,Blog
blog/lottostar-vs-betway-south-africa-2026.html,/value-bet-calculator.html,value bet calculator
blog/lottostar-vs-betway-south-africa-2026.html,/betting-calculator.html,betting calculator
blog/lottostar-vs-betway-south-africa-2026.html,/accumulator-calculator.html,accumulator calculator
blog/lottostar-vs-betway-south-africa-2026.html,/blog/best-live-betting-sites-south-africa-2026.html,live betting comparison
blog/lottostar-vs-betway-south-africa-2026.html,/blog/lottostar-review-south-africa-2026.html,LottoStar Review (2026)
blog/lottostar-vs-betway-south-africa-2026.html,/blog/betway-review-south-africa-2026.html,Betway Review (2026)
blog/lottostar-vs-betway-south-africa-2026.html,/blog/best-betting-sites-beginners-south-africa-2026.html,Best Betting Sites South Africa (2026)
blog/lottostar-vs-betway-south-africa-2026.html,/betting-calculator.html,betting calculator
blog/lottostar-vs-betway-south-africa-2026.html,/accumulator-calculator.html,accumulator calculator
blog/lottostar-vs-betway-south-africa-2026.html,/blog/best-betway-alternatives-south-africa-june-2026.html,Best Betway Alternatives for South African Bettors (June 2026)
blog/lottostar-vs-betway-south-africa-2026.html,/blog/betfred-vs-10bet-south-africa-2026.html,Betfred vs 10bet South Africa 2026: International Bookmaker Showdown
blog/lottostar-vs-betway-south-africa-2026.html,/blog/category-bookmaker-comparisons.html,Bookmaker Comparisons
blog/lottostar-vs-betway-south-africa-2026.html,/blog/gbets-vs-10bet-south-africa-2026.html,Gbets vs 10bet South Africa 2026 — Which Bookmaker Wins?
blog/lottostar-vs-betway-south-africa-2026.html,/about.html,About
blog/lottostar-vs-betway-south-africa-2026.html,/editorial-policy.html,Editorial Policy
blog/lottostar-vs-betway-south-africa-2026.html,/responsible-gambling.html,Responsible Gambling
blog/lottostar-vs-betway-south-africa-2026.html,/privacy.html,Privacy
blog/lottostar-vs-betway-south-africa-2026.html,/contact.html,Contact
blog/lottostar-vs-betway-south-africa-2026.html,/blog/,Blog
blog/lottostar-vs-betway-south-africa-2026.html,/blog/category-bookmaker-comparisons.html,Bookmaker Comparisons
blog/lottostar-vs-gbets-south-africa-2026.html,/,BetSorted
blog/lottostar-vs-gbets-south-africa-2026.html,/#comparison,Compare
blog/lottostar-vs-gbets-south-africa-2026.html,/bookmakers/,Bookmakers
blog/lottostar-vs-gbets-south-africa-2026.html,/glossary.html,Glossary
blog/lottostar-vs-gbets-south-africa-2026.html,/calculators.html,Calculators
blog/lottostar-vs-gbets-south-africa-2026.html,/blog/,Blog
blog/lottostar-vs-gbets-south-africa-2026.html,/psl-match-centre.html,⚽ PSL Live
blog/lottostar-vs-gbets-south-africa-2026.html,/prediction-markets.html,💰 Smart Money
blog/lottostar-vs-gbets-south-africa-2026.html,/,Home
blog/lottostar-vs-gbets-south-africa-2026.html,/blog/,Blog
blog/lottostar-vs-gbets-south-africa-2026.html,/blog/,← Back to Blog
blog/lottostar-vs-gbets-south-africa-2026.html,/betting-calculator.html,betting calculator
blog/lottostar-vs-gbets-south-africa-2026.html,/odds-comparison.html,odds comparison page
blog/lottostar-vs-gbets-south-africa-2026.html,/blog/best-bookmaker-lucky-numbers-south-africa-2026.html,best SA bookmakers for Lucky Numbers
blog/lottostar-vs-gbets-south-africa-2026.html,/blog/betway-review-south-africa-2026.html,Betway
blog/lottostar-vs-gbets-south-africa-2026.html,/blog/betway-review-south-africa-2026.html,Betway
blog/lottostar-vs-gbets-south-africa-2026.html,/blog/hollywoodbets-review-south-africa-2026.html,Hollywoodbets
blog/lottostar-vs-gbets-south-africa-2026.html,/blog/lottostar-review-south-africa-2026.html,Lottostar review
blog/lottostar-vs-gbets-south-africa-2026.html,/blog/gbets-review-south-africa-2026.html,GBets review
blog/lottostar-vs-gbets-south-africa-2026.html,/odds-comparison.html,odds comparison page
blog/lottostar-vs-gbets-south-africa-2026.html,/betting-calculator.html,betting calculator
blog/lottostar-vs-gbets-south-africa-2026.html,/blog/best-betway-alternatives-south-africa-june-2026.html,Best Betway Alternatives for South African Bettors (June 2026)
blog/lottostar-vs-gbets-south-africa-2026.html,/blog/betfred-vs-10bet-south-africa-2026.html,Betfred vs 10bet South Africa 2026: International Bookmaker Showdown
blog/lottostar-vs-gbets-south-africa-2026.html,/blog/category-bookmaker-comparisons.html,Bookmaker Comparisons
blog/lottostar-vs-gbets-south-africa-2026.html,/blog/gbets-vs-10bet-south-africa-2026.html,Gbets vs 10bet South Africa 2026 — Which Bookmaker Wins?
blog/lottostar-vs-gbets-south-africa-2026.html,/blog/,← Back to Blog
blog/lottostar-vs-gbets-south-africa-2026.html,/about.html,About
blog/lottostar-vs-gbets-south-africa-2026.html,/editorial-policy.html,Editorial Policy
blog/lottostar-vs-gbets-south-africa-2026.html,/responsible-gambling.html,Responsible Gambling
blog/lottostar-vs-gbets-south-africa-2026.html,/privacy.html,Privacy
blog/lottostar-vs-gbets-south-africa-2026.html,/contact.html,Contact
blog/lottostar-vs-gbets-south-africa-2026.html,/blog/,Blog
blog/lottostar-vs-gbets-south-africa-2026.html,/blog/category-bookmaker-comparisons.html,Bookmaker Comparisons
blog/lottostar-vs-hollywoodbets-south-africa-2026.html,/,BetSorted
blog/lottostar-vs-hollywoodbets-south-africa-2026.html,/#comparison,Compare
blog/lottostar-vs-hollywoodbets-south-africa-2026.html,/bookmakers/,Bookmakers
blog/lottostar-vs-hollywoodbets-south-africa-2026.html,/glossary.html,Glossary
blog/lottostar-vs-hollywoodbets-south-africa-2026.html,/calculators.html,Calculators
blog/lottostar-vs-hollywoodbets-south-africa-2026.html,/blog/,Blog
blog/lottostar-vs-hollywoodbets-south-africa-2026.html,/psl-match-centre.html,⚽ PSL Live
blog/lottostar-vs-hollywoodbets-south-africa-2026.html,/prediction-markets.html,💰 Smart Money
blog/lottostar-vs-hollywoodbets-south-africa-2026.html,/,Home
blog/lottostar-vs-hollywoodbets-south-africa-2026.html,/blog/,Blog
blog/lottostar-vs-hollywoodbets-south-africa-2026.html,/blog/lottostar-review-south-africa-2026.html,Lottostar
blog/lottostar-vs-hollywoodbets-south-africa-2026.html,/blog/hollywoodbets-review-south-africa-2026.html,Hollywoodbets
blog/lottostar-vs-hollywoodbets-south-africa-2026.html,/blog/best-bookmaker-lucky-numbers-south-africa-2026.html,Our Lucky Numbers bookmaker ranking
blog/lottostar-vs-hollywoodbets-south-africa-2026.html,/blog/lucky-numbers-betting-guide-south-africa-2026.html,Lucky Numbers betting guide
blog/lottostar-vs-hollywoodbets-south-africa-2026.html,/blog/betway-review-south-africa-2026.html,Betway
blog/lottostar-vs-hollywoodbets-south-africa-2026.html,/accumulator-calculator.html,accumulator calculator
blog/lottostar-vs-hollywoodbets-south-africa-2026.html,/betting-calculator.html,Use the BetSorted betting calculator
blog/lottostar-vs-hollywoodbets-south-africa-2026.html,/accumulator-calculator.html,accumulator calculator
blog/lottostar-vs-hollywoodbets-south-africa-2026.html,/blog/best-betway-alternatives-south-africa-june-2026.html,Best Betway Alternatives for South African Bettors (June 2026)
blog/lottostar-vs-hollywoodbets-south-africa-2026.html,/blog/betfred-vs-10bet-south-africa-2026.html,Betfred vs 10bet South Africa 2026: International Bookmaker Showdown
blog/lottostar-vs-hollywoodbets-south-africa-2026.html,/blog/category-bookmaker-comparisons.html,Bookmaker Comparisons
blog/lottostar-vs-hollywoodbets-south-africa-2026.html,/blog/gbets-vs-10bet-south-africa-2026.html,Gbets vs 10bet South Africa 2026 — Which Bookmaker Wins?
blog/lottostar-vs-hollywoodbets-south-africa-2026.html,/about.html,About
blog/lottostar-vs-hollywoodbets-south-africa-2026.html,/editorial-policy.html,Editorial Policy
blog/lottostar-vs-hollywoodbets-south-africa-2026.html,/responsible-gambling.html,Responsible Gambling
blog/lottostar-vs-hollywoodbets-south-africa-2026.html,/privacy.html,Privacy
blog/lottostar-vs-hollywoodbets-south-africa-2026.html,/contact.html,Contact
blog/lottostar-vs-hollywoodbets-south-africa-2026.html,/blog/,Blog
blog/lottostar-vs-hollywoodbets-south-africa-2026.html,/blog/category-bookmaker-comparisons.html,Bookmaker Comparisons
blog/lottostar-vs-hollywoodbets-south-africa-2026.html,/privacy.html,Privacy
blog/lottostar-vs-hollywoodbets-south-africa-2026.html,/terms.html,Terms
blog/lottostar-vs-supabets-south-africa-2026.html,/,BetSorted
blog/lottostar-vs-supabets-south-africa-2026.html,/#comparison,Compare
blog/lottostar-vs-supabets-south-africa-2026.html,/bookmakers/,Bookmakers
blog/lottostar-vs-supabets-south-africa-2026.html,/glossary.html,Glossary
blog/lottostar-vs-supabets-south-africa-2026.html,/calculators.html,Calculators
blog/lottostar-vs-supabets-south-africa-2026.html,/blog/,Blog
blog/lottostar-vs-supabets-south-africa-2026.html,/psl-match-centre.html,⚽ PSL Live
blog/lottostar-vs-supabets-south-africa-2026.html,/prediction-markets.html,💰 Smart Money
blog/lottostar-vs-supabets-south-africa-2026.html,/,Home
blog/lottostar-vs-supabets-south-africa-2026.html,/blog/,Blog
blog/lottostar-vs-supabets-south-africa-2026.html,/,Home
blog/lottostar-vs-supabets-south-africa-2026.html,/blog/,Blog
blog/lottostar-vs-supabets-south-africa-2026.html,/blog/supabets-review-south-africa-2026.html,Supabets
blog/lottostar-vs-supabets-south-africa-2026.html,/calculators.html,betting calculator
blog/lottostar-vs-supabets-south-africa-2026.html,/blog/psl-title-race-betting-guide.html,PSL title race
blog/lottostar-vs-supabets-south-africa-2026.html,/accumulator-calculator.html,accumulators
blog/lottostar-vs-supabets-south-africa-2026.html,/blog/best-betting-bonuses-south-africa-2026.html,complete bonus comparison guide
blog/lottostar-vs-supabets-south-africa-2026.html,/blog/how-to-withdraw-betting-sites-south-africa-2026.html,withdrawal guide
blog/lottostar-vs-supabets-south-africa-2026.html,/blog/data-free-betting-apps-south-africa-2026.html,data-free betting guide
blog/lottostar-vs-supabets-south-africa-2026.html,/odds-comparison.html,BetSorted's comparison tools
blog/lottostar-vs-supabets-south-africa-2026.html,/blog/supabets-review-south-africa-2026.html,Supabets
blog/lottostar-vs-supabets-south-africa-2026.html,/blog/betway-review-south-africa-2026.html,Betway
blog/lottostar-vs-supabets-south-africa-2026.html,/blog/how-to-withdraw-betting-sites-south-africa-2026.html,FICA verification
blog/lottostar-vs-supabets-south-africa-2026.html,/blog/data-free-betting-apps-south-africa-2026.html,data-free betting guide
blog/lottostar-vs-supabets-south-africa-2026.html,/blog/lottostar-vs-hollywoodbets-south-africa-2026.html,Lottostar vs Hollywoodbets 2026
blog/lottostar-vs-supabets-south-africa-2026.html,/blog/lottostar-review-south-africa-2026.html,Lottostar Review 2026
blog/lottostar-vs-supabets-south-africa-2026.html,/blog/supabets-review-south-africa-2026.html,Supabets Review 2026
blog/lottostar-vs-supabets-south-africa-2026.html,/blog/hollywoodbets-vs-supabets-2026.html,Hollywoodbets vs Supabets 2026
blog/lottostar-vs-supabets-south-africa-2026.html,/blog/best-bookmaker-lucky-numbers-south-africa-2026.html,Best Lucky Numbers Bookmaker 2026
blog/lottostar-vs-supabets-south-africa-2026.html,/,BetSorted
blog/lottostar-vs-supabets-south-africa-2026.html,/about.html,About
blog/lottostar-vs-supabets-south-africa-2026.html,/editorial-policy.html,Editorial Policy
blog/lottostar-vs-supabets-south-africa-2026.html,/responsible-gambling.html,Responsible Gambling
blog/lucky-numbers-betting-guide-south-africa-2026.html,/,BetSorted
blog/lucky-numbers-betting-guide-south-africa-2026.html,/#comparison,Compare
blog/lucky-numbers-betting-guide-south-africa-2026.html,/bookmakers/,Bookmakers
blog/lucky-numbers-betting-guide-south-africa-2026.html,/glossary.html,Glossary
blog/lucky-numbers-betting-guide-south-africa-2026.html,/calculators.html,Calculators
blog/lucky-numbers-betting-guide-south-africa-2026.html,/blog/,Blog
blog/lucky-numbers-betting-guide-south-africa-2026.html,/psl-match-centre.html,⚽ PSL Live
blog/lucky-numbers-betting-guide-south-africa-2026.html,/prediction-markets.html,💰 Smart Money
blog/lucky-numbers-betting-guide-south-africa-2026.html,/,Home
blog/lucky-numbers-betting-guide-south-africa-2026.html,/blog/,Blog
blog/lucky-numbers-betting-guide-south-africa-2026.html,/blog/,← Back to Blog
blog/lucky-numbers-betting-guide-south-africa-2026.html,/blog/hollywoodbets-review-south-africa-2026.html,Hollywoodbets
blog/lucky-numbers-betting-guide-south-africa-2026.html,/blog/easybet-review-south-africa-2026.html,Easybet
blog/lucky-numbers-betting-guide-south-africa-2026.html,/blog/best-low-deposit-betting-sites-south-africa-2026.html,lowest in South Africa
blog/lucky-numbers-betting-guide-south-africa-2026.html,/betting-calculator.html,betting calculator
blog/lucky-numbers-betting-guide-south-africa-2026.html,/bookmakers/,bookmaker comparison page
blog/lucky-numbers-betting-guide-south-africa-2026.html,/bookmakers/,full bookmaker reviews
blog/lucky-numbers-betting-guide-south-africa-2026.html,/blog/hollywoodbets-review-south-africa-2026.html,Hollywoodbets
blog/lucky-numbers-betting-guide-south-africa-2026.html,/blog/easybet-review-south-africa-2026.html,Easybet
blog/lucky-numbers-betting-guide-south-africa-2026.html,/betting-calculator.html,betting calculator
blog/lucky-numbers-betting-guide-south-africa-2026.html,/bookmakers/,bookmaker comparison
blog/lucky-numbers-betting-guide-south-africa-2026.html,/blog/5-common-betting-mistakes-south-africa-2026.html,5 Common Betting Mistakes South African Punters Make (And How to Avoid Them)
blog/lucky-numbers-betting-guide-south-africa-2026.html,/blog/aviator-betting-sites-south-africa-2026.html,Aviator Betting Sites South Africa 2026 — Best Apps & Strategy
blog/lucky-numbers-betting-guide-south-africa-2026.html,/blog/best-betting-sites-beginners-south-africa-2026.html,Best Betting Sites for Beginners in South Africa 2026 — Start Here
blog/lucky-numbers-betting-guide-south-africa-2026.html,/blog/category-betting-guides-strategy.html,Betting Guides &amp; Strategy
blog/lucky-numbers-betting-guide-south-africa-2026.html,/about.html,About
blog/lucky-numbers-betting-guide-south-africa-2026.html,/editorial-policy.html,Editorial Policy
blog/lucky-numbers-betting-guide-south-africa-2026.html,/responsible-gambling.html,Responsible Gambling
blog/lucky-numbers-betting-guide-south-africa-2026.html,/privacy.html,Privacy
blog/lucky-numbers-betting-guide-south-africa-2026.html,/contact.html,Contact
blog/lucky-numbers-betting-guide-south-africa-2026.html,/blog/,Blog
blog/lucky-numbers-betting-guide-south-africa-2026.html,/blog/category-bookmaker-comparisons.html,Bookmaker Comparisons
blog/mamelodi-sundowns-betting-guide-2026.html,/,BetSorted
blog/mamelodi-sundowns-betting-guide-2026.html,/#comparison,Compare
blog/mamelodi-sundowns-betting-guide-2026.html,/bookmakers/,Bookmakers
blog/mamelodi-sundowns-betting-guide-2026.html,/glossary.html,Glossary
blog/mamelodi-sundowns-betting-guide-2026.html,/calculators.html,Calculators
blog/mamelodi-sundowns-betting-guide-2026.html,/blog/,Blog
blog/mamelodi-sundowns-betting-guide-2026.html,/psl-match-centre.html,⚽ PSL Live
blog/mamelodi-sundowns-betting-guide-2026.html,/prediction-markets.html,💰 Smart Money
blog/mamelodi-sundowns-betting-guide-2026.html,/,Home
blog/mamelodi-sundowns-betting-guide-2026.html,/blog/,Blog
blog/mamelodi-sundowns-betting-guide-2026.html,/blog/,← Back to Blog
blog/mamelodi-sundowns-betting-guide-2026.html,/odds-comparison.html,odds comparison page
blog/mamelodi-sundowns-betting-guide-2026.html,/accumulator-calculator.html,accumulator calculator
blog/mamelodi-sundowns-betting-guide-2026.html,/odds-comparison.html,odds comparison tool
blog/mamelodi-sundowns-betting-guide-2026.html,/betting-calculator.html,betting calculator
blog/mamelodi-sundowns-betting-guide-2026.html,/accumulator-calculator.html,accumulator calculator
blog/mamelodi-sundowns-betting-guide-2026.html,/blog/best-psl-betting-site-2026.html,best PSL betting sites
blog/mamelodi-sundowns-betting-guide-2026.html,/blog/supabets-review-south-africa-2026.html,Supabets
blog/mamelodi-sundowns-betting-guide-2026.html,/blog/hollywoodbets-review-south-africa-2026.html,Hollywoodbets
blog/mamelodi-sundowns-betting-guide-2026.html,/blog/betway-review-south-africa-2026.html,Betway
blog/mamelodi-sundowns-betting-guide-2026.html,/accumulator-calculator.html,accumulator calculator
blog/mamelodi-sundowns-betting-guide-2026.html,/blog/eft-betting-payments-south-africa.html,EFT
blog/mamelodi-sundowns-betting-guide-2026.html,/blog/instant-eft-betting-payments-south-africa.html,Instant EFT
blog/mamelodi-sundowns-betting-guide-2026.html,/blog/mtn8-betting-guide-south-africa-2026.html,MTN8 Betting Guide South Africa 2026: How to Bet PSL Cup Football Without Guessing
blog/mamelodi-sundowns-betting-guide-2026.html,/blog/nedbank-cup-betting-guide.html,Nedbank Cup Betting Guide for South Africans | BetSorted
blog/mamelodi-sundowns-betting-guide-2026.html,/blog/category-psl.html,PSL
blog/mamelodi-sundowns-betting-guide-2026.html,/blog/psl-playoffs-2026-betting-guide.html,"PSL Playoffs 2026 Betting Guide — Top 8 Odds, Predictions &amp; Best Bookmakers"
blog/mamelodi-sundowns-betting-guide-2026.html,/blog/,← Back to Blog
blog/mamelodi-sundowns-betting-guide-2026.html,/about.html,About
blog/mamelodi-sundowns-betting-guide-2026.html,/editorial-policy.html,Editorial Policy
blog/mamelodi-sundowns-betting-guide-2026.html,/responsible-gambling.html,Responsible Gambling
blog/mamelodi-sundowns-betting-guide-2026.html,/privacy.html,Privacy
blog/mamelodi-sundowns-betting-guide-2026.html,/contact.html,Contact
blog/mamelodi-sundowns-betting-guide-2026.html,/blog/,Blog
blog/mamelodi-sundowns-betting-guide-2026.html,/blog/category-bookmaker-comparisons.html,Bookmaker Comparisons
blog/matched-betting-guide-south-africa-2026.html,/,BetSorted
blog/matched-betting-guide-south-africa-2026.html,/#comparison,Compare
blog/matched-betting-guide-south-africa-2026.html,/bookmakers/,Bookmakers
blog/matched-betting-guide-south-africa-2026.html,/glossary.html,Glossary
blog/matched-betting-guide-south-africa-2026.html,/calculators.html,Calculators
blog/matched-betting-guide-south-africa-2026.html,/blog/,Blog
blog/matched-betting-guide-south-africa-2026.html,/psl-match-centre.html,⚽ PSL Live
blog/matched-betting-guide-south-africa-2026.html,/prediction-markets.html,💰 Smart Money
blog/matched-betting-guide-south-africa-2026.html,/,Home
blog/matched-betting-guide-south-africa-2026.html,/blog/,Blog
blog/matched-betting-guide-south-africa-2026.html,/,Home
blog/matched-betting-guide-south-africa-2026.html,/blog/,Blog
blog/matched-betting-guide-south-africa-2026.html,/calculators.html,free betting calculators
blog/matched-betting-guide-south-africa-2026.html,/#comparison,full comparison
blog/matched-betting-guide-south-africa-2026.html,/calculators.html,Open Calculators →
blog/matched-betting-guide-south-africa-2026.html,/blog/5-common-betting-mistakes-south-africa-2026.html,5 Common Betting Mistakes South African Punters Make (And How to Avoid Them)
blog/matched-betting-guide-south-africa-2026.html,/blog/aviator-betting-sites-south-africa-2026.html,Aviator Betting Sites South Africa 2026 — Best Apps & Strategy
blog/matched-betting-guide-south-africa-2026.html,/blog/best-betting-sites-beginners-south-africa-2026.html,Best Betting Sites for Beginners in South Africa 2026 — Start Here
blog/matched-betting-guide-south-africa-2026.html,/blog/category-betting-guides-strategy.html,Betting Guides &amp; Strategy
blog/matched-betting-guide-south-africa-2026.html,/about.html,About
blog/matched-betting-guide-south-africa-2026.html,/editorial-policy.html,Editorial Policy
blog/matched-betting-guide-south-africa-2026.html,/responsible-gambling.html,Responsible Gambling
blog/matched-betting-guide-south-africa-2026.html,/privacy.html,Privacy
blog/matched-betting-guide-south-africa-2026.html,/contact.html,Contact
blog/matched-betting-guide-south-africa-2026.html,/blog/,Blog
blog/matched-betting-guide-south-africa-2026.html,/blog/category-bookmaker-comparisons.html,Bookmaker Comparisons
blog/mtn8-betting-guide-south-africa-2026.html,/,BetSorted
blog/mtn8-betting-guide-south-africa-2026.html,/#comparison,Compare
blog/mtn8-betting-guide-south-africa-2026.html,/bookmakers/,Bookmakers
blog/mtn8-betting-guide-south-africa-2026.html,/glossary.html,Glossary
blog/mtn8-betting-guide-south-africa-2026.html,/calculators.html,Calculators
blog/mtn8-betting-guide-south-africa-2026.html,/blog/,Blog
blog/mtn8-betting-guide-south-africa-2026.html,/psl-match-centre.html,⚽ PSL Live
blog/mtn8-betting-guide-south-africa-2026.html,/prediction-markets.html,💰 Smart Money
blog/mtn8-betting-guide-south-africa-2026.html,/,Home
blog/mtn8-betting-guide-south-africa-2026.html,/blog/,Blog
blog/mtn8-betting-guide-south-africa-2026.html,/blog/,← Back to guides
blog/mtn8-betting-guide-south-africa-2026.html,/betting-calculator.html,betting calculator
blog/mtn8-betting-guide-south-africa-2026.html,/value-bet-calculator.html,value bet calculator
blog/mtn8-betting-guide-south-africa-2026.html,/blog/rugby-handicap-calculator-south-africa-2026.html,handicap logic
blog/mtn8-betting-guide-south-africa-2026.html,/accumulator-calculator.html,accumulator calculator
blog/mtn8-betting-guide-south-africa-2026.html,/bankroll-tracker.html,bankroll tracker
blog/mtn8-betting-guide-south-africa-2026.html,/blog/psl-bet-builder-guide-south-africa-2026.html,PSL Bet Builder Guide
blog/mtn8-betting-guide-south-africa-2026.html,/blog/how-to-bet-on-psl-south-africa-2026.html,How to Bet on PSL South Africa
blog/mtn8-betting-guide-south-africa-2026.html,/blog/chiefs-vs-pirates-derby-betting-guide-2026.html,Chiefs vs Pirates Derby Betting Guide
blog/mtn8-betting-guide-south-africa-2026.html,/blog/psl-title-race-betting-guide.html,PSL Weekend Accumulator Calculator Guide
blog/mtn8-betting-guide-south-africa-2026.html,/blog/nedbank-cup-betting-guide.html,Nedbank Cup Betting Guide for South Africans | BetSorted
blog/mtn8-betting-guide-south-africa-2026.html,/blog/category-psl.html,PSL
blog/mtn8-betting-guide-south-africa-2026.html,/blog/psl-playoffs-2026-betting-guide.html,"PSL Playoffs 2026 Betting Guide — Top 8 Odds, Predictions &amp; Best Bookmakers"
blog/mtn8-betting-guide-south-africa-2026.html,/blog/psl-relegation-battle-betting-guide-2026.html,PSL Relegation Battle 2026: Who Goes Down? Betting Guide & Odds
blog/mtn8-quarter-finals-betting-guide-august-2026.html,/,BetSorted
blog/mtn8-quarter-finals-betting-guide-august-2026.html,/#comparison,Compare
blog/mtn8-quarter-finals-betting-guide-august-2026.html,/bookmakers/,Bookmakers
blog/mtn8-quarter-finals-betting-guide-august-2026.html,/glossary.html,Glossary
blog/mtn8-quarter-finals-betting-guide-august-2026.html,/calculators.html,Calculators
blog/mtn8-quarter-finals-betting-guide-august-2026.html,/blog/,Blog
blog/mtn8-quarter-finals-betting-guide-august-2026.html,/psl-match-centre.html,⚽ PSL Live
blog/mtn8-quarter-finals-betting-guide-august-2026.html,/prediction-markets.html,💰 Smart Money
blog/mtn8-quarter-finals-betting-guide-august-2026.html,/,Home
blog/mtn8-quarter-finals-betting-guide-august-2026.html,/blog/,Blog
blog/mtn8-quarter-finals-betting-guide-august-2026.html,/odds-converter.html,BetSorted's odds converter
blog/mtn8-quarter-finals-betting-guide-august-2026.html,/bookmakers/hollywoodbets-psl-betting.html,Hollywoodbets PSL betting
blog/mtn8-quarter-finals-betting-guide-august-2026.html,/bookmakers/betway-psl-betting.html,Betway PSL betting
blog/mtn8-quarter-finals-betting-guide-august-2026.html,/bookmakers/sportingbet-psl-betting.html,Sportingbet PSL betting
blog/mtn8-quarter-finals-betting-guide-august-2026.html,/bookmakers/supabets-psl-betting.html,Supabets PSL betting
blog/mtn8-quarter-finals-betting-guide-august-2026.html,/blog/best-betting-sites-beginners-south-africa-2026.html,best betting sites in South Africa
blog/mtn8-quarter-finals-betting-guide-august-2026.html,/#comparison,BetSorted comparison table
blog/mtn8-quarter-finals-betting-guide-august-2026.html,/accumulator-calculator.html,accumulator calculator
blog/mtn8-quarter-finals-betting-guide-august-2026.html,/accumulator-calculator.html,accumulator calculator
blog/mtn8-quarter-finals-betting-guide-august-2026.html,/betting-calculator.html,single bet calculator
blog/mtn8-quarter-finals-betting-guide-august-2026.html,/odds-comparison.html,odds comparison tools
blog/mtn8-quarter-finals-betting-guide-august-2026.html,/privacy.html,Privacy
blog/mtn8-quarter-finals-betting-guide-august-2026.html,/terms.html,Terms
blog/mtn8-quarter-finals-betting-guide-august-2026.html,/responsible-gambling.html,Responsible Gambling
blog/mtn8-semi-final-betting-guide-south-africa-2026.html,/,BetSorted
blog/mtn8-semi-final-betting-guide-south-africa-2026.html,/#comparison,Compare
blog/mtn8-semi-final-betting-guide-south-africa-2026.html,/bookmakers/,Bookmakers
blog/mtn8-semi-final-betting-guide-south-africa-2026.html,/glossary.html,Glossary
blog/mtn8-semi-final-betting-guide-south-africa-2026.html,/calculators.html,Calculators
blog/mtn8-semi-final-betting-guide-south-africa-2026.html,/blog/,Blog
blog/mtn8-semi-final-betting-guide-south-africa-2026.html,/psl-match-centre.html,⚽ PSL Live
blog/mtn8-semi-final-betting-guide-south-africa-2026.html,/prediction-markets.html,💰 Smart Money
blog/mtn8-semi-final-betting-guide-south-africa-2026.html,/,Home
blog/mtn8-semi-final-betting-guide-south-africa-2026.html,/blog/,Blog
blog/mtn8-semi-final-betting-guide-south-africa-2026.html,/betting-calculator.html,BetSorted betting calculator
blog/mtn8-semi-final-betting-guide-south-africa-2026.html,/bookmakers/betway-psl-betting.html,Betway PSL betting
blog/mtn8-semi-final-betting-guide-south-africa-2026.html,/bookmakers/hollywoodbets-psl-betting.html,Hollywoodbets PSL betting
blog/mtn8-semi-final-betting-guide-south-africa-2026.html,/bookmakers/world-sports-betting-psl-betting.html,WSB PSL betting
blog/mtn8-semi-final-betting-guide-south-africa-2026.html,/bookmakers/sportingbet-psl-betting.html,Sportingbet PSL betting
blog/mtn8-semi-final-betting-guide-south-africa-2026.html,/#comparison,BetSorted bookmaker comparison table
blog/mtn8-semi-final-betting-guide-south-africa-2026.html,/psl-match-centre.html,PSL match centre
blog/mtn8-semi-final-betting-guide-south-africa-2026.html,/accumulator-calculator.html,accumulator calculator
blog/mtn8-semi-final-betting-guide-south-africa-2026.html,/kelly-criterion-calculator.html,Kelly criterion calculator
blog/mtn8-semi-final-betting-guide-south-africa-2026.html,/betting-calculator.html,single bet calculator
blog/mtn8-semi-final-betting-guide-south-africa-2026.html,/accumulator-calculator.html,accumulator calculator
blog/mtn8-semi-final-betting-guide-south-africa-2026.html,/odds-comparison.html,odds comparison page
blog/mtn8-semi-final-betting-guide-south-africa-2026.html,/privacy.html,Privacy
blog/mtn8-semi-final-betting-guide-south-africa-2026.html,/terms.html,Terms
blog/mtn8-semi-final-betting-guide-south-africa-2026.html,/responsible-gambling.html,Responsible Gambling
blog/nedbank-cup-2026-betting-guide.html,/,BetSorted
blog/nedbank-cup-2026-betting-guide.html,/#comparison,Compare
blog/nedbank-cup-2026-betting-guide.html,/bookmakers/,Bookmakers
blog/nedbank-cup-2026-betting-guide.html,/glossary.html,Glossary
blog/nedbank-cup-2026-betting-guide.html,/calculators.html,Calculators
blog/nedbank-cup-2026-betting-guide.html,/blog/,Blog
blog/nedbank-cup-2026-betting-guide.html,/psl-match-centre.html,⚽ PSL Live
blog/nedbank-cup-2026-betting-guide.html,/prediction-markets.html,💰 Smart Money
blog/nedbank-cup-2026-betting-guide.html,/blog/nedbank-cup-betting-guide.html,Click here
blog/nedbank-cup-2026-final-betting-guide.html,/,BetSorted
blog/nedbank-cup-2026-final-betting-guide.html,/#comparison,Compare
blog/nedbank-cup-2026-final-betting-guide.html,/bookmakers/,Bookmakers
blog/nedbank-cup-2026-final-betting-guide.html,/glossary.html,Glossary
blog/nedbank-cup-2026-final-betting-guide.html,/calculators.html,Calculators
blog/nedbank-cup-2026-final-betting-guide.html,/blog/,Blog
blog/nedbank-cup-2026-final-betting-guide.html,/psl-match-centre.html,⚽ PSL Live
blog/nedbank-cup-2026-final-betting-guide.html,/prediction-markets.html,💰 Smart Money
blog/nedbank-cup-2026-final-betting-guide.html,/,Home
blog/nedbank-cup-2026-final-betting-guide.html,/blog/,Blog
blog/nedbank-cup-2026-final-betting-guide.html,/blog/,← Back to Blog
blog/nedbank-cup-2026-final-betting-guide.html,/blog/nedbank-cup-betting-guide.html,2026 Nedbank Cup semi-finals
blog/nedbank-cup-2026-final-betting-guide.html,/blog/nedbank-cup-betting-guide.html,Nedbank Cup 2026 semi-finals betting guide
blog/nedbank-cup-2026-final-betting-guide.html,/blog/hollywoodbets-review-south-africa-2026.html,Hollywoodbets
blog/nedbank-cup-2026-final-betting-guide.html,/blog/betway-review-south-africa-2026.html,Betway
blog/nedbank-cup-2026-final-betting-guide.html,/bookmakers/,bookmakers comparison page
blog/nedbank-cup-2026-final-betting-guide.html,/glossary.html,betting glossary
blog/nedbank-cup-2026-final-betting-guide.html,/blog/how-to-bet-on-soccer-south-africa-2026.html,guide to betting on soccer in South Africa
blog/nedbank-cup-2026-final-betting-guide.html,/blog/same-game-multi-betting-guide-south-africa-2026.html,same-game multi
blog/nedbank-cup-2026-final-betting-guide.html,/accumulator-calculator.html,accumulator calculator
blog/nedbank-cup-2026-final-betting-guide.html,/calculators.html,betting calculators
blog/nedbank-cup-2026-final-betting-guide.html,/betting-calculator.html,Betting Calculator
blog/nedbank-cup-2026-final-betting-guide.html,/accumulator-calculator.html,Accumulator Calculator
blog/nedbank-cup-2026-final-betting-guide.html,/free-bet-calculator.html,Free Bet Calculator
blog/nedbank-cup-2026-final-betting-guide.html,/blog/best-live-betting-sites-south-africa-2026.html,guide to the best live betting sites in South Africa
blog/nedbank-cup-2026-final-betting-guide.html,/responsible-gambling.html,responsible gambling page
blog/nedbank-cup-2026-final-betting-guide.html,/blog/hollywoodbets-review-south-africa-2026.html,SA football coverage is unmatched
blog/nedbank-cup-2026-final-betting-guide.html,/blog/betway-review-south-africa-2026.html,Betway
blog/nedbank-cup-2026-final-betting-guide.html,/blog/how-to-bet-on-soccer-south-africa-2026.html,How to Bet on Soccer in South Africa 2026
blog/nedbank-cup-2026-final-betting-guide.html,/blog/same-game-multi-betting-guide-south-africa-2026.html,Same-Game Multi Betting Guide
blog/nedbank-cup-2026-final-betting-guide.html,/blog/best-live-betting-sites-south-africa-2026.html,Best Live Betting Sites in SA 2026
blog/nedbank-cup-2026-final-betting-guide.html,/blog/chiefs-vs-pirates-derby-betting-guide-2026.html,Chiefs vs Pirates Derby Betting Guide
blog/nedbank-cup-2026-final-betting-guide.html,/blog/nedbank-cup-betting-guide.html,Nedbank Cup 2026 Semi-Finals Guide
blog/nedbank-cup-2026-final-betting-guide.html,/calculators.html,All BetSorted Calculators
blog/nedbank-cup-2026-final-betting-guide.html,/blog/mtn8-betting-guide-south-africa-2026.html,MTN8 Betting Guide South Africa 2026: How to Bet PSL Cup Football Without Guessing
blog/nedbank-cup-2026-final-betting-guide.html,/blog/nedbank-cup-betting-guide.html,Nedbank Cup Betting Guide for South Africans | BetSorted
blog/nedbank-cup-2026-final-betting-guide.html,/blog/category-psl.html,PSL
blog/nedbank-cup-2026-final-betting-guide.html,/blog/psl-playoffs-2026-betting-guide.html,"PSL Playoffs 2026 Betting Guide — Top 8 Odds, Predictions &amp; Best Bookmakers"
blog/nedbank-cup-2026-final-betting-guide.html,/about.html,About
blog/nedbank-cup-2026-final-betting-guide.html,/blog/,Blog
blog/nedbank-cup-2026-final-betting-guide.html,/calculators.html,Calculators
blog/nedbank-cup-2026-final-betting-guide.html,/about.html,About
blog/nedbank-cup-2026-final-betting-guide.html,/editorial-policy.html,Editorial Policy
blog/nedbank-cup-2026-final-betting-guide.html,/responsible-gambling.html,Responsible Gambling
blog/nedbank-cup-2026-final-betting-guide.html,/privacy.html,Privacy
blog/nedbank-cup-2026-final-betting-guide.html,/contact.html,Contact
blog/nedbank-cup-2026-final-betting-guide.html,/blog/,Blog
blog/nedbank-cup-2026-final-betting-guide.html,/blog/category-bookmaker-comparisons.html,Bookmaker Comparisons
blog/nedbank-cup-2026-quarterfinals-betting-guide.html,/,BetSorted
blog/nedbank-cup-2026-quarterfinals-betting-guide.html,/#comparison,Compare
blog/nedbank-cup-2026-quarterfinals-betting-guide.html,/bookmakers/,Bookmakers
blog/nedbank-cup-2026-quarterfinals-betting-guide.html,/glossary.html,Glossary
blog/nedbank-cup-2026-quarterfinals-betting-guide.html,/calculators.html,Calculators
blog/nedbank-cup-2026-quarterfinals-betting-guide.html,/blog/,Blog
blog/nedbank-cup-2026-quarterfinals-betting-guide.html,/psl-match-centre.html,⚽ PSL Live
blog/nedbank-cup-2026-quarterfinals-betting-guide.html,/prediction-markets.html,💰 Smart Money
blog/nedbank-cup-2026-quarterfinals-betting-guide.html,/blog/nedbank-cup-betting-guide.html,Click here
blog/nedbank-cup-2026-semi-finals-betting-guide.html,/,BetSorted
blog/nedbank-cup-2026-semi-finals-betting-guide.html,/#comparison,Compare
blog/nedbank-cup-2026-semi-finals-betting-guide.html,/bookmakers/,Bookmakers
blog/nedbank-cup-2026-semi-finals-betting-guide.html,/glossary.html,Glossary
blog/nedbank-cup-2026-semi-finals-betting-guide.html,/calculators.html,Calculators
blog/nedbank-cup-2026-semi-finals-betting-guide.html,/blog/,Blog
blog/nedbank-cup-2026-semi-finals-betting-guide.html,/psl-match-centre.html,⚽ PSL Live
blog/nedbank-cup-2026-semi-finals-betting-guide.html,/prediction-markets.html,💰 Smart Money
blog/nedbank-cup-2026-semi-finals-betting-guide.html,/blog/nedbank-cup-betting-guide.html,Click here
blog/nedbank-cup-betting-guide.html,/,BetSorted
blog/nedbank-cup-betting-guide.html,/#comparison,Compare
blog/nedbank-cup-betting-guide.html,/bookmakers/,Bookmakers
blog/nedbank-cup-betting-guide.html,/glossary.html,Glossary
blog/nedbank-cup-betting-guide.html,/calculators.html,Calculators
blog/nedbank-cup-betting-guide.html,/blog/,Blog
blog/nedbank-cup-betting-guide.html,/psl-match-centre.html,⚽ PSL Live
blog/nedbank-cup-betting-guide.html,/prediction-markets.html,💰 Smart Money
blog/nedbank-cup-betting-guide.html,/,Home
blog/nedbank-cup-betting-guide.html,/blog/,Blog
blog/nedbank-cup-betting-guide.html,/blog/,← Back to Blog
blog/nedbank-cup-betting-guide.html,/accumulator-calculator.html,accumulator calculator
blog/nedbank-cup-betting-guide.html,/odds-comparison.html,odds comparison page
blog/nedbank-cup-betting-guide.html,/betting-calculator.html,betting calculator
blog/nedbank-cup-betting-guide.html,/accumulator-calculator.html,accumulator calculator
blog/nedbank-cup-betting-guide.html,/blog/betway-review-south-africa-2026.html,Betway review
blog/nedbank-cup-betting-guide.html,/betting-calculator.html,betting calculator
blog/nedbank-cup-betting-guide.html,/accumulator-calculator.html,accumulator calculator
blog/nedbank-cup-betting-guide.html,/odds-comparison.html,odds comparison page
blog/nedbank-cup-betting-guide.html,/odds-comparison.html,odds comparison page
blog/nedbank-cup-betting-guide.html,/blog/chiefs-vs-pirates-derby-betting-guide-2026.html,Chiefs vs Pirates Derby Betting Guide 2026
blog/nedbank-cup-betting-guide.html,/blog/best-psl-betting-site-2026.html,Best PSL Betting Site 2026
blog/nedbank-cup-betting-guide.html,/blog/mamelodi-sundowns-betting-guide-2026.html,Mamelodi Sundowns Betting Guide 2026
blog/nedbank-cup-betting-guide.html,/blog/,← Back to Blog
blog/new-betting-sites-south-africa-april-2026.html,/,BetSorted
blog/new-betting-sites-south-africa-april-2026.html,/#comparison,Compare
blog/new-betting-sites-south-africa-april-2026.html,/bookmakers/,Bookmakers
blog/new-betting-sites-south-africa-april-2026.html,/glossary.html,Glossary
blog/new-betting-sites-south-africa-april-2026.html,/calculators.html,Calculators
blog/new-betting-sites-south-africa-april-2026.html,/blog/,Blog
blog/new-betting-sites-south-africa-april-2026.html,/psl-match-centre.html,⚽ PSL Live
blog/new-betting-sites-south-africa-april-2026.html,/prediction-markets.html,💰 Smart Money
blog/new-betting-sites-south-africa-april-2026.html,/,Home
blog/new-betting-sites-south-africa-april-2026.html,/blog/,Blog
blog/new-betting-sites-south-africa-april-2026.html,/,Home
blog/new-betting-sites-south-africa-april-2026.html,/blog/,Blog
blog/new-betting-sites-south-africa-april-2026.html,/blog/hollywoodbets-review-south-africa-2026.html,Hollywoodbets
blog/new-betting-sites-south-africa-april-2026.html,/blog/betway-review-south-africa-2026.html,Betway
blog/new-betting-sites-south-africa-april-2026.html,/blog/supabets-review-south-africa-2026.html,Supabets
blog/new-betting-sites-south-africa-april-2026.html,/,best betting sites South Africa 2026
blog/new-betting-sites-south-africa-april-2026.html,/odds-comparison.html,odds comparison guide
blog/new-betting-sites-south-africa-april-2026.html,/blog/how-to-use-free-bets-south-africa-2026.html,How to Use Free Bets
blog/new-betting-sites-south-africa-april-2026.html,/blog/best-low-deposit-betting-sites-south-africa-2026.html,Low Deposit Betting Sites
blog/new-betting-sites-south-africa-april-2026.html,/best-betting-apps.html,Best Betting Apps SA
blog/orlando-pirates-betting-guide-2026.html,/,BetSorted
blog/orlando-pirates-betting-guide-2026.html,/#comparison,Compare
blog/orlando-pirates-betting-guide-2026.html,/bookmakers/,Bookmakers
blog/orlando-pirates-betting-guide-2026.html,/glossary.html,Glossary
blog/orlando-pirates-betting-guide-2026.html,/calculators.html,Calculators
blog/orlando-pirates-betting-guide-2026.html,/blog/,Blog
blog/orlando-pirates-betting-guide-2026.html,/psl-match-centre.html,⚽ PSL Live
blog/orlando-pirates-betting-guide-2026.html,/prediction-markets.html,💰 Smart Money
blog/orlando-pirates-betting-guide-2026.html,/,Home
blog/orlando-pirates-betting-guide-2026.html,/blog/,Blog
blog/orlando-pirates-betting-guide-2026.html,/blog/,← Back to Blog
blog/orlando-pirates-betting-guide-2026.html,/odds-comparison.html,odds comparison page
blog/orlando-pirates-betting-guide-2026.html,/accumulator-calculator.html,accumulator calculator
blog/orlando-pirates-betting-guide-2026.html,/odds-comparison.html,odds comparison tool
blog/orlando-pirates-betting-guide-2026.html,/betting-calculator.html,betting calculator
blog/orlando-pirates-betting-guide-2026.html,/accumulator-calculator.html,accumulator calculator
blog/orlando-pirates-betting-guide-2026.html,/blog/best-psl-betting-site-2026.html,best PSL betting sites
blog/orlando-pirates-betting-guide-2026.html,/blog/supabets-review-south-africa-2026.html,Supabets
blog/orlando-pirates-betting-guide-2026.html,/blog/hollywoodbets-review-south-africa-2026.html,Hollywoodbets
blog/orlando-pirates-betting-guide-2026.html,/blog/betway-review-south-africa-2026.html,Betway
blog/orlando-pirates-betting-guide-2026.html,/accumulator-calculator.html,accumulator calculator
blog/orlando-pirates-betting-guide-2026.html,/blog/eft-betting-payments-south-africa.html,EFT
blog/orlando-pirates-betting-guide-2026.html,/blog/instant-eft-betting-payments-south-africa.html,Instant EFT
blog/orlando-pirates-betting-guide-2026.html,/blog/mtn8-betting-guide-south-africa-2026.html,MTN8 Betting Guide South Africa 2026: How to Bet PSL Cup Football Without Guessing
blog/orlando-pirates-betting-guide-2026.html,/blog/nedbank-cup-betting-guide.html,Nedbank Cup Betting Guide for South Africans | BetSorted
blog/orlando-pirates-betting-guide-2026.html,/blog/category-psl.html,PSL
blog/orlando-pirates-betting-guide-2026.html,/blog/psl-playoffs-2026-betting-guide.html,"PSL Playoffs 2026 Betting Guide — Top 8 Odds, Predictions &amp; Best Bookmakers"
blog/orlando-pirates-betting-guide-2026.html,/blog/,← Back to Blog
blog/orlando-pirates-betting-guide-2026.html,/about.html,About
blog/orlando-pirates-betting-guide-2026.html,/editorial-policy.html,Editorial Policy
blog/orlando-pirates-betting-guide-2026.html,/responsible-gambling.html,Responsible Gambling
blog/orlando-pirates-betting-guide-2026.html,/privacy.html,Privacy
blog/orlando-pirates-betting-guide-2026.html,/contact.html,Contact
blog/orlando-pirates-betting-guide-2026.html,/blog/,Blog
blog/orlando-pirates-betting-guide-2026.html,/blog/category-bookmaker-comparisons.html,Bookmaker Comparisons
blog/ozow-betting-payments-south-africa.html,/,BetSorted
blog/ozow-betting-payments-south-africa.html,/#comparison,Compare
blog/ozow-betting-payments-south-africa.html,/bookmakers/,Bookmakers
blog/ozow-betting-payments-south-africa.html,/glossary.html,Glossary
blog/ozow-betting-payments-south-africa.html,/calculators.html,Calculators
blog/ozow-betting-payments-south-africa.html,/blog/,Blog
blog/ozow-betting-payments-south-africa.html,/psl-match-centre.html,⚽ PSL Live
blog/ozow-betting-payments-south-africa.html,/prediction-markets.html,💰 Smart Money
blog/ozow-betting-payments-south-africa.html,/,Home
blog/ozow-betting-payments-south-africa.html,/blog/,Blog
blog/ozow-betting-payments-south-africa.html,/blog/,← Back to Blog
blog/ozow-betting-payments-south-africa.html,/withdrawal-speed-comparison.html,withdrawal speed comparison
blog/ozow-betting-payments-south-africa.html,/odds-comparison.html,odds comparison page
blog/ozow-betting-payments-south-africa.html,/blog/instant-eft-betting-payments-south-africa.html,Instant EFT
blog/ozow-betting-payments-south-africa.html,/blog/ozow-betting-payments-south-africa.html,Ozow
blog/ozow-betting-payments-south-africa.html,/betting-calculator.html,betting calculator
blog/ozow-betting-payments-south-africa.html,/blog/ozow-betting-payments-south-africa.html,Ozow
blog/ozow-betting-payments-south-africa.html,/blog/capitec-pay-betting-payments-south-africa.html,Capitec Pay
blog/ozow-betting-payments-south-africa.html,/blog/fastest-paying-bookmakers-south-africa-2026.html,fastest paying bookmakers in South Africa
blog/ozow-betting-payments-south-africa.html,/blog/best-psl-betting-site-2026.html,best PSL betting sites
blog/ozow-betting-payments-south-africa.html,/accumulator-calculator.html,accumulator calculator
blog/ozow-betting-payments-south-africa.html,/betting-calculator.html,betting calculator
blog/ozow-betting-payments-south-africa.html,/blog/betting-tax-south-africa-2026.html,Betting Tax South Africa 2026: Are Your Winnings Taxed?
blog/ozow-betting-payments-south-africa.html,/blog/category-payments-fica.html,Payments &amp; FICA
blog/ozow-betting-payments-south-africa.html,/blog/fastest-paying-bookmakers-south-africa-may-2026.html,Fastest Paying Bookmakers in South Africa: May 2026 Withdrawal Guide
blog/ozow-betting-payments-south-africa.html,/blog/fica-verification-guide-south-africa-2026.html,How to FICA Verify Your Betting Account in South Africa (2026 Guide)
blog/ozow-betting-payments-south-africa.html,/blog/,← Back to Blog
blog/ozow-betting-payments-south-africa.html,/about.html,About
blog/ozow-betting-payments-south-africa.html,/editorial-policy.html,Editorial Policy
blog/ozow-betting-payments-south-africa.html,/responsible-gambling.html,Responsible Gambling
blog/ozow-betting-payments-south-africa.html,/privacy.html,Privacy
blog/ozow-betting-payments-south-africa.html,/contact.html,Contact
blog/ozow-betting-payments-south-africa.html,/blog/,Blog
blog/ozow-betting-payments-south-africa.html,/blog/category-bookmaker-comparisons.html,Bookmaker Comparisons
blog/payshap-betting-deposits-withdrawals-south-africa-2026.html,/,BetSorted
blog/payshap-betting-deposits-withdrawals-south-africa-2026.html,/#comparison,Compare
blog/payshap-betting-deposits-withdrawals-south-africa-2026.html,/bookmakers/,Bookmakers
blog/payshap-betting-deposits-withdrawals-south-africa-2026.html,/glossary.html,Glossary
blog/payshap-betting-deposits-withdrawals-south-africa-2026.html,/calculators.html,Calculators
blog/payshap-betting-deposits-withdrawals-south-africa-2026.html,/blog/,Blog
blog/payshap-betting-deposits-withdrawals-south-africa-2026.html,/psl-match-centre.html,⚽ PSL Live
blog/payshap-betting-deposits-withdrawals-south-africa-2026.html,/prediction-markets.html,💰 Smart Money
blog/payshap-betting-deposits-withdrawals-south-africa-2026.html,/,Home
blog/payshap-betting-deposits-withdrawals-south-africa-2026.html,/blog/,Blog
blog/payshap-betting-deposits-withdrawals-south-africa-2026.html,/blog/ozow-betting-payments-south-africa.html,Ozow
blog/payshap-betting-deposits-withdrawals-south-africa-2026.html,/blog/instant-eft-betting-payments-south-africa.html,Instant EFT
blog/payshap-betting-deposits-withdrawals-south-africa-2026.html,/blog/capitec-pay-betting-payments-south-africa.html,Capitec Pay
blog/payshap-betting-deposits-withdrawals-south-africa-2026.html,/withdrawal-speed-comparison.html,withdrawal speed comparison
blog/payshap-betting-deposits-withdrawals-south-africa-2026.html,/betting-calculator.html,BetSorted betting calculator
blog/payshap-betting-deposits-withdrawals-south-africa-2026.html,/bankroll-tracker.html,bankroll tracker
blog/payshap-betting-deposits-withdrawals-south-africa-2026.html,/accumulator-calculator.html,accumulator calculator
blog/payshap-betting-deposits-withdrawals-south-africa-2026.html,/odds-converter.html,odds converter
blog/payshap-betting-deposits-withdrawals-south-africa-2026.html,/value-bet-calculator.html,value bet calculator
blog/payshap-betting-deposits-withdrawals-south-africa-2026.html,/responsible-gambling.html,responsible gambling page
blog/payshap-betting-deposits-withdrawals-south-africa-2026.html,/betting-calculator.html,betting calculator
blog/payshap-betting-deposits-withdrawals-south-africa-2026.html,/accumulator-calculator.html,accumulator calculator
blog/payshap-betting-deposits-withdrawals-south-africa-2026.html,/bankroll-tracker.html,bankroll tracker
blog/payshap-betting-deposits-withdrawals-south-africa-2026.html,/blog/,Back to Blog
blog/playabets-review-south-africa-2026.html,/,BetSorted
blog/playabets-review-south-africa-2026.html,/#comparison,Compare
blog/playabets-review-south-africa-2026.html,/bookmakers/,Bookmakers
blog/playabets-review-south-africa-2026.html,/glossary.html,Glossary
blog/playabets-review-south-africa-2026.html,/calculators.html,Calculators
blog/playabets-review-south-africa-2026.html,/blog/,Blog
blog/playabets-review-south-africa-2026.html,/psl-match-centre.html,⚽ PSL Live
blog/playabets-review-south-africa-2026.html,/prediction-markets.html,💰 Smart Money
blog/playabets-review-south-africa-2026.html,/,Home
blog/playabets-review-south-africa-2026.html,/bookmakers/,Bookmakers
blog/playabets-review-south-africa-2026.html,/bookmakers/,&larr; Back to Bookmakers
blog/playabets-review-south-africa-2026.html,/odds-comparison.html,odds comparison page
blog/playabets-review-south-africa-2026.html,/betting-calculator.html,betting calculator
blog/playabets-review-south-africa-2026.html,/blog/best-psl-betting-site-2026.html,best PSL betting sites
blog/playabets-review-south-africa-2026.html,/odds-comparison.html,odds comparison tool
blog/playabets-review-south-africa-2026.html,/betting-calculator.html,betting calculator
blog/playabets-review-south-africa-2026.html,/blog/instant-eft-betting-payments-south-africa.html,Instant EFT
blog/playabets-review-south-africa-2026.html,/blog/ozow-betting-payments-south-africa.html,Ozow
blog/playabets-review-south-africa-2026.html,/best-odds-finder.html,best odds finder
blog/playabets-review-south-africa-2026.html,/blog/fastest-paying-bookmakers-south-africa-2026.html,fastest paying bookmakers in South Africa
blog/playabets-review-south-africa-2026.html,/blog/betway-vs-hollywoodbets.html,Betway vs Hollywoodbets comparison
blog/playabets-review-south-africa-2026.html,/blog/hollywoodbets-vs-supabets-2026.html,Hollywoodbets vs Supabets
blog/playabets-review-south-africa-2026.html,/blog/easybet-vs-world-sports-betting-psl-2026.html,Easybet vs WSB for PSL
blog/playabets-review-south-africa-2026.html,/accumulator-calculator.html,accumulator calculator
blog/playabets-review-south-africa-2026.html,/betting-calculator.html,betting calculator
blog/playabets-review-south-africa-2026.html,/blog/betmaster-review-south-africa-2026.html,Betmaster Review South Africa 2026 — Is It Worth Signing Up?
blog/playabets-review-south-africa-2026.html,/blog/category-bookmaker-reviews.html,Bookmaker Reviews
blog/playabets-review-south-africa-2026.html,/blog/lottostar-review-south-africa-2026.html,"LottoStar Review South Africa (2026): Lucky Numbers, Virtual Games & Sports Betting"
blog/playabets-review-south-africa-2026.html,/blog/new-betting-sites-south-africa-april-2026.html,New Betting Sites South Africa April 2026 — Latest Bookmakers Reviewed
blog/playabets-review-south-africa-2026.html,/blog/,← Back to Blog
blog/playabets-review-south-africa-2026.html,/about.html,About
blog/playabets-review-south-africa-2026.html,/editorial-policy.html,Editorial Policy
blog/playabets-review-south-africa-2026.html,/responsible-gambling.html,Responsible Gambling
blog/playabets-review-south-africa-2026.html,/privacy.html,Privacy
blog/playabets-review-south-africa-2026.html,/contact.html,Contact
blog/playabets-review-south-africa-2026.html,/blog/,Blog
blog/playabets-review-south-africa-2026.html,/blog/category-bookmaker-comparisons.html,Bookmaker Comparisons
blog/playabets-vs-bet-co-za-south-africa-2026.html,/blog/bet-co-za-review-south-africa-2026.html,Bet.co.za
blog/playabets-vs-bet-co-za-south-africa-2026.html,/,BetSorted
blog/playabets-vs-bet-co-za-south-africa-2026.html,/#comparison,Compare
blog/playabets-vs-bet-co-za-south-africa-2026.html,/bookmakers/,Bookmakers
blog/playabets-vs-bet-co-za-south-africa-2026.html,/glossary.html,Glossary
blog/playabets-vs-bet-co-za-south-africa-2026.html,/calculators.html,Calculators
blog/playabets-vs-bet-co-za-south-africa-2026.html,/blog/,Blog
blog/playabets-vs-bet-co-za-south-africa-2026.html,/psl-match-centre.html,⚽ PSL Live
blog/playabets-vs-bet-co-za-south-africa-2026.html,/prediction-markets.html,💰 Smart Money
blog/playabets-vs-bet-co-za-south-africa-2026.html,/,Home
blog/playabets-vs-bet-co-za-south-africa-2026.html,/blog/,Blog
blog/playabets-vs-bet-co-za-south-africa-2026.html,/blog/playabets-review-south-africa-2026.html,Playabets
blog/playabets-vs-bet-co-za-south-africa-2026.html,/betting-calculator.html,Betting calculator
blog/playabets-vs-bet-co-za-south-africa-2026.html,/value-bet-calculator.html,Value bet calculator
blog/playabets-vs-bet-co-za-south-africa-2026.html,/accumulator-calculator.html,accumulator calculator
blog/playabets-vs-bet-co-za-south-africa-2026.html,/blog/rugby-handicap-calculator-south-africa-2026.html,rugby handicap calculator guide
blog/playabets-vs-bet-co-za-south-africa-2026.html,/calculators.html,BetSorted calculator hub
blog/playabets-vs-bet-co-za-south-africa-2026.html,/calculators.html,BetSorted calculator hub
blog/playabets-vs-bet-co-za-south-africa-2026.html,/blog/withdrawal-times-south-africa-bookmakers-2026.html,SA bookmaker withdrawal guide
blog/playabets-vs-bet-co-za-south-africa-2026.html,/blog/best-betway-alternatives-south-africa-june-2026.html,Best Betway Alternatives for South African Bettors (June 2026)
blog/playabets-vs-bet-co-za-south-africa-2026.html,/blog/betfred-vs-10bet-south-africa-2026.html,Betfred vs 10bet South Africa 2026: International Bookmaker Showdown
blog/playabets-vs-bet-co-za-south-africa-2026.html,/blog/category-bookmaker-comparisons.html,Bookmaker Comparisons
blog/playabets-vs-bet-co-za-south-africa-2026.html,/blog/gbets-vs-10bet-south-africa-2026.html,Gbets vs 10bet South Africa 2026 — Which Bookmaker Wins?
blog/playabets-vs-betway-south-africa-2026.html,/blog/betway-review-south-africa-2026.html,Betway
blog/playabets-vs-betway-south-africa-2026.html,/,BetSorted
blog/playabets-vs-betway-south-africa-2026.html,/#comparison,Compare
blog/playabets-vs-betway-south-africa-2026.html,/bookmakers/,Bookmakers
blog/playabets-vs-betway-south-africa-2026.html,/glossary.html,Glossary
blog/playabets-vs-betway-south-africa-2026.html,/calculators.html,Calculators
blog/playabets-vs-betway-south-africa-2026.html,/blog/,Blog
blog/playabets-vs-betway-south-africa-2026.html,/psl-match-centre.html,⚽ PSL Live
blog/playabets-vs-betway-south-africa-2026.html,/prediction-markets.html,💰 Smart Money
blog/playabets-vs-betway-south-africa-2026.html,/,Home
blog/playabets-vs-betway-south-africa-2026.html,/blog/,Blog
blog/playabets-vs-betway-south-africa-2026.html,/blog/,← Back to Blog
blog/playabets-vs-betway-south-africa-2026.html,/blog/playabets-review-south-africa-2026.html,Playabets
blog/playabets-vs-betway-south-africa-2026.html,/odds-comparison.html,odds comparison page
blog/playabets-vs-betway-south-africa-2026.html,/betting-calculator.html,betting calculator
blog/playabets-vs-betway-south-africa-2026.html,/free-bet-calculator.html,free bet calculator
blog/playabets-vs-betway-south-africa-2026.html,/blog/hollywoodbets-review-south-africa-2026.html,Hollywoodbets
blog/playabets-vs-betway-south-africa-2026.html,/blog/hollywoodbets-review-south-africa-2026.html,Hollywoodbets
blog/playabets-vs-betway-south-africa-2026.html,/odds-comparison.html,odds comparison page
blog/playabets-vs-betway-south-africa-2026.html,/betting-calculator.html,betting calculator
blog/playabets-vs-betway-south-africa-2026.html,/free-bet-calculator.html,free bet calculator
blog/playabets-vs-betway-south-africa-2026.html,/odds-comparison.html,odds comparison page
blog/playabets-vs-betway-south-africa-2026.html,/blog/best-betway-alternatives-south-africa-june-2026.html,Best Betway Alternatives for South African Bettors (June 2026)
blog/playabets-vs-betway-south-africa-2026.html,/blog/betfred-vs-10bet-south-africa-2026.html,Betfred vs 10bet South Africa 2026: International Bookmaker Showdown
blog/playabets-vs-betway-south-africa-2026.html,/blog/category-bookmaker-comparisons.html,Bookmaker Comparisons
blog/playabets-vs-betway-south-africa-2026.html,/blog/gbets-vs-10bet-south-africa-2026.html,Gbets vs 10bet South Africa 2026 — Which Bookmaker Wins?
blog/playabets-vs-betway-south-africa-2026.html,/blog/,← Back to Blog
blog/playabets-vs-betway-south-africa-2026.html,/about.html,About
blog/playabets-vs-betway-south-africa-2026.html,/editorial-policy.html,Editorial Policy
blog/playabets-vs-betway-south-africa-2026.html,/responsible-gambling.html,Responsible Gambling
blog/playabets-vs-betway-south-africa-2026.html,/privacy.html,Privacy
blog/playabets-vs-betway-south-africa-2026.html,/contact.html,Contact
blog/playabets-vs-betway-south-africa-2026.html,/blog/,Blog
blog/playabets-vs-betway-south-africa-2026.html,/blog/category-bookmaker-comparisons.html,Bookmaker Comparisons
blog/playabets-vs-easybet-south-africa-2026.html,/blog/easybet-review-south-africa-2026.html,Easybet
blog/playabets-vs-easybet-south-africa-2026.html,/,BetSorted
blog/playabets-vs-easybet-south-africa-2026.html,/#comparison,Compare
blog/playabets-vs-easybet-south-africa-2026.html,/bookmakers/,Bookmakers
blog/playabets-vs-easybet-south-africa-2026.html,/glossary.html,Glossary
blog/playabets-vs-easybet-south-africa-2026.html,/calculators.html,Calculators
blog/playabets-vs-easybet-south-africa-2026.html,/blog/,Blog
blog/playabets-vs-easybet-south-africa-2026.html,/psl-match-centre.html,⚽ PSL Live
blog/playabets-vs-easybet-south-africa-2026.html,/prediction-markets.html,💰 Smart Money
blog/playabets-vs-easybet-south-africa-2026.html,/,Home
blog/playabets-vs-easybet-south-africa-2026.html,/blog/,Blog
blog/playabets-vs-easybet-south-africa-2026.html,/blog/,← Back to Blog
blog/playabets-vs-easybet-south-africa-2026.html,/blog/hollywoodbets-review-south-africa-2026.html,Hollywoodbets
blog/playabets-vs-easybet-south-africa-2026.html,/blog/betway-review-south-africa-2026.html,Betway
blog/playabets-vs-easybet-south-africa-2026.html,/blog/sportingbet-review-south-africa-2026.html,Sportingbet
blog/playabets-vs-easybet-south-africa-2026.html,/blog/playabets-review-south-africa-2026.html,Playabets
blog/playabets-vs-easybet-south-africa-2026.html,/blog/playabets-review-south-africa-2026.html,Playabets review
blog/playabets-vs-easybet-south-africa-2026.html,/blog/easybet-review-south-africa-2026.html,Easybet review
blog/playabets-vs-easybet-south-africa-2026.html,/calculators.html,BetSorted calculators
blog/playabets-vs-easybet-south-africa-2026.html,/calculators.html,accumulator calculator
blog/playabets-vs-easybet-south-africa-2026.html,/blog/sportingbet-review-south-africa-2026.html,Sportingbet
blog/playabets-vs-easybet-south-africa-2026.html,/blog/hollywoodbets-review-south-africa-2026.html,Hollywoodbets
blog/playabets-vs-easybet-south-africa-2026.html,/blog/playabets-review-south-africa-2026.html,Playabets review
blog/playabets-vs-easybet-south-africa-2026.html,/blog/easybet-review-south-africa-2026.html,Easybet review
blog/playabets-vs-easybet-south-africa-2026.html,/calculators.html,BetSorted calculators
blog/playabets-vs-easybet-south-africa-2026.html,/blog/best-psl-betting-site-2026.html,best PSL betting site in South Africa
blog/playabets-vs-easybet-south-africa-2026.html,/blog/best-betway-alternatives-south-africa-june-2026.html,Best Betway Alternatives for South African Bettors (June 2026)
blog/playabets-vs-easybet-south-africa-2026.html,/blog/betfred-vs-10bet-south-africa-2026.html,Betfred vs 10bet South Africa 2026: International Bookmaker Showdown
blog/playabets-vs-easybet-south-africa-2026.html,/blog/category-bookmaker-comparisons.html,Bookmaker Comparisons
blog/playabets-vs-easybet-south-africa-2026.html,/blog/gbets-vs-10bet-south-africa-2026.html,Gbets vs 10bet South Africa 2026 — Which Bookmaker Wins?
blog/playabets-vs-easybet-south-africa-2026.html,/blog/,← Back to Blog
blog/playabets-vs-easybet-south-africa-2026.html,/about.html,About
blog/playabets-vs-easybet-south-africa-2026.html,/editorial-policy.html,Editorial Policy
blog/playabets-vs-easybet-south-africa-2026.html,/responsible-gambling.html,Responsible Gambling
blog/playabets-vs-easybet-south-africa-2026.html,/privacy.html,Privacy
blog/playabets-vs-easybet-south-africa-2026.html,/contact.html,Contact
blog/playabets-vs-easybet-south-africa-2026.html,/blog/,Blog
blog/playabets-vs-easybet-south-africa-2026.html,/blog/category-bookmaker-comparisons.html,Bookmaker Comparisons
blog/playabets-vs-hollywoodbets-south-africa-2026.html,/blog/hollywoodbets-review-south-africa-2026.html,Hollywoodbets
blog/playabets-vs-hollywoodbets-south-africa-2026.html,/,BetSorted
blog/playabets-vs-hollywoodbets-south-africa-2026.html,/#comparison,Compare
blog/playabets-vs-hollywoodbets-south-africa-2026.html,/bookmakers/,Bookmakers
blog/playabets-vs-hollywoodbets-south-africa-2026.html,/glossary.html,Glossary
blog/playabets-vs-hollywoodbets-south-africa-2026.html,/calculators.html,Calculators
blog/playabets-vs-hollywoodbets-south-africa-2026.html,/blog/,Blog
blog/playabets-vs-hollywoodbets-south-africa-2026.html,/psl-match-centre.html,⚽ PSL Live
blog/playabets-vs-hollywoodbets-south-africa-2026.html,/prediction-markets.html,💰 Smart Money
blog/playabets-vs-hollywoodbets-south-africa-2026.html,/,Home
blog/playabets-vs-hollywoodbets-south-africa-2026.html,/blog/,Blog
blog/playabets-vs-hollywoodbets-south-africa-2026.html,/blog/,← Back to Blog
blog/playabets-vs-hollywoodbets-south-africa-2026.html,/blog/playabets-review-south-africa-2026.html,Playabets
blog/playabets-vs-hollywoodbets-south-africa-2026.html,/odds-comparison.html,odds comparison tool
blog/playabets-vs-hollywoodbets-south-africa-2026.html,/betting-calculator.html,betting calculator
blog/playabets-vs-hollywoodbets-south-africa-2026.html,/odds-comparison.html,odds comparison page
blog/playabets-vs-hollywoodbets-south-africa-2026.html,/blog/eft-betting-payments-south-africa.html,EFT betting payments
blog/playabets-vs-hollywoodbets-south-africa-2026.html,/blog/ozow-betting-payments-south-africa.html,Ozow betting deposits
blog/playabets-vs-hollywoodbets-south-africa-2026.html,/blog/fastest-paying-bookmakers-south-africa-2026.html,fastest paying bookmakers guide
blog/playabets-vs-hollywoodbets-south-africa-2026.html,/accumulator-calculator.html,accumulator calculator
blog/playabets-vs-hollywoodbets-south-africa-2026.html,/each-way-calculator.html,each-way calculator
blog/playabets-vs-hollywoodbets-south-africa-2026.html,/kelly-criterion-calculator.html,Kelly Criterion calculator
blog/playabets-vs-hollywoodbets-south-africa-2026.html,/odds-comparison.html,odds comparison tool
blog/playabets-vs-hollywoodbets-south-africa-2026.html,/blog/playabets-review-south-africa-2026.html,Playabets review
blog/playabets-vs-hollywoodbets-south-africa-2026.html,/blog/hollywoodbets-review-south-africa-2026.html,Hollywoodbets review
blog/playabets-vs-hollywoodbets-south-africa-2026.html,/blog/best-betway-alternatives-south-africa-june-2026.html,Best Betway Alternatives for South African Bettors (June 2026)
blog/playabets-vs-hollywoodbets-south-africa-2026.html,/blog/betfred-vs-10bet-south-africa-2026.html,Betfred vs 10bet South Africa 2026: International Bookmaker Showdown
blog/playabets-vs-hollywoodbets-south-africa-2026.html,/blog/category-bookmaker-comparisons.html,Bookmaker Comparisons
blog/playabets-vs-hollywoodbets-south-africa-2026.html,/blog/gbets-vs-10bet-south-africa-2026.html,Gbets vs 10bet South Africa 2026 — Which Bookmaker Wins?
blog/playabets-vs-hollywoodbets-south-africa-2026.html,/blog/,← Back to Blog
blog/playabets-vs-hollywoodbets-south-africa-2026.html,/about.html,About
blog/playabets-vs-hollywoodbets-south-africa-2026.html,/editorial-policy.html,Editorial Policy
blog/playabets-vs-hollywoodbets-south-africa-2026.html,/responsible-gambling.html,Responsible Gambling
blog/playabets-vs-hollywoodbets-south-africa-2026.html,/privacy.html,Privacy
blog/playabets-vs-hollywoodbets-south-africa-2026.html,/contact.html,Contact
blog/playabets-vs-hollywoodbets-south-africa-2026.html,/blog/,Blog
blog/playabets-vs-hollywoodbets-south-africa-2026.html,/blog/category-bookmaker-comparisons.html,Bookmaker Comparisons
blog/playabets-vs-supabets-psl-rugby-cricket-june-2026.html,/,BetSorted
blog/playabets-vs-supabets-psl-rugby-cricket-june-2026.html,/#comparison,Compare
blog/playabets-vs-supabets-psl-rugby-cricket-june-2026.html,/bookmakers/,Bookmakers
blog/playabets-vs-supabets-psl-rugby-cricket-june-2026.html,/glossary.html,Glossary
blog/playabets-vs-supabets-psl-rugby-cricket-june-2026.html,/calculators.html,Calculators
blog/playabets-vs-supabets-psl-rugby-cricket-june-2026.html,/blog/,Blog
blog/playabets-vs-supabets-psl-rugby-cricket-june-2026.html,/psl-match-centre.html,⚽ PSL Live
blog/playabets-vs-supabets-psl-rugby-cricket-june-2026.html,/prediction-markets.html,💰 Smart Money
blog/playabets-vs-supabets-psl-rugby-cricket-june-2026.html,/blog/playabets-vs-supabets-south-africa-2026.html,Click here
blog/playabets-vs-supabets-south-africa-2026.html,/blog/supabets-review-south-africa-2026.html,Supabets
blog/playabets-vs-supabets-south-africa-2026.html,/,BetSorted
blog/playabets-vs-supabets-south-africa-2026.html,/#comparison,Compare
blog/playabets-vs-supabets-south-africa-2026.html,/bookmakers/,Bookmakers
blog/playabets-vs-supabets-south-africa-2026.html,/glossary.html,Glossary
blog/playabets-vs-supabets-south-africa-2026.html,/calculators.html,Calculators
blog/playabets-vs-supabets-south-africa-2026.html,/blog/,Blog
blog/playabets-vs-supabets-south-africa-2026.html,/psl-match-centre.html,⚽ PSL Live
blog/playabets-vs-supabets-south-africa-2026.html,/prediction-markets.html,💰 Smart Money
blog/playabets-vs-supabets-south-africa-2026.html,/,Home
blog/playabets-vs-supabets-south-africa-2026.html,/blog/,Blog
blog/playabets-vs-supabets-south-africa-2026.html,/blog/,← Back to Blog
blog/playabets-vs-supabets-south-africa-2026.html,/blog/playabets-review-south-africa-2026.html,Playabets
blog/playabets-vs-supabets-south-africa-2026.html,/betting-calculator.html,betting calculator
blog/playabets-vs-supabets-south-africa-2026.html,/blog/playabets-review-south-africa-2026.html,Playabets
blog/playabets-vs-supabets-south-africa-2026.html,/blog/supabets-review-south-africa-2026.html,Supabets
blog/playabets-vs-supabets-south-africa-2026.html,/blog/betway-review-south-africa-2026.html,Betway
blog/playabets-vs-supabets-south-africa-2026.html,/blog/sportingbet-review-south-africa-2026.html,Sportingbet
blog/playabets-vs-supabets-south-africa-2026.html,/odds-comparison.html,odds comparison tool
blog/playabets-vs-supabets-south-africa-2026.html,/blog/betway-review-south-africa-2026.html,Betway-level
blog/playabets-vs-supabets-south-africa-2026.html,/blog/how-to-withdraw-betting-sites-south-africa-2026.html,complete withdrawal guide
blog/playabets-vs-supabets-south-africa-2026.html,/blog/hollywoodbets-review-south-africa-2026.html,Hollywoodbets
blog/playabets-vs-supabets-south-africa-2026.html,/blog/hollywoodbets-review-south-africa-2026.html,Hollywoodbets
blog/playabets-vs-supabets-south-africa-2026.html,/blog/hollywoodbets-review-south-africa-2026.html,Hollywoodbets
blog/playabets-vs-supabets-south-africa-2026.html,/blog/playabets-review-south-africa-2026.html,Playabets review
blog/playabets-vs-supabets-south-africa-2026.html,/blog/supabets-review-south-africa-2026.html,Supabets review
blog/playabets-vs-supabets-south-africa-2026.html,/odds-comparison.html,odds comparison tool
blog/playabets-vs-supabets-south-africa-2026.html,/blog/best-betway-alternatives-south-africa-june-2026.html,Best Betway Alternatives for South African Bettors (June 2026)
blog/playabets-vs-supabets-south-africa-2026.html,/blog/betfred-vs-10bet-south-africa-2026.html,Betfred vs 10bet South Africa 2026: International Bookmaker Showdown
blog/playabets-vs-supabets-south-africa-2026.html,/blog/category-bookmaker-comparisons.html,Bookmaker Comparisons
blog/playabets-vs-supabets-south-africa-2026.html,/blog/gbets-vs-10bet-south-africa-2026.html,Gbets vs 10bet South Africa 2026 — Which Bookmaker Wins?
blog/playabets-vs-supabets-south-africa-2026.html,/blog/,← Back to Blog
blog/playabets-vs-supabets-south-africa-2026.html,/about.html,About
blog/playabets-vs-supabets-south-africa-2026.html,/editorial-policy.html,Editorial Policy
blog/playabets-vs-supabets-south-africa-2026.html,/responsible-gambling.html,Responsible Gambling
blog/playabets-vs-supabets-south-africa-2026.html,/privacy.html,Privacy
blog/playabets-vs-supabets-south-africa-2026.html,/contact.html,Contact
blog/playabets-vs-supabets-south-africa-2026.html,/blog/,Blog
blog/playabets-vs-supabets-south-africa-2026.html,/blog/category-bookmaker-comparisons.html,Bookmaker Comparisons
blog/playabets-vs-wsb-south-africa-2026.html,/blog/wsb-review-south-africa-2026.html,WSB
blog/playabets-vs-wsb-south-africa-2026.html,/,BetSorted
blog/playabets-vs-wsb-south-africa-2026.html,/#comparison,Compare
blog/playabets-vs-wsb-south-africa-2026.html,/bookmakers/,Bookmakers
blog/playabets-vs-wsb-south-africa-2026.html,/glossary.html,Glossary
blog/playabets-vs-wsb-south-africa-2026.html,/calculators.html,Calculators
blog/playabets-vs-wsb-south-africa-2026.html,/blog/,Blog
blog/playabets-vs-wsb-south-africa-2026.html,/psl-match-centre.html,⚽ PSL Live
blog/playabets-vs-wsb-south-africa-2026.html,/prediction-markets.html,💰 Smart Money
blog/playabets-vs-wsb-south-africa-2026.html,/,Home
blog/playabets-vs-wsb-south-africa-2026.html,/blog/,Blog
blog/playabets-vs-wsb-south-africa-2026.html,/blog/hollywoodbets-review-south-africa-2026.html,Hollywoodbets
blog/playabets-vs-wsb-south-africa-2026.html,/blog/betway-review-south-africa-2026.html,Betway
blog/playabets-vs-wsb-south-africa-2026.html,/blog/playabets-review-south-africa-2026.html,Playabets
blog/playabets-vs-wsb-south-africa-2026.html,/blog/best-betting-sites-beginners-south-africa-2026.html,full guide to the best betting sites in South Africa
blog/playabets-vs-wsb-south-africa-2026.html,/blog/playabets-review-south-africa-2026.html,Playabets
blog/playabets-vs-wsb-south-africa-2026.html,/blog/wsb-review-south-africa-2026.html,WSB
blog/playabets-vs-wsb-south-africa-2026.html,/betting-calculator.html,betting calculator
blog/playabets-vs-wsb-south-africa-2026.html,/blog/horse-racing-betting-guide-south-africa-2026.html,horse racing betting guide
blog/playabets-vs-wsb-south-africa-2026.html,/blog/hollywoodbets-review-south-africa-2026.html,Hollywoodbets
blog/playabets-vs-wsb-south-africa-2026.html,/blog/betway-review-south-africa-2026.html,Betway
blog/playabets-vs-wsb-south-africa-2026.html,/blog/supabets-review-south-africa-2026.html,Supabets
blog/playabets-vs-wsb-south-africa-2026.html,/blog/wsb-review-south-africa-2026.html,full WSB review
blog/playabets-vs-wsb-south-africa-2026.html,/blog/playabets-review-south-africa-2026.html,complete Playabets review
blog/playabets-vs-wsb-south-africa-2026.html,/blog/best-betting-sites-beginners-south-africa-2026.html,best betting sites in South Africa 2026
blog/playabets-vs-wsb-south-africa-2026.html,/betting-calculator.html,BetSorted calculator
blog/playabets-vs-wsb-south-africa-2026.html,/blog/best-betway-alternatives-south-africa-june-2026.html,Best Betway Alternatives for South African Bettors (June 2026)
blog/playabets-vs-wsb-south-africa-2026.html,/blog/betfred-vs-10bet-south-africa-2026.html,Betfred vs 10bet South Africa 2026: International Bookmaker Showdown
blog/playabets-vs-wsb-south-africa-2026.html,/blog/category-bookmaker-comparisons.html,Bookmaker Comparisons
blog/playabets-vs-wsb-south-africa-2026.html,/blog/gbets-vs-10bet-south-africa-2026.html,Gbets vs 10bet South Africa 2026 — Which Bookmaker Wins?
blog/playabets-vs-wsb-south-africa-2026.html,/about.html,About
blog/playabets-vs-wsb-south-africa-2026.html,/blog/,Blog
blog/playabets-vs-wsb-south-africa-2026.html,/responsible-gambling.html,Responsible Gambling
blog/playabets-vs-wsb-south-africa-2026.html,/editorial-policy.html,Editorial Policy
blog/polymarket-vs-kalshi-vs-sa-bookmakers-2026.html,/blog/hollywoodbets-review-south-africa-2026.html,Hollywoodbets
blog/polymarket-vs-kalshi-vs-sa-bookmakers-2026.html,/,BetSorted
blog/polymarket-vs-kalshi-vs-sa-bookmakers-2026.html,/#comparison,Compare
blog/polymarket-vs-kalshi-vs-sa-bookmakers-2026.html,/bookmakers/,Bookmakers
blog/polymarket-vs-kalshi-vs-sa-bookmakers-2026.html,/glossary.html,Glossary
blog/polymarket-vs-kalshi-vs-sa-bookmakers-2026.html,/calculators.html,Calculators
blog/polymarket-vs-kalshi-vs-sa-bookmakers-2026.html,/blog/,Blog
blog/polymarket-vs-kalshi-vs-sa-bookmakers-2026.html,/psl-match-centre.html,⚽ PSL Live
blog/polymarket-vs-kalshi-vs-sa-bookmakers-2026.html,/prediction-markets.html,💰 Smart Money
blog/polymarket-vs-kalshi-vs-sa-bookmakers-2026.html,/,Home
blog/polymarket-vs-kalshi-vs-sa-bookmakers-2026.html,/blog/,Blog
blog/polymarket-vs-kalshi-vs-sa-bookmakers-2026.html,/blog/,← Back to Blog
blog/polymarket-vs-kalshi-vs-sa-bookmakers-2026.html,/about.html,BetSorted Editorial Team
blog/polymarket-vs-kalshi-vs-sa-bookmakers-2026.html,/odds-comparison.html,odds comparison page
blog/polymarket-vs-kalshi-vs-sa-bookmakers-2026.html,/betting-calculator.html,betting calculator
blog/polymarket-vs-kalshi-vs-sa-bookmakers-2026.html,/blog/betway-review-south-africa-2026.html,Betway
blog/polymarket-vs-kalshi-vs-sa-bookmakers-2026.html,/blog/hollywoodbets-review-south-africa-2026.html,Hollywoodbets
blog/polymarket-vs-kalshi-vs-sa-bookmakers-2026.html,/prediction-markets.html,💰 Smart Money tool
blog/polymarket-vs-kalshi-vs-sa-bookmakers-2026.html,/blog/supabets-review-south-africa-2026.html,Supabets
blog/polymarket-vs-kalshi-vs-sa-bookmakers-2026.html,/prediction-markets.html,💰 Smart Money tool
blog/polymarket-vs-kalshi-vs-sa-bookmakers-2026.html,/prediction-markets.html,View Smart Money Dashboard →
blog/polymarket-vs-kalshi-vs-sa-bookmakers-2026.html,/kelly-criterion-calculator.html,Kelly Criterion calculator
blog/polymarket-vs-kalshi-vs-sa-bookmakers-2026.html,/prediction-markets.html,Smart Money tool
blog/polymarket-vs-kalshi-vs-sa-bookmakers-2026.html,/prediction-markets.html,💰 Smart Money tool
blog/polymarket-vs-kalshi-vs-sa-bookmakers-2026.html,/blog/best-betway-alternatives-south-africa-june-2026.html,Best Betway Alternatives for South African Bettors (June 2026)
blog/polymarket-vs-kalshi-vs-sa-bookmakers-2026.html,/blog/betfred-vs-10bet-south-africa-2026.html,Betfred vs 10bet South Africa 2026: International Bookmaker Showdown
blog/polymarket-vs-kalshi-vs-sa-bookmakers-2026.html,/blog/category-bookmaker-comparisons.html,Bookmaker Comparisons
blog/polymarket-vs-kalshi-vs-sa-bookmakers-2026.html,/blog/gbets-vs-10bet-south-africa-2026.html,Gbets vs 10bet South Africa 2026 — Which Bookmaker Wins?
blog/polymarket-vs-kalshi-vs-sa-bookmakers-2026.html,/blog/,← Back to Blog
blog/polymarket-vs-kalshi-vs-sa-bookmakers-2026.html,/about.html,About
blog/polymarket-vs-kalshi-vs-sa-bookmakers-2026.html,/editorial-policy.html,Editorial Policy
blog/polymarket-vs-kalshi-vs-sa-bookmakers-2026.html,/responsible-gambling.html,Responsible Gambling
blog/polymarket-vs-kalshi-vs-sa-bookmakers-2026.html,/blog/,Blog
blog/polymarket-vs-kalshi-vs-sa-bookmakers-2026.html,/psl-match-centre.html,⚽ PSL Live
blog/proteas-cricket-betting-guide-2026.html,/,BetSorted
blog/proteas-cricket-betting-guide-2026.html,/#comparison,Compare
blog/proteas-cricket-betting-guide-2026.html,/bookmakers/,Bookmakers
blog/proteas-cricket-betting-guide-2026.html,/glossary.html,Glossary
blog/proteas-cricket-betting-guide-2026.html,/calculators.html,Calculators
blog/proteas-cricket-betting-guide-2026.html,/blog/,Blog
blog/proteas-cricket-betting-guide-2026.html,/psl-match-centre.html,⚽ PSL Live
blog/proteas-cricket-betting-guide-2026.html,/prediction-markets.html,💰 Smart Money
blog/proteas-cricket-betting-guide-2026.html,/,Home
blog/proteas-cricket-betting-guide-2026.html,/blog/,Blog
blog/proteas-cricket-betting-guide-2026.html,/blog/,← Back to Blog
blog/proteas-cricket-betting-guide-2026.html,/odds-comparison.html,odds comparison page
blog/proteas-cricket-betting-guide-2026.html,/betting-calculator.html,betting calculator
blog/proteas-cricket-betting-guide-2026.html,/betting-calculator.html,betting calculator
blog/proteas-cricket-betting-guide-2026.html,/blog/betway-review-south-africa-2026.html,Betway
blog/proteas-cricket-betting-guide-2026.html,/blog/hollywoodbets-review-south-africa-2026.html,Hollywoodbets
blog/proteas-cricket-betting-guide-2026.html,/blog/sportingbet-review-south-africa-2026.html,Sportingbet
blog/proteas-cricket-betting-guide-2026.html,/blog/10bet-review-south-africa-2026.html,10bet
blog/proteas-cricket-betting-guide-2026.html,/accumulator-calculator.html,accumulator calculator
blog/proteas-cricket-betting-guide-2026.html,/blog/sa20-betting-guide-2026.html,SA20 league
blog/proteas-cricket-betting-guide-2026.html,/blog/betway-review-south-africa-2026.html,Betway
blog/proteas-cricket-betting-guide-2026.html,/blog/hollywoodbets-review-south-africa-2026.html,Hollywoodbets
blog/proteas-cricket-betting-guide-2026.html,/blog/sa20-betting-guide-2026.html,SA20 betting guide
blog/proteas-cricket-betting-guide-2026.html,/blog/best-psl-betting-site-2026.html,best betting sites in SA
blog/proteas-cricket-betting-guide-2026.html,/betting-calculator.html,betting calculator
blog/proteas-cricket-betting-guide-2026.html,/blog/sa20-betting-guide-2026.html,dedicated SA20 betting guide
blog/proteas-cricket-betting-guide-2026.html,/blog/best-cricket-betting-sites-south-africa-2026.html,Best Betting Sites for Cricket in South Africa (2026)
blog/proteas-cricket-betting-guide-2026.html,/blog/category-cricket.html,Cricket
blog/proteas-cricket-betting-guide-2026.html,/blog/how-to-bet-on-t20-cricket-march-2026-series.html,How to Bet on T20 Cricket: South Africa's March 2026 Series Guide
blog/proteas-cricket-betting-guide-2026.html,/blog/ipl-betting-guide-south-africa.html,IPL Betting Guide for South Africans | BetSorted
blog/proteas-cricket-betting-guide-2026.html,/blog/,← Back to Blog
blog/proteas-cricket-betting-guide-2026.html,/about.html,About
blog/proteas-cricket-betting-guide-2026.html,/editorial-policy.html,Editorial Policy
blog/proteas-cricket-betting-guide-2026.html,/responsible-gambling.html,Responsible Gambling
blog/proteas-cricket-betting-guide-2026.html,/privacy.html,Privacy
blog/proteas-cricket-betting-guide-2026.html,/contact.html,Contact
blog/proteas-cricket-betting-guide-2026.html,/blog/,Blog
blog/proteas-cricket-betting-guide-2026.html,/blog/category-bookmaker-comparisons.html,Bookmaker Comparisons
blog/proteas-vs-new-zealand-t20i-betting-guide-march-2026.html,/,BetSorted
blog/proteas-vs-new-zealand-t20i-betting-guide-march-2026.html,/#comparison,Compare
blog/proteas-vs-new-zealand-t20i-betting-guide-march-2026.html,/bookmakers/,Bookmakers
blog/proteas-vs-new-zealand-t20i-betting-guide-march-2026.html,/glossary.html,Glossary
blog/proteas-vs-new-zealand-t20i-betting-guide-march-2026.html,/calculators.html,Calculators
blog/proteas-vs-new-zealand-t20i-betting-guide-march-2026.html,/blog/,Blog
blog/proteas-vs-new-zealand-t20i-betting-guide-march-2026.html,/psl-match-centre.html,⚽ PSL Live
blog/proteas-vs-new-zealand-t20i-betting-guide-march-2026.html,/prediction-markets.html,💰 Smart Money
blog/proteas-vs-new-zealand-t20i-betting-guide-march-2026.html,/blog/category-cricket.html,Click here
blog/proteas-womens-t20-world-cup-betting-guide-2026.html,/,BetSorted
blog/proteas-womens-t20-world-cup-betting-guide-2026.html,/#comparison,Compare
blog/proteas-womens-t20-world-cup-betting-guide-2026.html,/bookmakers/,Bookmakers
blog/proteas-womens-t20-world-cup-betting-guide-2026.html,/glossary.html,Glossary
blog/proteas-womens-t20-world-cup-betting-guide-2026.html,/calculators.html,Calculators
blog/proteas-womens-t20-world-cup-betting-guide-2026.html,/blog/,Blog
blog/proteas-womens-t20-world-cup-betting-guide-2026.html,/psl-match-centre.html,⚽ PSL Live
blog/proteas-womens-t20-world-cup-betting-guide-2026.html,/prediction-markets.html,💰 Smart Money
blog/proteas-womens-t20-world-cup-betting-guide-2026.html,/,Home
blog/proteas-womens-t20-world-cup-betting-guide-2026.html,/blog/,Blog
blog/proteas-womens-t20-world-cup-betting-guide-2026.html,/bookmakers/betway-cricket-betting.html,Betway
blog/proteas-womens-t20-world-cup-betting-guide-2026.html,/bookmakers/sportingbet-cricket-betting.html,Sportingbet
blog/proteas-womens-t20-world-cup-betting-guide-2026.html,/bookmakers/hollywoodbets-cricket-betting.html,Hollywoodbets
blog/proteas-womens-t20-world-cup-betting-guide-2026.html,/bookmakers/supabets-cricket-betting.html,Supabets
blog/proteas-womens-t20-world-cup-betting-guide-2026.html,/bookmakers/world-sports-betting-cricket-betting.html,World Sports Betting
blog/proteas-womens-t20-world-cup-betting-guide-2026.html,/odds-converter.html,odds converter
blog/proteas-womens-t20-world-cup-betting-guide-2026.html,/betting-calculator.html,betting calculator
blog/proteas-womens-t20-world-cup-betting-guide-2026.html,/value-bet-calculator.html,value bet calculator
blog/proteas-womens-t20-world-cup-betting-guide-2026.html,/accumulator-calculator.html,accumulator calculator
blog/proteas-womens-t20-world-cup-betting-guide-2026.html,/odds-converter.html,odds converter
blog/proteas-womens-t20-world-cup-betting-guide-2026.html,/accumulator-calculator.html,accumulator calculator
blog/proteas-womens-t20-world-cup-betting-guide-2026.html,/bankroll-tracker.html,bankroll tracker
blog/proteas-womens-t20-world-cup-betting-guide-2026.html,/blog/sportingbet-vs-world-sports-betting-rugby-cricket-june-2026.html,Sportingbet vs World Sports Betting: Rugby and Cricket Guide
blog/proteas-womens-t20-world-cup-betting-guide-2026.html,/blog/psl-title-race-betting-guide.html,"June Rugby, Cricket and PSL Accumulator Calculator Guide"
blog/proteas-womens-t20-world-cup-betting-guide-2026.html,/bookmakers/betway-cricket-betting.html,Betway Cricket Betting Review
blog/proteas-womens-t20-world-cup-betting-guide-2026.html,/bookmakers/hollywoodbets-cricket-betting.html,Hollywoodbets Cricket Betting Review
blog/proteas-womens-t20-world-cup-betting-guide-2026.html,/blog/bafana-world-cup-betting-guide.html,Bafana World Cup Betting Guide for South Africans | BetSorted
blog/proteas-womens-t20-world-cup-betting-guide-2026.html,/blog/category-world-cup.html,World Cup
blog/proteas-womens-t20-world-cup-betting-guide-2026.html,/blog/world-cup-2026-group-stage-results-sa-betting-guide.html,"World Cup 2026 Group Stage: SA Bettors' Complete Guide to Odds, Markets & Bookmakers"
blog/proteas-womens-t20-world-cup-betting-guide-2026.html,/blog/fifa-world-cup-2026-betting-guide-south-africa.html,FIFA World Cup 2026 Betting Guide: Everything SA Punters Need to Know
blog/psl-2025-26-title-race-who-wins-the-league-2026.html,/,BetSorted
blog/psl-2025-26-title-race-who-wins-the-league-2026.html,/#comparison,Compare
blog/psl-2025-26-title-race-who-wins-the-league-2026.html,/bookmakers/,Bookmakers
blog/psl-2025-26-title-race-who-wins-the-league-2026.html,/glossary.html,Glossary
blog/psl-2025-26-title-race-who-wins-the-league-2026.html,/calculators.html,Calculators
blog/psl-2025-26-title-race-who-wins-the-league-2026.html,/blog/,Blog
blog/psl-2025-26-title-race-who-wins-the-league-2026.html,/psl-match-centre.html,⚽ PSL Live
blog/psl-2025-26-title-race-who-wins-the-league-2026.html,/prediction-markets.html,💰 Smart Money
blog/psl-2025-26-title-race-who-wins-the-league-2026.html,/blog/psl-title-race-betting-guide.html,Click here
blog/psl-april-2026-title-race-betting-guide.html,/,BetSorted
blog/psl-april-2026-title-race-betting-guide.html,/#comparison,Compare
blog/psl-april-2026-title-race-betting-guide.html,/bookmakers/,Bookmakers
blog/psl-april-2026-title-race-betting-guide.html,/glossary.html,Glossary
blog/psl-april-2026-title-race-betting-guide.html,/calculators.html,Calculators
blog/psl-april-2026-title-race-betting-guide.html,/blog/,Blog
blog/psl-april-2026-title-race-betting-guide.html,/psl-match-centre.html,⚽ PSL Live
blog/psl-april-2026-title-race-betting-guide.html,/prediction-markets.html,💰 Smart Money
blog/psl-april-2026-title-race-betting-guide.html,/blog/psl-title-race-betting-guide.html,Click here
blog/psl-bet-builder-guide-south-africa-2026.html,/,BetSorted
blog/psl-bet-builder-guide-south-africa-2026.html,/#comparison,Compare
blog/psl-bet-builder-guide-south-africa-2026.html,/bookmakers/,Bookmakers
blog/psl-bet-builder-guide-south-africa-2026.html,/glossary.html,Glossary
blog/psl-bet-builder-guide-south-africa-2026.html,/calculators.html,Calculators
blog/psl-bet-builder-guide-south-africa-2026.html,/blog/,Blog
blog/psl-bet-builder-guide-south-africa-2026.html,/psl-match-centre.html,⚽ PSL Live
blog/psl-bet-builder-guide-south-africa-2026.html,/prediction-markets.html,💰 Smart Money
blog/psl-bet-builder-guide-south-africa-2026.html,/,Home
blog/psl-bet-builder-guide-south-africa-2026.html,/blog/,Blog
blog/psl-bet-builder-guide-south-africa-2026.html,/accumulator-calculator.html,accumulator calculator
blog/psl-bet-builder-guide-south-africa-2026.html,/best-odds-finder.html,best odds finder
blog/psl-bet-builder-guide-south-africa-2026.html,/withdrawal-speed-comparison.html,withdrawal speed comparison
blog/psl-bet-builder-guide-south-africa-2026.html,/kelly-criterion-calculator.html,Kelly criterion calculator
blog/psl-bet-builder-guide-south-africa-2026.html,/betting-calculator.html,betting calculator
blog/psl-bet-builder-guide-south-africa-2026.html,/bankroll-tracker.html,bankroll tracker
blog/psl-bet-builder-guide-south-africa-2026.html,/blog/same-game-multi-psl-bafana-rugby-guide-2026.html,"Same Game Multi Guide for PSL, Bafana and Rugby"
blog/psl-bet-builder-guide-south-africa-2026.html,/blog/psl-title-race-betting-guide.html,PSL Weekend Accumulator Calculator
blog/psl-bet-builder-guide-south-africa-2026.html,/blog/hollywoodbets-vs-supabets-2026.html,Hollywoodbets vs Supabets for PSL Betting
blog/psl-bet-builder-guide-south-africa-2026.html,/psl-fixtures.html,PSL Fixtures
blog/psl-bet-builder-guide-south-africa-2026.html,/blog/mtn8-betting-guide-south-africa-2026.html,MTN8 Betting Guide South Africa 2026: How to Bet PSL Cup Football Without Guessing
blog/psl-bet-builder-guide-south-africa-2026.html,/blog/nedbank-cup-betting-guide.html,Nedbank Cup Betting Guide for South Africans | BetSorted
blog/psl-bet-builder-guide-south-africa-2026.html,/blog/category-psl.html,PSL
blog/psl-bet-builder-guide-south-africa-2026.html,/blog/psl-playoffs-2026-betting-guide.html,"PSL Playoffs 2026 Betting Guide — Top 8 Odds, Predictions &amp; Best Bookmakers"
blog/psl-easter-weekend-2026-betting-guide.html,/,BetSorted
blog/psl-easter-weekend-2026-betting-guide.html,/#comparison,Compare
blog/psl-easter-weekend-2026-betting-guide.html,/bookmakers/,Bookmakers
blog/psl-easter-weekend-2026-betting-guide.html,/glossary.html,Glossary
blog/psl-easter-weekend-2026-betting-guide.html,/calculators.html,Calculators
blog/psl-easter-weekend-2026-betting-guide.html,/blog/,Blog
blog/psl-easter-weekend-2026-betting-guide.html,/psl-match-centre.html,⚽ PSL Live
blog/psl-easter-weekend-2026-betting-guide.html,/prediction-markets.html,💰 Smart Money
blog/psl-easter-weekend-2026-betting-guide.html,/blog/psl-title-race-betting-guide.html,Click here
blog/psl-final-day-betting-guide-may-2026.html,/,BetSorted
blog/psl-final-day-betting-guide-may-2026.html,/#comparison,Compare
blog/psl-final-day-betting-guide-may-2026.html,/bookmakers/,Bookmakers
blog/psl-final-day-betting-guide-may-2026.html,/glossary.html,Glossary
blog/psl-final-day-betting-guide-may-2026.html,/calculators.html,Calculators
blog/psl-final-day-betting-guide-may-2026.html,/blog/,Blog
blog/psl-final-day-betting-guide-may-2026.html,/psl-match-centre.html,⚽ PSL Live
blog/psl-final-day-betting-guide-may-2026.html,/prediction-markets.html,💰 Smart Money
blog/psl-final-day-betting-guide-may-2026.html,/blog/psl-title-race-betting-guide.html,Click here
blog/psl-final-round-live-betting-guide-may-2026.html,/,BetSorted
blog/psl-final-round-live-betting-guide-may-2026.html,/#comparison,Compare
blog/psl-final-round-live-betting-guide-may-2026.html,/bookmakers/,Bookmakers
blog/psl-final-round-live-betting-guide-may-2026.html,/glossary.html,Glossary
blog/psl-final-round-live-betting-guide-may-2026.html,/calculators.html,Calculators
blog/psl-final-round-live-betting-guide-may-2026.html,/blog/,Blog
blog/psl-final-round-live-betting-guide-may-2026.html,/psl-match-centre.html,⚽ PSL Live
blog/psl-final-round-live-betting-guide-may-2026.html,/prediction-markets.html,💰 Smart Money
blog/psl-final-round-live-betting-guide-may-2026.html,/blog/psl-title-race-betting-guide.html,Click here
blog/psl-final-stretch-title-race-betting-guide-april-2026.html,/,BetSorted
blog/psl-final-stretch-title-race-betting-guide-april-2026.html,/#comparison,Compare
blog/psl-final-stretch-title-race-betting-guide-april-2026.html,/bookmakers/,Bookmakers
blog/psl-final-stretch-title-race-betting-guide-april-2026.html,/glossary.html,Glossary
blog/psl-final-stretch-title-race-betting-guide-april-2026.html,/calculators.html,Calculators
blog/psl-final-stretch-title-race-betting-guide-april-2026.html,/blog/,Blog
blog/psl-final-stretch-title-race-betting-guide-april-2026.html,/psl-match-centre.html,⚽ PSL Live
blog/psl-final-stretch-title-race-betting-guide-april-2026.html,/prediction-markets.html,💰 Smart Money
blog/psl-final-stretch-title-race-betting-guide-april-2026.html,/blog/psl-title-race-betting-guide.html,Click here
blog/psl-final-weekend-odds-shopping-guide-may-2026.html,/,BetSorted
blog/psl-final-weekend-odds-shopping-guide-may-2026.html,/#comparison,Compare
blog/psl-final-weekend-odds-shopping-guide-may-2026.html,/bookmakers/,Bookmakers
blog/psl-final-weekend-odds-shopping-guide-may-2026.html,/glossary.html,Glossary
blog/psl-final-weekend-odds-shopping-guide-may-2026.html,/calculators.html,Calculators
blog/psl-final-weekend-odds-shopping-guide-may-2026.html,/blog/,Blog
blog/psl-final-weekend-odds-shopping-guide-may-2026.html,/psl-match-centre.html,⚽ PSL Live
blog/psl-final-weekend-odds-shopping-guide-may-2026.html,/prediction-markets.html,💰 Smart Money
blog/psl-final-weekend-odds-shopping-guide-may-2026.html,/blog/psl-title-race-betting-guide.html,Click here
blog/psl-final-weeks-april-2026-title-race.html,/,BetSorted
blog/psl-final-weeks-april-2026-title-race.html,/#comparison,Compare
blog/psl-final-weeks-april-2026-title-race.html,/bookmakers/,Bookmakers
blog/psl-final-weeks-april-2026-title-race.html,/glossary.html,Glossary
blog/psl-final-weeks-april-2026-title-race.html,/calculators.html,Calculators
blog/psl-final-weeks-april-2026-title-race.html,/blog/,Blog
blog/psl-final-weeks-april-2026-title-race.html,/psl-match-centre.html,⚽ PSL Live
blog/psl-final-weeks-april-2026-title-race.html,/prediction-markets.html,💰 Smart Money
blog/psl-final-weeks-april-2026-title-race.html,/blog/psl-title-race-betting-guide.html,Click here
blog/psl-final-weeks-betting-guide-april-2026.html,/,BetSorted
blog/psl-final-weeks-betting-guide-april-2026.html,/#comparison,Compare
blog/psl-final-weeks-betting-guide-april-2026.html,/bookmakers/,Bookmakers
blog/psl-final-weeks-betting-guide-april-2026.html,/glossary.html,Glossary
blog/psl-final-weeks-betting-guide-april-2026.html,/calculators.html,Calculators
blog/psl-final-weeks-betting-guide-april-2026.html,/blog/,Blog
blog/psl-final-weeks-betting-guide-april-2026.html,/psl-match-centre.html,⚽ PSL Live
blog/psl-final-weeks-betting-guide-april-2026.html,/prediction-markets.html,💰 Smart Money
blog/psl-final-weeks-betting-guide-april-2026.html,/blog/psl-title-race-betting-guide.html,Click here
blog/psl-golden-boot-2026-top-scorer-betting-guide.html,/,BetSorted
blog/psl-golden-boot-2026-top-scorer-betting-guide.html,/#comparison,Compare
blog/psl-golden-boot-2026-top-scorer-betting-guide.html,/bookmakers/,Bookmakers
blog/psl-golden-boot-2026-top-scorer-betting-guide.html,/glossary.html,Glossary
blog/psl-golden-boot-2026-top-scorer-betting-guide.html,/calculators.html,Calculators
blog/psl-golden-boot-2026-top-scorer-betting-guide.html,/blog/,Blog
blog/psl-golden-boot-2026-top-scorer-betting-guide.html,/psl-match-centre.html,⚽ PSL Live
blog/psl-golden-boot-2026-top-scorer-betting-guide.html,/prediction-markets.html,💰 Smart Money
blog/psl-golden-boot-2026-top-scorer-betting-guide.html,/,Home
blog/psl-golden-boot-2026-top-scorer-betting-guide.html,/blog/,Blog
blog/psl-golden-boot-2026-top-scorer-betting-guide.html,/blog/,← Back to Blog
blog/psl-golden-boot-2026-top-scorer-betting-guide.html,/blog/betway-review-south-africa-2026.html,Betway
blog/psl-golden-boot-2026-top-scorer-betting-guide.html,/blog/hollywoodbets-review-south-africa-2026.html,Hollywoodbets
blog/psl-golden-boot-2026-top-scorer-betting-guide.html,/blog/sportingbet-review-south-africa-2026.html,Sportingbet
blog/psl-golden-boot-2026-top-scorer-betting-guide.html,/blog/wsb-review-south-africa-2026.html,WSB
blog/psl-golden-boot-2026-top-scorer-betting-guide.html,/blog/sunbet-review-south-africa-2026.html,Sunbet
blog/psl-golden-boot-2026-top-scorer-betting-guide.html,/accumulator-calculator.html,accumulator calculator
blog/psl-golden-boot-2026-top-scorer-betting-guide.html,/accumulator-calculator.html,accumulator calculator
blog/psl-golden-boot-2026-top-scorer-betting-guide.html,/psl-match-centre.html,PSL Match Centre
blog/psl-golden-boot-2026-top-scorer-betting-guide.html,/psl-match-centre.html,PSL Match Centre — Live Scores & Fixtures
blog/psl-golden-boot-2026-top-scorer-betting-guide.html,/accumulator-calculator.html,Accumulator Calculator
blog/psl-golden-boot-2026-top-scorer-betting-guide.html,/blog/best-cashback-loyalty-programs-sa-bookmakers-2026.html,Best Cashback & Loyalty Programs at SA Bookmakers (2026)
blog/psl-golden-boot-2026-top-scorer-betting-guide.html,/blog/how-to-bet-on-ufc-mma-south-africa-2026.html,How to Bet on UFC & MMA in South Africa (2026)
blog/psl-golden-boot-2026-top-scorer-betting-guide.html,/blog/betway-review-south-africa-2026.html,Betway Review
blog/psl-golden-boot-2026-top-scorer-betting-guide.html,/blog/accumulator-betting-guide-south-africa-2026.html,Accumulator Betting Guide SA 2026
blog/psl-golden-boot-2026-top-scorer-betting-guide.html,/blog/mtn8-betting-guide-south-africa-2026.html,MTN8 Betting Guide South Africa 2026: How to Bet PSL Cup Football Without Guessing
blog/psl-golden-boot-2026-top-scorer-betting-guide.html,/blog/nedbank-cup-betting-guide.html,Nedbank Cup Betting Guide for South Africans | BetSorted
blog/psl-golden-boot-2026-top-scorer-betting-guide.html,/blog/category-psl.html,PSL
blog/psl-golden-boot-2026-top-scorer-betting-guide.html,/blog/psl-playoffs-2026-betting-guide.html,"PSL Playoffs 2026 Betting Guide — Top 8 Odds, Predictions &amp; Best Bookmakers"
blog/psl-golden-boot-2026-top-scorer-betting-guide.html,/about.html,About
blog/psl-golden-boot-2026-top-scorer-betting-guide.html,/blog/,Blog
blog/psl-golden-boot-2026-top-scorer-betting-guide.html,/calculators.html,Calculators
blog/psl-golden-boot-2026-top-scorer-betting-guide.html,/about.html,About
blog/psl-golden-boot-2026-top-scorer-betting-guide.html,/editorial-policy.html,Editorial Policy
blog/psl-golden-boot-2026-top-scorer-betting-guide.html,/responsible-gambling.html,Responsible Gambling
blog/psl-golden-boot-2026-top-scorer-betting-guide.html,/privacy.html,Privacy
blog/psl-golden-boot-2026-top-scorer-betting-guide.html,/contact.html,Contact
blog/psl-golden-boot-2026-top-scorer-betting-guide.html,/blog/,Blog
blog/psl-golden-boot-2026-top-scorer-betting-guide.html,/blog/category-bookmaker-comparisons.html,Bookmaker Comparisons
blog/psl-march-2026-betting-guide.html,/,BetSorted
blog/psl-march-2026-betting-guide.html,/#comparison,Compare
blog/psl-march-2026-betting-guide.html,/bookmakers/,Bookmakers
blog/psl-march-2026-betting-guide.html,/glossary.html,Glossary
blog/psl-march-2026-betting-guide.html,/calculators.html,Calculators
blog/psl-march-2026-betting-guide.html,/blog/,Blog
blog/psl-march-2026-betting-guide.html,/psl-match-centre.html,⚽ PSL Live
blog/psl-march-2026-betting-guide.html,/prediction-markets.html,💰 Smart Money
blog/psl-march-2026-betting-guide.html,/blog/psl-title-race-betting-guide.html,Click here
blog/psl-march-2026-matchweek-betting-tips.html,/,BetSorted
blog/psl-march-2026-matchweek-betting-tips.html,/#comparison,Compare
blog/psl-march-2026-matchweek-betting-tips.html,/bookmakers/,Bookmakers
blog/psl-march-2026-matchweek-betting-tips.html,/glossary.html,Glossary
blog/psl-march-2026-matchweek-betting-tips.html,/calculators.html,Calculators
blog/psl-march-2026-matchweek-betting-tips.html,/blog/,Blog
blog/psl-march-2026-matchweek-betting-tips.html,/psl-match-centre.html,⚽ PSL Live
blog/psl-march-2026-matchweek-betting-tips.html,/prediction-markets.html,💰 Smart Money
blog/psl-march-2026-matchweek-betting-tips.html,/blog/psl-title-race-betting-guide.html,Click here
blog/psl-mid-week-fixtures-march-10-14-betting-preview-2026.html,/,BetSorted
blog/psl-mid-week-fixtures-march-10-14-betting-preview-2026.html,/#comparison,Compare
blog/psl-mid-week-fixtures-march-10-14-betting-preview-2026.html,/bookmakers/,Bookmakers
blog/psl-mid-week-fixtures-march-10-14-betting-preview-2026.html,/glossary.html,Glossary
blog/psl-mid-week-fixtures-march-10-14-betting-preview-2026.html,/calculators.html,Calculators
blog/psl-mid-week-fixtures-march-10-14-betting-preview-2026.html,/blog/,Blog
blog/psl-mid-week-fixtures-march-10-14-betting-preview-2026.html,/psl-match-centre.html,⚽ PSL Live
blog/psl-mid-week-fixtures-march-10-14-betting-preview-2026.html,/prediction-markets.html,💰 Smart Money
blog/psl-mid-week-fixtures-march-10-14-betting-preview-2026.html,/blog/psl-title-race-betting-guide.html,Click here
blog/psl-midweek-april-15-19-2026-betting-guide.html,/,BetSorted
blog/psl-midweek-april-15-19-2026-betting-guide.html,/#comparison,Compare
blog/psl-midweek-april-15-19-2026-betting-guide.html,/bookmakers/,Bookmakers
blog/psl-midweek-april-15-19-2026-betting-guide.html,/glossary.html,Glossary
blog/psl-midweek-april-15-19-2026-betting-guide.html,/calculators.html,Calculators
blog/psl-midweek-april-15-19-2026-betting-guide.html,/blog/,Blog
blog/psl-midweek-april-15-19-2026-betting-guide.html,/psl-match-centre.html,⚽ PSL Live
blog/psl-midweek-april-15-19-2026-betting-guide.html,/prediction-markets.html,💰 Smart Money
blog/psl-midweek-april-15-19-2026-betting-guide.html,/blog/psl-title-race-betting-guide.html,Click here
blog/psl-newly-promoted-clubs-betting-guide-2026-27.html,/,BetSorted
blog/psl-newly-promoted-clubs-betting-guide-2026-27.html,/#comparison,Compare
blog/psl-newly-promoted-clubs-betting-guide-2026-27.html,/bookmakers/,Bookmakers
blog/psl-newly-promoted-clubs-betting-guide-2026-27.html,/glossary.html,Glossary
blog/psl-newly-promoted-clubs-betting-guide-2026-27.html,/calculators.html,Calculators
blog/psl-newly-promoted-clubs-betting-guide-2026-27.html,/blog/,Blog
blog/psl-newly-promoted-clubs-betting-guide-2026-27.html,/psl-match-centre.html,⚽ PSL Live
blog/psl-newly-promoted-clubs-betting-guide-2026-27.html,/prediction-markets.html,💰 Smart Money
blog/psl-newly-promoted-clubs-betting-guide-2026-27.html,/,Home
blog/psl-newly-promoted-clubs-betting-guide-2026-27.html,/blog/,Blog
blog/psl-newly-promoted-clubs-betting-guide-2026-27.html,/accumulator-calculator.html,accumulator calculator
blog/psl-newly-promoted-clubs-betting-guide-2026-27.html,/blog/how-to-bet-on-psl-relegation-promotion-south-africa-2026.html,PSL relegation and promotion guide
blog/psl-newly-promoted-clubs-betting-guide-2026-27.html,/odds-comparison.html,odds comparison page
blog/psl-newly-promoted-clubs-betting-guide-2026-27.html,/betting-calculator.html,betting calculator
blog/psl-newly-promoted-clubs-betting-guide-2026-27.html,/blog/psl-bet-builder-guide-south-africa-2026.html,PSL bet builder guide
blog/psl-newly-promoted-clubs-betting-guide-2026-27.html,/kelly-criterion-calculator.html,Kelly calculator
blog/psl-newly-promoted-clubs-betting-guide-2026-27.html,/psl-match-centre.html,Open PSL match centre
blog/psl-newly-promoted-clubs-betting-guide-2026-27.html,/calculators.html,Use BetSorted calculators
blog/psl-newly-promoted-clubs-betting-guide-2026-27.html,/blog/,Back to Blog
blog/psl-newly-promoted-clubs-betting-guide-2026-27.html,/blog/betway-premiership-2026-27-opening-weekend-betting-guide.html,Related: Opening Weekend Guide
blog/psl-offseason-odds-shopping-june-2026.html,/,BetSorted
blog/psl-offseason-odds-shopping-june-2026.html,/#comparison,Compare
blog/psl-offseason-odds-shopping-june-2026.html,/bookmakers/,Bookmakers
blog/psl-offseason-odds-shopping-june-2026.html,/glossary.html,Glossary
blog/psl-offseason-odds-shopping-june-2026.html,/calculators.html,Calculators
blog/psl-offseason-odds-shopping-june-2026.html,/blog/,Blog
blog/psl-offseason-odds-shopping-june-2026.html,/psl-match-centre.html,⚽ PSL Live
blog/psl-offseason-odds-shopping-june-2026.html,/prediction-markets.html,💰 Smart Money
blog/psl-offseason-odds-shopping-june-2026.html,/blog/psl-title-race-betting-guide.html,Click here
blog/psl-offseason-transfer-betting-guide-2026.html,/,BetSorted
blog/psl-offseason-transfer-betting-guide-2026.html,/#comparison,Compare
blog/psl-offseason-transfer-betting-guide-2026.html,/bookmakers/,Bookmakers
blog/psl-offseason-transfer-betting-guide-2026.html,/glossary.html,Glossary
blog/psl-offseason-transfer-betting-guide-2026.html,/calculators.html,Calculators
blog/psl-offseason-transfer-betting-guide-2026.html,/blog/,Blog
blog/psl-offseason-transfer-betting-guide-2026.html,/psl-match-centre.html,⚽ PSL Live
blog/psl-offseason-transfer-betting-guide-2026.html,/prediction-markets.html,💰 Smart Money
blog/psl-offseason-transfer-betting-guide-2026.html,/,Home
blog/psl-offseason-transfer-betting-guide-2026.html,/blog/,Blog
blog/psl-offseason-transfer-betting-guide-2026.html,/betting-calculator.html,betting calculator
blog/psl-offseason-transfer-betting-guide-2026.html,/best-odds-finder.html,best odds finder
blog/psl-offseason-transfer-betting-guide-2026.html,/accumulator-calculator.html,accumulator calculator
blog/psl-offseason-transfer-betting-guide-2026.html,/blog/mtn8-betting-guide-south-africa-2026.html,MTN8 Betting Guide South Africa 2026: How to Bet PSL Cup Football Without Guessing
blog/psl-offseason-transfer-betting-guide-2026.html,/blog/nedbank-cup-betting-guide.html,Nedbank Cup Betting Guide for South Africans | BetSorted
blog/psl-offseason-transfer-betting-guide-2026.html,/blog/category-psl.html,PSL
blog/psl-offseason-transfer-betting-guide-2026.html,/blog/psl-playoffs-2026-betting-guide.html,"PSL Playoffs 2026 Betting Guide — Top 8 Odds, Predictions &amp; Best Bookmakers"
blog/psl-offseason-transfer-betting-guide-2026.html,/about.html,About
blog/psl-offseason-transfer-betting-guide-2026.html,/editorial-policy.html,Editorial Policy
blog/psl-offseason-transfer-betting-guide-2026.html,/responsible-gambling.html,Responsible Gambling
blog/psl-offseason-transfer-betting-guide-2026.html,/privacy.html,Privacy
blog/psl-offseason-transfer-betting-guide-2026.html,/contact.html,Contact
blog/psl-offseason-transfer-betting-guide-2026.html,/blog/,Blog
blog/psl-offseason-transfer-betting-guide-2026.html,/blog/category-bookmaker-comparisons.html,Bookmaker Comparisons
blog/psl-playoffs-2026-betting-guide.html,/,BetSorted
blog/psl-playoffs-2026-betting-guide.html,/#comparison,Compare
blog/psl-playoffs-2026-betting-guide.html,/bookmakers/,Bookmakers
blog/psl-playoffs-2026-betting-guide.html,/glossary.html,Glossary
blog/psl-playoffs-2026-betting-guide.html,/calculators.html,Calculators
blog/psl-playoffs-2026-betting-guide.html,/blog/,Blog
blog/psl-playoffs-2026-betting-guide.html,/psl-match-centre.html,⚽ PSL Live
blog/psl-playoffs-2026-betting-guide.html,/prediction-markets.html,💰 Smart Money
blog/psl-playoffs-2026-betting-guide.html,/,Home
blog/psl-playoffs-2026-betting-guide.html,/blog/,Blog
blog/psl-playoffs-2026-betting-guide.html,/psl-match-centre.html,PSL Live
blog/psl-playoffs-2026-betting-guide.html,/blog/best-psl-betting-site-2026.html,best PSL betting site 2026 guide
blog/psl-playoffs-2026-betting-guide.html,/accumulator-calculator.html,accumulator calculator
blog/psl-playoffs-2026-betting-guide.html,/blog/mamelodi-sundowns-betting-guide-2026.html,our Sundowns betting guide
blog/psl-playoffs-2026-betting-guide.html,/blog/chiefs-vs-pirates-derby-betting-guide-2026.html,Chiefs vs Pirates derby guide
blog/psl-playoffs-2026-betting-guide.html,/blog/psl-title-race-betting-guide.html,April title race wrap
blog/psl-playoffs-2026-betting-guide.html,/psl-match-centre.html,PSL Live
blog/psl-playoffs-2026-betting-guide.html,/blog/psl-title-race-betting-guide.html,← April Title Race Guide
blog/psl-playoffs-2026-betting-guide.html,/blog/best-psl-betting-site-2026.html,Best PSL Betting Site →
blog/psl-playoffs-2026-betting-guide.html,/blog/mtn8-betting-guide-south-africa-2026.html,MTN8 Betting Guide South Africa 2026: How to Bet PSL Cup Football Without Guessing
blog/psl-playoffs-2026-betting-guide.html,/blog/nedbank-cup-betting-guide.html,Nedbank Cup Betting Guide for South Africans | BetSorted
blog/psl-playoffs-2026-betting-guide.html,/blog/category-psl.html,PSL
blog/psl-playoffs-2026-betting-guide.html,/blog/psl-relegation-battle-betting-guide-2026.html,PSL Relegation Battle 2026: Who Goes Down? Betting Guide & Odds
blog/psl-playoffs-2026-betting-guide.html,/about.html,About
blog/psl-playoffs-2026-betting-guide.html,/contact.html,Contact
blog/psl-playoffs-2026-betting-guide.html,/responsible-gambling.html,Responsible Gambling
blog/psl-playoffs-2026-betting-guide.html,/about.html,About
blog/psl-playoffs-2026-betting-guide.html,/editorial-policy.html,Editorial Policy
blog/psl-playoffs-2026-betting-guide.html,/responsible-gambling.html,Responsible Gambling
blog/psl-playoffs-2026-betting-guide.html,/privacy.html,Privacy
blog/psl-playoffs-2026-betting-guide.html,/contact.html,Contact
blog/psl-playoffs-2026-betting-guide.html,/blog/,Blog
blog/psl-playoffs-2026-betting-guide.html,/blog/category-bookmaker-comparisons.html,Bookmaker Comparisons
blog/psl-relegation-battle-betting-guide-2026.html,/,BetSorted
blog/psl-relegation-battle-betting-guide-2026.html,/#comparison,Compare
blog/psl-relegation-battle-betting-guide-2026.html,/bookmakers/,Bookmakers
blog/psl-relegation-battle-betting-guide-2026.html,/glossary.html,Glossary
blog/psl-relegation-battle-betting-guide-2026.html,/calculators.html,Calculators
blog/psl-relegation-battle-betting-guide-2026.html,/blog/,Blog
blog/psl-relegation-battle-betting-guide-2026.html,/psl-match-centre.html,⚽ PSL Live
blog/psl-relegation-battle-betting-guide-2026.html,/prediction-markets.html,💰 Smart Money
blog/psl-relegation-battle-betting-guide-2026.html,/,Home
blog/psl-relegation-battle-betting-guide-2026.html,/blog/,Blog
blog/psl-relegation-battle-betting-guide-2026.html,/,Home
blog/psl-relegation-battle-betting-guide-2026.html,/blog/,Blog
blog/psl-relegation-battle-betting-guide-2026.html,/blog/betway-review-south-africa-2026.html,Full review →
blog/psl-relegation-battle-betting-guide-2026.html,/blog/hollywoodbets-review-south-africa-2026.html,Full review →
blog/psl-relegation-battle-betting-guide-2026.html,/blog/wsb-review-south-africa-2026.html,Full review →
blog/psl-relegation-battle-betting-guide-2026.html,/psl-match-centre.html,Open PSL Match Centre →
blog/psl-relegation-battle-betting-guide-2026.html,/about.html,About
blog/psl-relegation-battle-betting-guide-2026.html,/editorial-policy.html,Editorial Policy
blog/psl-relegation-battle-betting-guide-2026.html,/responsible-gambling.html,Responsible Gambling
blog/psl-relegation-battle-betting-guide-2026.html,/privacy.html,Privacy
blog/psl-relegation-battle-betting-guide-2026.html,/contact.html,Contact
blog/psl-relegation-battle-betting-guide-2026.html,/blog/,Blog
blog/psl-relegation-battle-betting-guide-2026.html,/blog/category-bookmaker-comparisons.html,Bookmaker Comparisons
blog/psl-rugby-cricket-accumulator-strategy-june-2026.html,/,BetSorted
blog/psl-rugby-cricket-accumulator-strategy-june-2026.html,/#comparison,Compare
blog/psl-rugby-cricket-accumulator-strategy-june-2026.html,/bookmakers/,Bookmakers
blog/psl-rugby-cricket-accumulator-strategy-june-2026.html,/glossary.html,Glossary
blog/psl-rugby-cricket-accumulator-strategy-june-2026.html,/calculators.html,Calculators
blog/psl-rugby-cricket-accumulator-strategy-june-2026.html,/blog/,Blog
blog/psl-rugby-cricket-accumulator-strategy-june-2026.html,/psl-match-centre.html,⚽ PSL Live
blog/psl-rugby-cricket-accumulator-strategy-june-2026.html,/prediction-markets.html,💰 Smart Money
blog/psl-rugby-cricket-accumulator-strategy-june-2026.html,/blog/psl-title-race-betting-guide.html,Click here
blog/psl-season-run-in-betting-guide-april-2026.html,/,BetSorted
blog/psl-season-run-in-betting-guide-april-2026.html,/#comparison,Compare
blog/psl-season-run-in-betting-guide-april-2026.html,/bookmakers/,Bookmakers
blog/psl-season-run-in-betting-guide-april-2026.html,/glossary.html,Glossary
blog/psl-season-run-in-betting-guide-april-2026.html,/calculators.html,Calculators
blog/psl-season-run-in-betting-guide-april-2026.html,/blog/,Blog
blog/psl-season-run-in-betting-guide-april-2026.html,/psl-match-centre.html,⚽ PSL Live
blog/psl-season-run-in-betting-guide-april-2026.html,/prediction-markets.html,💰 Smart Money
blog/psl-season-run-in-betting-guide-april-2026.html,/blog/psl-title-race-betting-guide.html,Click here
blog/psl-title-race-betting-guide.html,/,BetSorted
blog/psl-title-race-betting-guide.html,/#comparison,Compare
blog/psl-title-race-betting-guide.html,/bookmakers/,Bookmakers
blog/psl-title-race-betting-guide.html,/glossary.html,Glossary
blog/psl-title-race-betting-guide.html,/calculators.html,Calculators
blog/psl-title-race-betting-guide.html,/blog/,Blog
blog/psl-title-race-betting-guide.html,/psl-match-centre.html,⚽ PSL Live
blog/psl-title-race-betting-guide.html,/prediction-markets.html,💰 Smart Money
blog/psl-title-race-betting-guide.html,/,Home
blog/psl-title-race-betting-guide.html,/blog/,Blog
blog/psl-title-race-betting-guide.html,/blog/,← Back to Blog
blog/psl-title-race-betting-guide.html,/psl-match-centre.html,PSL Match Centre
blog/psl-title-race-betting-guide.html,/blog/orlando-pirates-betting-guide-2026.html,Orlando Pirates 2025/26 Betting Guide
blog/psl-title-race-betting-guide.html,/blog/mamelodi-sundowns-betting-guide-2026.html,Mamelodi Sundowns 2025/26 Betting Guide
blog/psl-title-race-betting-guide.html,/betting-calculator.html,betting calculator
blog/psl-title-race-betting-guide.html,/blog/chiefs-vs-pirates-derby-betting-guide-2026.html,the meetings between these two giants
blog/psl-title-race-betting-guide.html,/blog/psl-relegation-battle-betting-guide-2026.html,PSL Relegation Battle Betting Guide
blog/psl-title-race-betting-guide.html,/accumulator-calculator.html,accumulator calculator
blog/psl-title-race-betting-guide.html,/blog/,PSL betting previews
blog/psl-title-race-betting-guide.html,/psl-match-centre.html,PSL Match Centre
blog/psl-title-race-betting-guide.html,/betting-calculator.html,Betting Calculator →
blog/psl-title-race-betting-guide.html,/calculators.html,betting calculators
blog/psl-title-race-betting-guide.html,/betting-calculator.html,betting calculator
blog/psl-title-race-betting-guide.html,/psl-match-centre.html,PSL Match Centre
blog/psl-title-race-betting-guide.html,/blog/chiefs-vs-pirates-derby-betting-guide-2026.html,Chiefs vs Pirates Derby Betting Guide 2026
blog/psl-title-race-betting-guide.html,/blog/mamelodi-sundowns-betting-guide-2026.html,Mamelodi Sundowns 2025/26 Betting Guide
blog/psl-title-race-betting-guide.html,/blog/orlando-pirates-betting-guide-2026.html,Orlando Pirates 2025/26 Betting Guide
blog/psl-title-race-betting-guide.html,/blog/psl-relegation-battle-betting-guide-2026.html,PSL Relegation Battle Betting Guide 2026
blog/psl-title-race-betting-guide.html,/accumulator-calculator.html,Accumulator Calculator — Build Your Multi
blog/psl-title-race-betting-guide.html,/psl-match-centre.html,PSL Match Centre — Live Standings & Fixtures
blog/psl-title-race-betting-guide.html,/blog/,← Back to Blog
blog/psl-title-race-pirates-vs-sundowns-betting-guide-2026.html,/,BetSorted
blog/psl-title-race-pirates-vs-sundowns-betting-guide-2026.html,/#comparison,Compare
blog/psl-title-race-pirates-vs-sundowns-betting-guide-2026.html,/bookmakers/,Bookmakers
blog/psl-title-race-pirates-vs-sundowns-betting-guide-2026.html,/glossary.html,Glossary
blog/psl-title-race-pirates-vs-sundowns-betting-guide-2026.html,/calculators.html,Calculators
blog/psl-title-race-pirates-vs-sundowns-betting-guide-2026.html,/blog/,Blog
blog/psl-title-race-pirates-vs-sundowns-betting-guide-2026.html,/psl-match-centre.html,⚽ PSL Live
blog/psl-title-race-pirates-vs-sundowns-betting-guide-2026.html,/prediction-markets.html,💰 Smart Money
blog/psl-title-race-pirates-vs-sundowns-betting-guide-2026.html,/,Home
blog/psl-title-race-pirates-vs-sundowns-betting-guide-2026.html,/blog/,Blog
blog/psl-title-race-pirates-vs-sundowns-betting-guide-2026.html,/,Home
blog/psl-title-race-pirates-vs-sundowns-betting-guide-2026.html,/blog/,Blog
blog/psl-title-race-pirates-vs-sundowns-betting-guide-2026.html,/calculators.html,Open Accumulator Calculator →
blog/psl-title-race-pirates-vs-sundowns-betting-guide-2026.html,/blog/betway-review-south-africa-2026.html,Betway
blog/psl-title-race-pirates-vs-sundowns-betting-guide-2026.html,/blog/hollywoodbets-review-south-africa-2026.html,Hollywoodbets
blog/psl-title-race-pirates-vs-sundowns-betting-guide-2026.html,/blog/psl-title-race-betting-guide.html,PSL mid-week preview
blog/psl-title-race-pirates-vs-sundowns-betting-guide-2026.html,/psl-match-centre.html,PSL Match Centre
blog/psl-title-race-pirates-vs-sundowns-betting-guide-2026.html,/calculators.html,calculators
blog/psl-title-race-pirates-vs-sundowns-betting-guide-2026.html,/#comparison,SA bookmakers
blog/psl-title-race-pirates-vs-sundowns-betting-guide-2026.html,/psl-match-centre.html,PSL Match Centre
blog/psl-title-race-pirates-vs-sundowns-betting-guide-2026.html,/about.html,About
blog/psl-title-race-pirates-vs-sundowns-betting-guide-2026.html,/editorial-policy.html,Editorial Policy
blog/psl-title-race-pirates-vs-sundowns-betting-guide-2026.html,/responsible-gambling.html,Responsible Gambling
blog/psl-title-race-pirates-vs-sundowns-betting-guide-2026.html,/privacy.html,Privacy
blog/psl-title-race-pirates-vs-sundowns-betting-guide-2026.html,/contact.html,Contact
blog/psl-title-race-pirates-vs-sundowns-betting-guide-2026.html,/blog/,Blog
blog/psl-title-race-pirates-vs-sundowns-betting-guide-2026.html,/blog/category-bookmaker-comparisons.html,Bookmaker Comparisons
blog/psl-top-8-race-betting-guide-april-2026.html,/,BetSorted
blog/psl-top-8-race-betting-guide-april-2026.html,/#comparison,Compare
blog/psl-top-8-race-betting-guide-april-2026.html,/bookmakers/,Bookmakers
blog/psl-top-8-race-betting-guide-april-2026.html,/glossary.html,Glossary
blog/psl-top-8-race-betting-guide-april-2026.html,/calculators.html,Calculators
blog/psl-top-8-race-betting-guide-april-2026.html,/blog/,Blog
blog/psl-top-8-race-betting-guide-april-2026.html,/psl-match-centre.html,⚽ PSL Live
blog/psl-top-8-race-betting-guide-april-2026.html,/prediction-markets.html,💰 Smart Money
blog/psl-top-8-race-betting-guide-april-2026.html,/blog/psl-title-race-betting-guide.html,Click here
blog/psl-urc-weekend-betting-preview-may-23-2026.html,/,BetSorted
blog/psl-urc-weekend-betting-preview-may-23-2026.html,/#comparison,Compare
blog/psl-urc-weekend-betting-preview-may-23-2026.html,/bookmakers/,Bookmakers
blog/psl-urc-weekend-betting-preview-may-23-2026.html,/glossary.html,Glossary
blog/psl-urc-weekend-betting-preview-may-23-2026.html,/calculators.html,Calculators
blog/psl-urc-weekend-betting-preview-may-23-2026.html,/blog/,Blog
blog/psl-urc-weekend-betting-preview-may-23-2026.html,/psl-match-centre.html,⚽ PSL Live
blog/psl-urc-weekend-betting-preview-may-23-2026.html,/prediction-markets.html,💰 Smart Money
blog/psl-urc-weekend-betting-preview-may-23-2026.html,/blog/urc-playoffs-betting-guide.html,Click here
blog/psl-weekend-accumulator-calculator-guide-may-2026.html,/,BetSorted
blog/psl-weekend-accumulator-calculator-guide-may-2026.html,/#comparison,Compare
blog/psl-weekend-accumulator-calculator-guide-may-2026.html,/bookmakers/,Bookmakers
blog/psl-weekend-accumulator-calculator-guide-may-2026.html,/glossary.html,Glossary
blog/psl-weekend-accumulator-calculator-guide-may-2026.html,/calculators.html,Calculators
blog/psl-weekend-accumulator-calculator-guide-may-2026.html,/blog/,Blog
blog/psl-weekend-accumulator-calculator-guide-may-2026.html,/psl-match-centre.html,⚽ PSL Live
blog/psl-weekend-accumulator-calculator-guide-may-2026.html,/prediction-markets.html,💰 Smart Money
blog/psl-weekend-accumulator-calculator-guide-may-2026.html,/blog/psl-title-race-betting-guide.html,Click here
blog/psl-weekend-accumulator-tips-february-28-2026.html,/,BetSorted
blog/psl-weekend-accumulator-tips-february-28-2026.html,/#comparison,Compare
blog/psl-weekend-accumulator-tips-february-28-2026.html,/bookmakers/,Bookmakers
blog/psl-weekend-accumulator-tips-february-28-2026.html,/glossary.html,Glossary
blog/psl-weekend-accumulator-tips-february-28-2026.html,/calculators.html,Calculators
blog/psl-weekend-accumulator-tips-february-28-2026.html,/blog/,Blog
blog/psl-weekend-accumulator-tips-february-28-2026.html,/psl-match-centre.html,⚽ PSL Live
blog/psl-weekend-accumulator-tips-february-28-2026.html,/prediction-markets.html,💰 Smart Money
blog/psl-weekend-accumulator-tips-february-28-2026.html,/blog/psl-title-race-betting-guide.html,Click here
blog/psl-weekend-betting-tips-april-11-13-2026.html,/,BetSorted
blog/psl-weekend-betting-tips-april-11-13-2026.html,/#comparison,Compare
blog/psl-weekend-betting-tips-april-11-13-2026.html,/bookmakers/,Bookmakers
blog/psl-weekend-betting-tips-april-11-13-2026.html,/glossary.html,Glossary
blog/psl-weekend-betting-tips-april-11-13-2026.html,/calculators.html,Calculators
blog/psl-weekend-betting-tips-april-11-13-2026.html,/blog/,Blog
blog/psl-weekend-betting-tips-april-11-13-2026.html,/psl-match-centre.html,⚽ PSL Live
blog/psl-weekend-betting-tips-april-11-13-2026.html,/prediction-markets.html,💰 Smart Money
blog/psl-weekend-betting-tips-april-11-13-2026.html,/blog/psl-title-race-betting-guide.html,Click here
blog/psl-weekend-fixtures-betting-tips-april-10-12-2026.html,/,BetSorted
blog/psl-weekend-fixtures-betting-tips-april-10-12-2026.html,/#comparison,Compare
blog/psl-weekend-fixtures-betting-tips-april-10-12-2026.html,/bookmakers/,Bookmakers
blog/psl-weekend-fixtures-betting-tips-april-10-12-2026.html,/glossary.html,Glossary
blog/psl-weekend-fixtures-betting-tips-april-10-12-2026.html,/calculators.html,Calculators
blog/psl-weekend-fixtures-betting-tips-april-10-12-2026.html,/blog/,Blog
blog/psl-weekend-fixtures-betting-tips-april-10-12-2026.html,/psl-match-centre.html,⚽ PSL Live
blog/psl-weekend-fixtures-betting-tips-april-10-12-2026.html,/prediction-markets.html,💰 Smart Money
blog/psl-weekend-fixtures-betting-tips-april-10-12-2026.html,/blog/psl-title-race-betting-guide.html,Click here
blog/psl-weekend-fixtures-betting-tips-august-2026.html,/,BetSorted
blog/psl-weekend-fixtures-betting-tips-august-2026.html,/#comparison,Compare
blog/psl-weekend-fixtures-betting-tips-august-2026.html,/bookmakers/,Bookmakers
blog/psl-weekend-fixtures-betting-tips-august-2026.html,/glossary.html,Glossary
blog/psl-weekend-fixtures-betting-tips-august-2026.html,/calculators.html,Calculators
blog/psl-weekend-fixtures-betting-tips-august-2026.html,/blog/,Blog
blog/psl-weekend-fixtures-betting-tips-august-2026.html,/psl-match-centre.html,⚽ PSL Live
blog/psl-weekend-fixtures-betting-tips-august-2026.html,/prediction-markets.html,💰 Smart Money
blog/psl-weekend-fixtures-betting-tips-august-2026.html,/,Home
blog/psl-weekend-fixtures-betting-tips-august-2026.html,/blog/,Blog
blog/psl-weekend-fixtures-betting-tips-august-2026.html,/accumulator-calculator.html,BetSorted accumulator calculator
blog/psl-weekend-fixtures-betting-tips-august-2026.html,/betting-calculator.html,betting calculator
blog/psl-weekend-fixtures-betting-tips-august-2026.html,/accumulator-calculator.html,accumulator calculator
blog/psl-weekend-fixtures-betting-tips-august-2026.html,/accumulator-calculator.html,Open the accumulator calculator
blog/psl-weekend-march-14-15-betting-preview-2026.html,/,BetSorted
blog/psl-weekend-march-14-15-betting-preview-2026.html,/#comparison,Compare
blog/psl-weekend-march-14-15-betting-preview-2026.html,/bookmakers/,Bookmakers
blog/psl-weekend-march-14-15-betting-preview-2026.html,/glossary.html,Glossary
blog/psl-weekend-march-14-15-betting-preview-2026.html,/calculators.html,Calculators
blog/psl-weekend-march-14-15-betting-preview-2026.html,/blog/,Blog
blog/psl-weekend-march-14-15-betting-preview-2026.html,/psl-match-centre.html,⚽ PSL Live
blog/psl-weekend-march-14-15-betting-preview-2026.html,/prediction-markets.html,💰 Smart Money
blog/psl-weekend-march-14-15-betting-preview-2026.html,/blog/psl-title-race-betting-guide.html,Click here
blog/rugby-championship-2026-betting-guide.html,/,BetSorted
blog/rugby-championship-2026-betting-guide.html,/#comparison,Compare
blog/rugby-championship-2026-betting-guide.html,/bookmakers/,Bookmakers
blog/rugby-championship-2026-betting-guide.html,/glossary.html,Glossary
blog/rugby-championship-2026-betting-guide.html,/calculators.html,Calculators
blog/rugby-championship-2026-betting-guide.html,/blog/,Blog
blog/rugby-championship-2026-betting-guide.html,/psl-match-centre.html,⚽ PSL Live
blog/rugby-championship-2026-betting-guide.html,/prediction-markets.html,💰 Smart Money
blog/rugby-championship-2026-betting-guide.html,/,Home
blog/rugby-championship-2026-betting-guide.html,/blog/,Blog
blog/rugby-championship-2026-betting-guide.html,/blog/,← Back to Blog
blog/rugby-championship-2026-betting-guide.html,/odds-comparison.html,odds comparison page
blog/rugby-championship-2026-betting-guide.html,/accumulator-calculator.html,accumulator calculator
blog/rugby-championship-2026-betting-guide.html,/betting-calculator.html,BetSorted betting calculator
blog/rugby-championship-2026-betting-guide.html,/accumulator-calculator.html,accumulator calculator
blog/rugby-championship-2026-betting-guide.html,/betting-calculator.html,Betting calculator
blog/rugby-championship-2026-betting-guide.html,/accumulator-calculator.html,Accumulator calculator
blog/rugby-championship-2026-betting-guide.html,/odds-comparison.html,Odds comparison
blog/rugby-championship-2026-betting-guide.html,/odds-comparison.html,odds comparison page
blog/rugby-championship-2026-betting-guide.html,/betting-calculator.html,betting calculator
blog/rugby-championship-2026-betting-guide.html,/accumulator-calculator.html,accumulator calculator
blog/rugby-championship-2026-betting-guide.html,/blog/how-to-bet-nations-championship-2026.html,How to Bet on the Nations Championship 2026 — Your Springboks Betting Guide
blog/rugby-championship-2026-betting-guide.html,/blog/category-rugby.html,Rugby
blog/rugby-championship-2026-betting-guide.html,/blog/urc-playoffs-betting-guide.html,URC Playoffs Betting Guide for South Africans | BetSorted
blog/rugby-championship-2026-betting-guide.html,/blog/springboks-july-tests-2026-betting-calculator-guide.html,Springboks July Tests 2026: Betting Calculator Guide for South Africans
blog/rugby-championship-2026-betting-guide.html,/about.html,About
blog/rugby-championship-2026-betting-guide.html,/editorial-policy.html,Editorial Policy
blog/rugby-championship-2026-betting-guide.html,/responsible-gambling.html,Responsible Gambling
blog/rugby-championship-2026-betting-guide.html,/privacy.html,Privacy
blog/rugby-championship-2026-betting-guide.html,/contact.html,Contact
blog/rugby-championship-2026-betting-guide.html,/blog/,Blog
blog/rugby-championship-2026-betting-guide.html,/blog/category-bookmaker-comparisons.html,Bookmaker Comparisons
blog/rugby-handicap-betting-guide-south-africa-2026.html,/,BetSorted
blog/rugby-handicap-betting-guide-south-africa-2026.html,/#comparison,Compare
blog/rugby-handicap-betting-guide-south-africa-2026.html,/bookmakers/,Bookmakers
blog/rugby-handicap-betting-guide-south-africa-2026.html,/glossary.html,Glossary
blog/rugby-handicap-betting-guide-south-africa-2026.html,/calculators.html,Calculators
blog/rugby-handicap-betting-guide-south-africa-2026.html,/blog/,Blog
blog/rugby-handicap-betting-guide-south-africa-2026.html,/psl-match-centre.html,⚽ PSL Live
blog/rugby-handicap-betting-guide-south-africa-2026.html,/prediction-markets.html,💰 Smart Money
blog/rugby-handicap-betting-guide-south-africa-2026.html,/blog/rugby-handicap-calculator-south-africa-2026.html,Click here
blog/rugby-handicap-calculator-south-africa-2026.html,/,BetSorted
blog/rugby-handicap-calculator-south-africa-2026.html,/#comparison,Compare
blog/rugby-handicap-calculator-south-africa-2026.html,/bookmakers/,Bookmakers
blog/rugby-handicap-calculator-south-africa-2026.html,/glossary.html,Glossary
blog/rugby-handicap-calculator-south-africa-2026.html,/calculators.html,Calculators
blog/rugby-handicap-calculator-south-africa-2026.html,/blog/,Blog
blog/rugby-handicap-calculator-south-africa-2026.html,/psl-match-centre.html,⚽ PSL Live
blog/rugby-handicap-calculator-south-africa-2026.html,/prediction-markets.html,💰 Smart Money
blog/rugby-handicap-calculator-south-africa-2026.html,/,Home
blog/rugby-handicap-calculator-south-africa-2026.html,/blog/,Blog
blog/rugby-handicap-calculator-south-africa-2026.html,/odds-converter.html,odds converter
blog/rugby-handicap-calculator-south-africa-2026.html,/betting-calculator.html,betting calculator
blog/rugby-handicap-calculator-south-africa-2026.html,/accumulator-calculator.html,accumulator calculator
blog/rugby-handicap-calculator-south-africa-2026.html,/odds-converter.html,odds converter
blog/rugby-handicap-calculator-south-africa-2026.html,/betting-calculator.html,betting calculator
blog/rugby-handicap-calculator-south-africa-2026.html,/accumulator-calculator.html,accumulator calculator
blog/rugby-handicap-calculator-south-africa-2026.html,/blog/category-rugby.html,Springboks July 2026 Betting Guide
blog/rugby-handicap-calculator-south-africa-2026.html,/blog/best-live-rugby-betting-sites-south-africa-2026.html,Best Live Rugby Betting Sites South Africa
blog/rugby-handicap-calculator-south-africa-2026.html,/blog/rugby-handicap-calculator-south-africa-2026.html,Rugby Handicap Betting Guide
blog/rugby-handicap-calculator-south-africa-2026.html,/blog/psl-title-race-betting-guide.html,"June Rugby, Cricket and PSL Accumulator Calculator Guide"
blog/rugby-handicap-calculator-south-africa-2026.html,/blog/how-to-bet-nations-championship-2026.html,How to Bet on the Nations Championship 2026 — Your Springboks Betting Guide
blog/rugby-handicap-calculator-south-africa-2026.html,/blog/category-rugby.html,Rugby
blog/rugby-handicap-calculator-south-africa-2026.html,/blog/urc-playoffs-betting-guide.html,URC Playoffs Betting Guide for South Africans | BetSorted
blog/rugby-handicap-calculator-south-africa-2026.html,/blog/springboks-july-tests-2026-betting-calculator-guide.html,Springboks July Tests 2026: Betting Calculator Guide for South Africans
blog/rugby-score-prediction-betting-south-africa-2026.html,/,BetSorted
blog/rugby-score-prediction-betting-south-africa-2026.html,/#comparison,Compare
blog/rugby-score-prediction-betting-south-africa-2026.html,/bookmakers/,Bookmakers
blog/rugby-score-prediction-betting-south-africa-2026.html,/glossary.html,Glossary
blog/rugby-score-prediction-betting-south-africa-2026.html,/calculators.html,Calculators
blog/rugby-score-prediction-betting-south-africa-2026.html,/blog/,Blog
blog/rugby-score-prediction-betting-south-africa-2026.html,/psl-match-centre.html,⚽ PSL Live
blog/rugby-score-prediction-betting-south-africa-2026.html,/prediction-markets.html,💰 Smart Money
blog/rugby-score-prediction-betting-south-africa-2026.html,/blog/rugby-handicap-calculator-south-africa-2026.html,Click here
blog/sa-cup-2026-betting-guide.html,/,BetSorted
blog/sa-cup-2026-betting-guide.html,/#comparison,Compare
blog/sa-cup-2026-betting-guide.html,/bookmakers/,Bookmakers
blog/sa-cup-2026-betting-guide.html,/glossary.html,Glossary
blog/sa-cup-2026-betting-guide.html,/calculators.html,Calculators
blog/sa-cup-2026-betting-guide.html,/blog/,Blog
blog/sa-cup-2026-betting-guide.html,/psl-match-centre.html,⚽ PSL Live
blog/sa-cup-2026-betting-guide.html,/prediction-markets.html,💰 Smart Money
blog/sa-cup-2026-betting-guide.html,/,Home
blog/sa-cup-2026-betting-guide.html,/blog/,Blog
blog/sa-cup-2026-betting-guide.html,/blog/,← Back to Blog
blog/sa-cup-2026-betting-guide.html,/bookmakers/,Hollywoodbets account
blog/sa-cup-2026-betting-guide.html,/accumulator-calculator.html,accumulator bets
blog/sa-cup-2026-betting-guide.html,/betting-calculator.html,betting calculator
blog/sa-cup-2026-betting-guide.html,/accumulator-calculator.html,accumulator calculator
blog/sa-cup-2026-betting-guide.html,/arbitrage-calculator.html,arbitrage calculator
blog/sa-cup-2026-betting-guide.html,/accumulator-calculator.html,accumulator calculator
blog/sa-cup-2026-betting-guide.html,/blog/best-rugby-betting-sites-south-africa-2026.html,best rugby betting sites guide
blog/sa-cup-2026-betting-guide.html,/betting-calculator.html,Betting Calculator
blog/sa-cup-2026-betting-guide.html,/accumulator-calculator.html,Accumulator Calculator
blog/sa-cup-2026-betting-guide.html,/arbitrage-calculator.html,Arbitrage Calculator
blog/sa-cup-2026-betting-guide.html,/bookmakers/,Compare Bookmakers
blog/sa-cup-2026-betting-guide.html,/blog/5-common-betting-mistakes-south-africa-2026.html,5 Common Betting Mistakes South African Punters Make (And How to Avoid Them)
blog/sa-cup-2026-betting-guide.html,/blog/aviator-betting-sites-south-africa-2026.html,Aviator Betting Sites South Africa 2026 — Best Apps & Strategy
blog/sa-cup-2026-betting-guide.html,/blog/best-betting-sites-beginners-south-africa-2026.html,Best Betting Sites for Beginners in South Africa 2026 — Start Here
blog/sa-cup-2026-betting-guide.html,/blog/category-betting-guides-strategy.html,Betting Guides &amp; Strategy
blog/sa-cup-2026-betting-guide.html,/about.html,About
blog/sa-cup-2026-betting-guide.html,/editorial-policy.html,Editorial Policy
blog/sa-cup-2026-betting-guide.html,/responsible-gambling.html,Responsible Gambling
blog/sa-cup-2026-betting-guide.html,/privacy.html,Privacy
blog/sa-cup-2026-betting-guide.html,/contact.html,Contact
blog/sa-cup-2026-betting-guide.html,/blog/,Blog
blog/sa-cup-2026-betting-guide.html,/blog/category-bookmaker-comparisons.html,Bookmaker Comparisons
blog/sa-rugby-cricket-accumulator-calculator-may-2026.html,/,BetSorted
blog/sa-rugby-cricket-accumulator-calculator-may-2026.html,/#comparison,Compare
blog/sa-rugby-cricket-accumulator-calculator-may-2026.html,/bookmakers/,Bookmakers
blog/sa-rugby-cricket-accumulator-calculator-may-2026.html,/glossary.html,Glossary
blog/sa-rugby-cricket-accumulator-calculator-may-2026.html,/calculators.html,Calculators
blog/sa-rugby-cricket-accumulator-calculator-may-2026.html,/blog/,Blog
blog/sa-rugby-cricket-accumulator-calculator-may-2026.html,/psl-match-centre.html,⚽ PSL Live
blog/sa-rugby-cricket-accumulator-calculator-may-2026.html,/prediction-markets.html,💰 Smart Money
blog/sa-rugby-cricket-accumulator-calculator-may-2026.html,/,Home
blog/sa-rugby-cricket-accumulator-calculator-may-2026.html,/blog/,Blog
blog/sa-rugby-cricket-accumulator-calculator-may-2026.html,/accumulator-calculator.html,BetSorted accumulator calculator
blog/sa-rugby-cricket-accumulator-calculator-may-2026.html,/betting-calculator.html,betting calculator
blog/sa-rugby-cricket-accumulator-calculator-may-2026.html,/free-bet-calculator.html,free bet calculator
blog/sa-rugby-cricket-accumulator-calculator-may-2026.html,/bankroll-tracker.html,bankroll tracker
blog/sa-rugby-cricket-accumulator-calculator-may-2026.html,/blog/best-rugby-betting-sites-south-africa-2026.html,Best Rugby Betting Sites in South Africa
blog/sa-rugby-cricket-accumulator-calculator-may-2026.html,/blog/best-cricket-betting-sites-south-africa-2026.html,Best Cricket Betting Sites in South Africa
blog/sa-rugby-cricket-accumulator-calculator-may-2026.html,/blog/how-to-build-psl-rugby-cricket-accumulator-south-africa-2026.html,"How to Build a PSL, Rugby and Cricket Accumulator"
blog/sa-rugby-cricket-accumulator-calculator-may-2026.html,/blog/bankroll-management-guide-south-africa-2026.html,Bankroll Management Guide
blog/sa-rugby-cricket-accumulator-calculator-may-2026.html,/blog/how-to-bet-nations-championship-2026.html,How to Bet on the Nations Championship 2026 — Your Springboks Betting Guide
blog/sa-rugby-cricket-accumulator-calculator-may-2026.html,/blog/category-rugby.html,Rugby
blog/sa-rugby-cricket-accumulator-calculator-may-2026.html,/blog/urc-playoffs-betting-guide.html,URC Playoffs Betting Guide for South Africans | BetSorted
blog/sa-rugby-cricket-accumulator-calculator-may-2026.html,/blog/springboks-july-tests-2026-betting-calculator-guide.html,Springboks July Tests 2026: Betting Calculator Guide for South Africans
blog/sa20-betting-guide-2026.html,/,BetSorted
blog/sa20-betting-guide-2026.html,/#comparison,Compare
blog/sa20-betting-guide-2026.html,/bookmakers/,Bookmakers
blog/sa20-betting-guide-2026.html,/glossary.html,Glossary
blog/sa20-betting-guide-2026.html,/calculators.html,Calculators
blog/sa20-betting-guide-2026.html,/blog/,Blog
blog/sa20-betting-guide-2026.html,/psl-match-centre.html,⚽ PSL Live
blog/sa20-betting-guide-2026.html,/prediction-markets.html,💰 Smart Money
blog/sa20-betting-guide-2026.html,/,Home
blog/sa20-betting-guide-2026.html,/blog/,Blog
blog/sa20-betting-guide-2026.html,/blog/,← Back to Blog
blog/sa20-betting-guide-2026.html,/odds-comparison.html,odds comparison page
blog/sa20-betting-guide-2026.html,/betting-calculator.html,betting calculator
blog/sa20-betting-guide-2026.html,/betting-calculator.html,betting calculator
blog/sa20-betting-guide-2026.html,/accumulator-calculator.html,accumulator calculator
blog/sa20-betting-guide-2026.html,/betting-calculator.html,betting calculator
blog/sa20-betting-guide-2026.html,/accumulator-calculator.html,accumulator calculator
blog/sa20-betting-guide-2026.html,/blog/best-cricket-betting-sites-south-africa-2026.html,Best Betting Sites for Cricket in South Africa (2026)
blog/sa20-betting-guide-2026.html,/blog/category-cricket.html,Cricket
blog/sa20-betting-guide-2026.html,/blog/how-to-bet-on-t20-cricket-march-2026-series.html,How to Bet on T20 Cricket: South Africa's March 2026 Series Guide
blog/sa20-betting-guide-2026.html,/blog/ipl-betting-guide-south-africa.html,IPL Betting Guide for South Africans | BetSorted
blog/sa20-betting-guide-2026.html,/about.html,About
blog/sa20-betting-guide-2026.html,/editorial-policy.html,Editorial Policy
blog/sa20-betting-guide-2026.html,/responsible-gambling.html,Responsible Gambling
blog/sa20-betting-guide-2026.html,/privacy.html,Privacy
blog/sa20-betting-guide-2026.html,/contact.html,Contact
blog/sa20-betting-guide-2026.html,/blog/,Blog
blog/sa20-betting-guide-2026.html,/blog/category-bookmaker-comparisons.html,Bookmaker Comparisons
blog/same-game-multi-betting-guide-south-africa-2026.html,/,BetSorted
blog/same-game-multi-betting-guide-south-africa-2026.html,/#comparison,Compare
blog/same-game-multi-betting-guide-south-africa-2026.html,/bookmakers/,Bookmakers
blog/same-game-multi-betting-guide-south-africa-2026.html,/glossary.html,Glossary
blog/same-game-multi-betting-guide-south-africa-2026.html,/calculators.html,Calculators
blog/same-game-multi-betting-guide-south-africa-2026.html,/blog/,Blog
blog/same-game-multi-betting-guide-south-africa-2026.html,/psl-match-centre.html,⚽ PSL Live
blog/same-game-multi-betting-guide-south-africa-2026.html,/prediction-markets.html,💰 Smart Money
blog/same-game-multi-betting-guide-south-africa-2026.html,/,Home
blog/same-game-multi-betting-guide-south-africa-2026.html,/blog/,Blog
blog/same-game-multi-betting-guide-south-africa-2026.html,/blog/,← Back to Blog
blog/same-game-multi-betting-guide-south-africa-2026.html,/betting-calculator.html,betting calculator
blog/same-game-multi-betting-guide-south-africa-2026.html,/accumulator-calculator.html,accumulator calculator
blog/same-game-multi-betting-guide-south-africa-2026.html,/betting-calculator.html,betting calculator
blog/same-game-multi-betting-guide-south-africa-2026.html,/betting-calculator.html,calculator
blog/same-game-multi-betting-guide-south-africa-2026.html,/odds-comparison.html,odds comparison tool
blog/same-game-multi-betting-guide-south-africa-2026.html,/accumulator-calculator.html,accumulator calculator
blog/same-game-multi-betting-guide-south-africa-2026.html,/odds-comparison.html,live odds comparison
blog/same-game-multi-betting-guide-south-africa-2026.html,/blog/accumulator-betting-guide-south-africa-2026.html,accumulators
blog/same-game-multi-betting-guide-south-africa-2026.html,/blog/live-betting-guide-south-africa-2026.html,live betting guide
blog/same-game-multi-betting-guide-south-africa-2026.html,/betting-calculator.html,Betting Calculator
blog/same-game-multi-betting-guide-south-africa-2026.html,/accumulator-calculator.html,Accumulator Calculator
blog/same-game-multi-betting-guide-south-africa-2026.html,/odds-comparison.html,Live Odds Comparison
blog/same-game-multi-betting-guide-south-africa-2026.html,/blog/5-common-betting-mistakes-south-africa-2026.html,5 Common Betting Mistakes South African Punters Make (And How to Avoid Them)
blog/same-game-multi-betting-guide-south-africa-2026.html,/blog/aviator-betting-sites-south-africa-2026.html,Aviator Betting Sites South Africa 2026 — Best Apps & Strategy
blog/same-game-multi-betting-guide-south-africa-2026.html,/blog/best-betting-sites-beginners-south-africa-2026.html,Best Betting Sites for Beginners in South Africa 2026 — Start Here
blog/same-game-multi-betting-guide-south-africa-2026.html,/blog/category-betting-guides-strategy.html,Betting Guides &amp; Strategy
blog/same-game-multi-betting-guide-south-africa-2026.html,/about.html,About
blog/same-game-multi-betting-guide-south-africa-2026.html,/editorial-policy.html,Editorial Policy
blog/same-game-multi-betting-guide-south-africa-2026.html,/responsible-gambling.html,Responsible Gambling
blog/same-game-multi-betting-guide-south-africa-2026.html,/privacy.html,Privacy
blog/same-game-multi-betting-guide-south-africa-2026.html,/contact.html,Contact
blog/same-game-multi-betting-guide-south-africa-2026.html,/blog/,Blog
blog/same-game-multi-betting-guide-south-africa-2026.html,/blog/category-bookmaker-comparisons.html,Bookmaker Comparisons
blog/same-game-multi-psl-bafana-rugby-guide-2026.html,/,BetSorted
blog/same-game-multi-psl-bafana-rugby-guide-2026.html,/#comparison,Compare
blog/same-game-multi-psl-bafana-rugby-guide-2026.html,/bookmakers/,Bookmakers
blog/same-game-multi-psl-bafana-rugby-guide-2026.html,/glossary.html,Glossary
blog/same-game-multi-psl-bafana-rugby-guide-2026.html,/calculators.html,Calculators
blog/same-game-multi-psl-bafana-rugby-guide-2026.html,/blog/,Blog
blog/same-game-multi-psl-bafana-rugby-guide-2026.html,/psl-match-centre.html,⚽ PSL Live
blog/same-game-multi-psl-bafana-rugby-guide-2026.html,/prediction-markets.html,💰 Smart Money
blog/same-game-multi-psl-bafana-rugby-guide-2026.html,/,Home
blog/same-game-multi-psl-bafana-rugby-guide-2026.html,/blog/,Blog
blog/same-game-multi-psl-bafana-rugby-guide-2026.html,/betting-calculator.html,betting calculator
blog/same-game-multi-psl-bafana-rugby-guide-2026.html,/accumulator-calculator.html,accumulator calculator
blog/same-game-multi-psl-bafana-rugby-guide-2026.html,/bankroll-tracker.html,bankroll tracker
blog/same-game-multi-psl-bafana-rugby-guide-2026.html,/blog/how-to-bet-on-psl-south-africa-2026.html,How to Bet on PSL in South Africa
blog/same-game-multi-psl-bafana-rugby-guide-2026.html,/blog/best-bookmakers-world-cup-2026-south-africa.html,Best Bookmakers for Bafana Bafana Bets
blog/same-game-multi-psl-bafana-rugby-guide-2026.html,/blog/rugby-handicap-calculator-south-africa-2026.html,Rugby Handicap Betting Guide
blog/same-game-multi-psl-bafana-rugby-guide-2026.html,/blog/accumulator-betting-guide-south-africa-2026.html,Accumulator Betting Guide
blog/same-game-multi-psl-bafana-rugby-guide-2026.html,/blog/bafana-world-cup-betting-guide.html,Bafana World Cup Betting Guide for South Africans | BetSorted
blog/same-game-multi-psl-bafana-rugby-guide-2026.html,/blog/category-world-cup.html,World Cup
blog/same-game-multi-psl-bafana-rugby-guide-2026.html,/blog/world-cup-2026-group-stage-results-sa-betting-guide.html,"World Cup 2026 Group Stage: SA Bettors' Complete Guide to Odds, Markets & Bookmakers"
blog/same-game-multi-psl-bafana-rugby-guide-2026.html,/blog/fifa-world-cup-2026-betting-guide-south-africa.html,FIFA World Cup 2026 Betting Guide: Everything SA Punters Need to Know
blog/six-nations-2026-betting-recap-lessons-south-africa.html,/,BetSorted
blog/six-nations-2026-betting-recap-lessons-south-africa.html,/#comparison,Compare
blog/six-nations-2026-betting-recap-lessons-south-africa.html,/bookmakers/,Bookmakers
blog/six-nations-2026-betting-recap-lessons-south-africa.html,/glossary.html,Glossary
blog/six-nations-2026-betting-recap-lessons-south-africa.html,/calculators.html,Calculators
blog/six-nations-2026-betting-recap-lessons-south-africa.html,/blog/,Blog
blog/six-nations-2026-betting-recap-lessons-south-africa.html,/psl-match-centre.html,⚽ PSL Live
blog/six-nations-2026-betting-recap-lessons-south-africa.html,/prediction-markets.html,💰 Smart Money
blog/six-nations-2026-betting-recap-lessons-south-africa.html,/,Home
blog/six-nations-2026-betting-recap-lessons-south-africa.html,/blog/,Blog
blog/six-nations-2026-betting-recap-lessons-south-africa.html,/blog/,← Back to Blog
blog/six-nations-2026-betting-recap-lessons-south-africa.html,/blog/best-rugby-betting-sites-south-africa-2026.html,SA rugby bookmaker
blog/six-nations-2026-betting-recap-lessons-south-africa.html,/blog/live-betting-guide-south-africa-2026.html,live betting
blog/six-nations-2026-betting-recap-lessons-south-africa.html,/blog/live-betting-guide-south-africa-2026.html,Betway's live betting platform
blog/six-nations-2026-betting-recap-lessons-south-africa.html,/blog/betway-review-south-africa-2026.html,Betway
blog/six-nations-2026-betting-recap-lessons-south-africa.html,/blog/hollywoodbets-review-south-africa-2026.html,Hollywoodbets
blog/six-nations-2026-betting-recap-lessons-south-africa.html,/calculators.html,betting calculators
blog/six-nations-2026-betting-recap-lessons-south-africa.html,/calculators.html,odds calculator
blog/six-nations-2026-betting-recap-lessons-south-africa.html,/blog/betway-review-south-africa-2026.html,Betway
blog/six-nations-2026-betting-recap-lessons-south-africa.html,/blog/hollywoodbets-review-south-africa-2026.html,Hollywoodbets
blog/six-nations-2026-betting-recap-lessons-south-africa.html,/blog/best-rugby-betting-sites-south-africa-2026.html,the best rugby betting sites in SA
blog/six-nations-2026-betting-recap-lessons-south-africa.html,/responsible-gambling.html,responsible gambling
blog/six-nations-2026-betting-recap-lessons-south-africa.html,/blog/betway-review-south-africa-2026.html,Betway
blog/six-nations-2026-betting-recap-lessons-south-africa.html,/blog/hollywoodbets-review-south-africa-2026.html,Hollywoodbets
blog/six-nations-2026-betting-recap-lessons-south-africa.html,/blog/best-rugby-betting-sites-south-africa-2026.html,rugby betting sites guide
blog/six-nations-2026-betting-recap-lessons-south-africa.html,/blog/5-common-betting-mistakes-south-africa-2026.html,5 Common Betting Mistakes South African Punters Make (And How to Avoid Them)
blog/six-nations-2026-betting-recap-lessons-south-africa.html,/blog/aviator-betting-sites-south-africa-2026.html,Aviator Betting Sites South Africa 2026 — Best Apps & Strategy
blog/six-nations-2026-betting-recap-lessons-south-africa.html,/blog/best-betting-sites-beginners-south-africa-2026.html,Best Betting Sites for Beginners in South Africa 2026 — Start Here
blog/six-nations-2026-betting-recap-lessons-south-africa.html,/blog/category-betting-guides-strategy.html,Betting Guides &amp; Strategy
blog/six-nations-2026-betting-recap-lessons-south-africa.html,/about.html,About
blog/six-nations-2026-betting-recap-lessons-south-africa.html,/editorial-policy.html,Editorial Policy
blog/six-nations-2026-betting-recap-lessons-south-africa.html,/responsible-gambling.html,Responsible Gambling
blog/six-nations-2026-betting-recap-lessons-south-africa.html,/blog/,Blog
blog/south-africa-betting-glossary.html,/,BetSorted
blog/south-africa-betting-glossary.html,/#comparison,Compare
blog/south-africa-betting-glossary.html,/bookmakers/,Bookmakers
blog/south-africa-betting-glossary.html,/glossary.html,Glossary
blog/south-africa-betting-glossary.html,/calculators.html,Calculators
blog/south-africa-betting-glossary.html,/blog/,Blog
blog/south-africa-betting-glossary.html,/psl-match-centre.html,⚽ PSL Live
blog/south-africa-betting-glossary.html,/prediction-markets.html,💰 Smart Money
blog/south-africa-betting-glossary.html,/,Home
blog/south-africa-betting-glossary.html,/blog/,Blog
blog/south-africa-betting-glossary.html,/blog/,← Back to Blog
blog/south-africa-betting-glossary.html,/betting-calculator.html,betting calculator
blog/south-africa-betting-glossary.html,/betting-calculator.html,betting calculator
blog/south-africa-betting-glossary.html,/accumulator-calculator.html,accumulator calculator
blog/south-africa-betting-glossary.html,/odds-comparison.html,odds comparison page
blog/south-africa-betting-glossary.html,/blog/best-psl-betting-site-2026.html,best PSL betting sites
blog/south-africa-betting-glossary.html,/blog/chiefs-vs-pirates-derby-betting-guide-2026.html,Soweto Derby betting guide
blog/south-africa-betting-glossary.html,/blog/eft-betting-payments-south-africa.html,EFT payment guide
blog/south-africa-betting-glossary.html,/blog/instant-eft-betting-payments-south-africa.html,Instant EFT guide
blog/south-africa-betting-glossary.html,/blog/mtn8-betting-guide-south-africa-2026.html,MTN8 Betting Guide South Africa 2026: How to Bet PSL Cup Football Without Guessing
blog/south-africa-betting-glossary.html,/blog/nedbank-cup-betting-guide.html,Nedbank Cup Betting Guide for South Africans | BetSorted
blog/south-africa-betting-glossary.html,/blog/category-psl.html,PSL
blog/south-africa-betting-glossary.html,/blog/psl-playoffs-2026-betting-guide.html,"PSL Playoffs 2026 Betting Guide — Top 8 Odds, Predictions &amp; Best Bookmakers"
blog/south-africa-betting-glossary.html,/blog/,← Back to Blog
blog/south-africa-betting-glossary.html,/about.html,About
blog/south-africa-betting-glossary.html,/editorial-policy.html,Editorial Policy
blog/south-africa-betting-glossary.html,/responsible-gambling.html,Responsible Gambling
blog/south-africa-betting-glossary.html,/privacy.html,Privacy
blog/south-africa-betting-glossary.html,/contact.html,Contact
blog/south-africa-betting-glossary.html,/blog/,Blog
blog/south-africa-betting-glossary.html,/blog/category-bookmaker-comparisons.html,Bookmaker Comparisons
blog/south-africa-welcome-bonus-guide-2026.html,/,BetSorted
blog/south-africa-welcome-bonus-guide-2026.html,/#comparison,Compare
blog/south-africa-welcome-bonus-guide-2026.html,/bookmakers/,Bookmakers
blog/south-africa-welcome-bonus-guide-2026.html,/glossary.html,Glossary
blog/south-africa-welcome-bonus-guide-2026.html,/calculators.html,Calculators
blog/south-africa-welcome-bonus-guide-2026.html,/blog/,Blog
blog/south-africa-welcome-bonus-guide-2026.html,/psl-match-centre.html,⚽ PSL Live
blog/south-africa-welcome-bonus-guide-2026.html,/prediction-markets.html,💰 Smart Money
blog/south-africa-welcome-bonus-guide-2026.html,/,Home
blog/south-africa-welcome-bonus-guide-2026.html,/blog/,Blog
blog/south-africa-welcome-bonus-guide-2026.html,/go/bet-co-za.html?subid=post-welcome-bonus-guide-table,Bet.co.za
blog/south-africa-welcome-bonus-guide-2026.html,/go/world-sports-betting.html?subid=post-welcome-bonus-guide-table,World Sports Betting
blog/south-africa-welcome-bonus-guide-2026.html,/go/hollywoodbets.html?subid=post-welcome-bonus-guide-table,Hollywoodbets
blog/south-africa-welcome-bonus-guide-2026.html,/go/sunbet.html?subid=post-welcome-bonus-guide-table,Sunbet
blog/south-africa-welcome-bonus-guide-2026.html,/go/sportingbet.html?subid=post-welcome-bonus-guide-table,Sportingbet
blog/south-africa-welcome-bonus-guide-2026.html,/go/play-co-za.html?subid=post-welcome-bonus-guide-table,Play.co.za
blog/south-africa-welcome-bonus-guide-2026.html,/go/gbets.html?subid=post-welcome-bonus-guide-table,Gbets
blog/south-africa-welcome-bonus-guide-2026.html,/go/10bet.html?subid=post-welcome-bonus-guide-table,10bet
blog/south-africa-welcome-bonus-guide-2026.html,/go/supabets.html?subid=post-welcome-bonus-guide-table,Supabets
blog/south-africa-welcome-bonus-guide-2026.html,/go/bcgame.html?subid=post-welcome-bonus-guide-table,BC.Game
blog/south-africa-welcome-bonus-guide-2026.html,/go/bet-co-za.html?subid=post-welcome-bonus-guide-section,Bet.co.za
blog/south-africa-welcome-bonus-guide-2026.html,/go/world-sports-betting.html?subid=post-welcome-bonus-guide-section,World Sports Betting
blog/south-africa-welcome-bonus-guide-2026.html,/go/hollywoodbets.html?subid=post-welcome-bonus-guide-section,Hollywoodbets
blog/south-africa-welcome-bonus-guide-2026.html,/go/sunbet.html?subid=post-welcome-bonus-guide-section,Sunbet
blog/south-africa-welcome-bonus-guide-2026.html,/go/sportingbet.html?subid=post-welcome-bonus-guide-section,Sportingbet
blog/south-africa-welcome-bonus-guide-2026.html,/go/play-co-za.html?subid=post-welcome-bonus-guide-section,Play.co.za
blog/south-africa-welcome-bonus-guide-2026.html,/go/gbets.html?subid=post-welcome-bonus-guide-section,Gbets
blog/south-africa-welcome-bonus-guide-2026.html,/go/10bet.html?subid=post-welcome-bonus-guide-section,10bet
blog/south-africa-welcome-bonus-guide-2026.html,/go/supabets.html?subid=post-welcome-bonus-guide-section,Supabets
blog/south-africa-welcome-bonus-guide-2026.html,/go/bcgame.html?subid=post-welcome-bonus-guide-section,BC.Game
blog/south-africa-welcome-bonus-guide-2026.html,/bonus-comparison.html,Use the bonus comparison tool
blog/south-africa-welcome-bonus-guide-2026.html,/betting-bonuses-south-africa.html,Read the short practical bonus explainer
blog/south-africa-welcome-bonus-guide-2026.html,/blog/how-to-use-betsorted-calculators-weekend-betting-south-africa-2026.html,See how to model promos with the calculators
blog/south-africa-welcome-bonus-guide-2026.html,/about.html,About
blog/south-africa-welcome-bonus-guide-2026.html,/editorial-policy.html,Editorial Policy
blog/south-africa-welcome-bonus-guide-2026.html,/responsible-gambling.html,Responsible Gambling
blog/south-africa-welcome-bonus-guide-2026.html,/blog/,Blog
blog/south-africa-welcome-bonus-guide-2026.html,/blog/category-bookmaker-comparisons.html,Bookmaker Comparisons
blog/south-africa-welcome-bonus-guide-2026.html,/bonus-comparison.html,Bonus Comparison
blog/soweto-derby-betting-guide.html,/,BetSorted
blog/soweto-derby-betting-guide.html,/#comparison,Compare
blog/soweto-derby-betting-guide.html,/bookmakers/,Bookmakers
blog/soweto-derby-betting-guide.html,/glossary.html,Glossary
blog/soweto-derby-betting-guide.html,/calculators.html,Calculators
blog/soweto-derby-betting-guide.html,/blog/,Blog
blog/soweto-derby-betting-guide.html,/psl-match-centre.html,⚽ PSL Live
blog/soweto-derby-betting-guide.html,/prediction-markets.html,💰 Smart Money
blog/soweto-derby-betting-guide.html,/,Home
blog/soweto-derby-betting-guide.html,/blog/,Blog
blog/soweto-derby-betting-guide.html,/blog/,← Back to Blog
blog/soweto-derby-betting-guide.html,/odds-comparison.html,odds comparison page
blog/soweto-derby-betting-guide.html,/accumulator-calculator.html,accumulator calculator
blog/soweto-derby-betting-guide.html,/blog/chiefs-vs-pirates-derby-betting-guide-2026.html,full Soweto Derby betting guide
blog/soweto-derby-betting-guide.html,/blog/psl-title-race-betting-guide.html,full PSL weekend accumulator guide
blog/soweto-derby-betting-guide.html,/betting-calculator.html,betting calculator
blog/soweto-derby-betting-guide.html,/blog/instant-eft-betting-payments-south-africa.html,Instant EFT
blog/soweto-derby-betting-guide.html,/blog/capitec-pay-betting-payments-south-africa.html,Capitec Pay
blog/soweto-derby-betting-guide.html,/odds-comparison.html,odds comparison page
blog/soweto-derby-betting-guide.html,/blog/chiefs-vs-pirates-derby-betting-guide-2026.html,Soweto Derby Betting Guide: Markets and Angles (2026)
blog/soweto-derby-betting-guide.html,/blog/psl-title-race-betting-guide.html,PSL Weekend Accumulator Tips (28 Feb — 1 Mar 2026)
blog/soweto-derby-betting-guide.html,/blog/accumulator-betting-guide-south-africa-2026.html,Accumulator Betting Guide South Africa 2026
blog/soweto-derby-betting-guide.html,/blog/how-to-use-betting-calculators-south-africa.html,How to Use Betting Calculators — A South African Punter's Guide
blog/soweto-derby-betting-guide.html,/blog/,← Back to Blog
blog/soweto-derby-betting-preview-april-26-2026.html,/,BetSorted
blog/soweto-derby-betting-preview-april-26-2026.html,/#comparison,Compare
blog/soweto-derby-betting-preview-april-26-2026.html,/bookmakers/,Bookmakers
blog/soweto-derby-betting-preview-april-26-2026.html,/glossary.html,Glossary
blog/soweto-derby-betting-preview-april-26-2026.html,/calculators.html,Calculators
blog/soweto-derby-betting-preview-april-26-2026.html,/blog/,Blog
blog/soweto-derby-betting-preview-april-26-2026.html,/psl-match-centre.html,⚽ PSL Live
blog/soweto-derby-betting-preview-april-26-2026.html,/prediction-markets.html,💰 Smart Money
blog/soweto-derby-betting-preview-april-26-2026.html,/blog/soweto-derby-betting-guide.html,Click here
blog/soweto-derby-chiefs-vs-pirates-betting-preview-february-28-2026.html,/,BetSorted
blog/soweto-derby-chiefs-vs-pirates-betting-preview-february-28-2026.html,/#comparison,Compare
blog/soweto-derby-chiefs-vs-pirates-betting-preview-february-28-2026.html,/bookmakers/,Bookmakers
blog/soweto-derby-chiefs-vs-pirates-betting-preview-february-28-2026.html,/glossary.html,Glossary
blog/soweto-derby-chiefs-vs-pirates-betting-preview-february-28-2026.html,/calculators.html,Calculators
blog/soweto-derby-chiefs-vs-pirates-betting-preview-february-28-2026.html,/blog/,Blog
blog/soweto-derby-chiefs-vs-pirates-betting-preview-february-28-2026.html,/psl-match-centre.html,⚽ PSL Live
blog/soweto-derby-chiefs-vs-pirates-betting-preview-february-28-2026.html,/prediction-markets.html,💰 Smart Money
blog/soweto-derby-chiefs-vs-pirates-betting-preview-february-28-2026.html,/blog/soweto-derby-betting-guide.html,Click here
blog/sportingbet-review-south-africa-2026.html,/,BetSorted
blog/sportingbet-review-south-africa-2026.html,/#comparison,Compare
blog/sportingbet-review-south-africa-2026.html,/bookmakers/,Bookmakers
blog/sportingbet-review-south-africa-2026.html,/glossary.html,Glossary
blog/sportingbet-review-south-africa-2026.html,/calculators.html,Calculators
blog/sportingbet-review-south-africa-2026.html,/blog/,Blog
blog/sportingbet-review-south-africa-2026.html,/psl-match-centre.html,⚽ PSL Live
blog/sportingbet-review-south-africa-2026.html,/prediction-markets.html,💰 Smart Money
blog/sportingbet-review-south-africa-2026.html,/,Home
blog/sportingbet-review-south-africa-2026.html,/bookmakers/,Bookmakers
blog/sportingbet-review-south-africa-2026.html,/bookmakers/sportingbet-login.html,Sportingbet login guide
blog/sportingbet-review-south-africa-2026.html,/bookmakers/sportingbet-app.html,Sportingbet app guide
blog/sportingbet-review-south-africa-2026.html,/bookmakers/sportingbet-psl-betting.html,Sportingbet PSL betting
blog/sportingbet-review-south-africa-2026.html,/bookmakers/sportingbet-rugby-betting.html,Sportingbet Rugby betting
blog/sportingbet-review-south-africa-2026.html,/bookmakers/sportingbet-cricket-betting.html,Sportingbet Cricket betting
blog/sportingbet-review-south-africa-2026.html,/glossary.html,South Africa betting glossary
blog/sportingbet-review-south-africa-2026.html,/bookmakers/,Bookmakers hub
blog/sportingbet-review-south-africa-2026.html,/odds-comparison.html,odds comparison page
blog/sportingbet-review-south-africa-2026.html,/betting-calculator.html,betting calculator
blog/sportingbet-review-south-africa-2026.html,/blog/best-psl-betting-site-2026.html,best PSL betting sites
blog/sportingbet-review-south-africa-2026.html,/odds-comparison.html,odds comparison tool
blog/sportingbet-review-south-africa-2026.html,/betting-calculator.html,betting calculator
blog/sportingbet-review-south-africa-2026.html,/blog/instant-eft-betting-payments-south-africa.html,Instant EFT
blog/sportingbet-review-south-africa-2026.html,/blog/ozow-betting-payments-south-africa.html,Ozow
blog/sportingbet-review-south-africa-2026.html,/best-odds-finder.html,best odds finder
blog/sportingbet-review-south-africa-2026.html,/blog/fastest-paying-bookmakers-south-africa-2026.html,fastest paying bookmakers in South Africa
blog/sportingbet-review-south-africa-2026.html,/blog/betway-vs-hollywoodbets.html,Betway vs Hollywoodbets comparison
blog/sportingbet-review-south-africa-2026.html,/blog/hollywoodbets-vs-supabets-2026.html,Hollywoodbets vs Supabets
blog/sportingbet-review-south-africa-2026.html,/blog/easybet-vs-world-sports-betting-psl-2026.html,Easybet vs WSB for PSL
blog/sportingbet-review-south-africa-2026.html,/accumulator-calculator.html,accumulator calculator
blog/sportingbet-review-south-africa-2026.html,/betting-calculator.html,betting calculator
blog/sportingbet-review-south-africa-2026.html,/blog/,← Back to Blog
blog/sportingbet-vs-playabets-accumulator-betting-2026.html,/blog/playabets-review-south-africa-2026.html,Playabets
blog/sportingbet-vs-playabets-accumulator-betting-2026.html,/,BetSorted
blog/sportingbet-vs-playabets-accumulator-betting-2026.html,/#comparison,Compare
blog/sportingbet-vs-playabets-accumulator-betting-2026.html,/bookmakers/,Bookmakers
blog/sportingbet-vs-playabets-accumulator-betting-2026.html,/glossary.html,Glossary
blog/sportingbet-vs-playabets-accumulator-betting-2026.html,/calculators.html,Calculators
blog/sportingbet-vs-playabets-accumulator-betting-2026.html,/blog/,Blog
blog/sportingbet-vs-playabets-accumulator-betting-2026.html,/psl-match-centre.html,⚽ PSL Live
blog/sportingbet-vs-playabets-accumulator-betting-2026.html,/prediction-markets.html,💰 Smart Money
blog/sportingbet-vs-playabets-accumulator-betting-2026.html,/,Home
blog/sportingbet-vs-playabets-accumulator-betting-2026.html,/blog/,Blog
blog/sportingbet-vs-playabets-accumulator-betting-2026.html,/blog/sportingbet-review-south-africa-2026.html,Sportingbet
blog/sportingbet-vs-playabets-accumulator-betting-2026.html,/betting-calculator.html,free accumulator calculator
blog/sportingbet-vs-playabets-accumulator-betting-2026.html,/blog/accumulator-betting-guide-south-africa-2026.html,Complete Accumulator Betting Guide for SA
blog/sportingbet-vs-playabets-accumulator-betting-2026.html,/blog/best-psl-betting-site-2026.html,Best PSL Betting Sites in 2026
blog/sportingbet-vs-playabets-accumulator-betting-2026.html,/calculators.html,Free Betting Calculators
blog/sportingbet-vs-playabets-accumulator-betting-2026.html,/blog/best-betting-bonuses-south-africa-2026.html,Best Betting Bonuses in SA
blog/sportingbet-vs-playabets-accumulator-betting-2026.html,/about.html,About
blog/sportingbet-vs-playabets-accumulator-betting-2026.html,/editorial-policy.html,Editorial Policy
blog/sportingbet-vs-playabets-accumulator-betting-2026.html,/responsible-gambling.html,Responsible Gambling
blog/sportingbet-vs-playabets-accumulator-betting-2026.html,/privacy.html,Privacy
blog/sportingbet-vs-playabets-accumulator-betting-2026.html,/contact.html,Contact
blog/sportingbet-vs-playabets-accumulator-betting-2026.html,/blog/,Blog
blog/sportingbet-vs-playabets-accumulator-betting-2026.html,/blog/category-bookmaker-comparisons.html,Bookmaker Comparisons
blog/sportingbet-vs-playabets-accumulator-betting-2026.html,/about.html,About
blog/sportingbet-vs-playabets-accumulator-betting-2026.html,/contact.html,Contact
blog/sportingbet-vs-playabets-accumulator-betting-2026.html,/privacy.html,Privacy
blog/sportingbet-vs-supabets.html,/blog/supabets-review-south-africa-2026.html,Supabets
blog/sportingbet-vs-supabets.html,/,BetSorted
blog/sportingbet-vs-supabets.html,/#comparison,Compare
blog/sportingbet-vs-supabets.html,/bookmakers/,Bookmakers
blog/sportingbet-vs-supabets.html,/glossary.html,Glossary
blog/sportingbet-vs-supabets.html,/calculators.html,Calculators
blog/sportingbet-vs-supabets.html,/blog/,Blog
blog/sportingbet-vs-supabets.html,/psl-match-centre.html,⚽ PSL Live
blog/sportingbet-vs-supabets.html,/prediction-markets.html,💰 Smart Money
blog/sportingbet-vs-supabets.html,/,Home
blog/sportingbet-vs-supabets.html,/blog/,Blog
blog/sportingbet-vs-supabets.html,/blog/,← Back to Blog
blog/sportingbet-vs-supabets.html,/blog/betway-review-south-africa-2026.html,Betway
blog/sportingbet-vs-supabets.html,/blog/hollywoodbets-review-south-africa-2026.html,Hollywoodbets
blog/sportingbet-vs-supabets.html,/blog/sportingbet-review-south-africa-2026.html,Sportingbet
blog/sportingbet-vs-supabets.html,/odds-comparison.html,odds comparison page
blog/sportingbet-vs-supabets.html,/betting-calculator.html,betting calculator
blog/sportingbet-vs-supabets.html,/blog/hollywoodbets-review-south-africa-2026.html,Hollywoodbets
blog/sportingbet-vs-supabets.html,/odds-comparison.html,odds comparison calculator
blog/sportingbet-vs-supabets.html,/blog/betway-review-south-africa-2026.html,Betway
blog/sportingbet-vs-supabets.html,/odds-comparison.html,odds comparison tool
blog/sportingbet-vs-supabets.html,/betting-calculator.html,betting calculator
blog/sportingbet-vs-supabets.html,/accumulator-calculator.html,accumulator calculator
blog/sportingbet-vs-supabets.html,/odds-comparison.html,odds comparison page
blog/sportingbet-vs-supabets.html,/blog/best-betway-alternatives-south-africa-june-2026.html,Best Betway Alternatives for South African Bettors (June 2026)
blog/sportingbet-vs-supabets.html,/blog/betfred-vs-10bet-south-africa-2026.html,Betfred vs 10bet South Africa 2026: International Bookmaker Showdown
blog/sportingbet-vs-supabets.html,/blog/category-bookmaker-comparisons.html,Bookmaker Comparisons
blog/sportingbet-vs-supabets.html,/blog/gbets-vs-10bet-south-africa-2026.html,Gbets vs 10bet South Africa 2026 — Which Bookmaker Wins?
blog/sportingbet-vs-supabets.html,/blog/,← Back to Blog
blog/sportingbet-vs-supabets.html,/about.html,About
blog/sportingbet-vs-supabets.html,/editorial-policy.html,Editorial Policy
blog/sportingbet-vs-supabets.html,/responsible-gambling.html,Responsible Gambling
blog/sportingbet-vs-supabets.html,/privacy.html,Privacy
blog/sportingbet-vs-supabets.html,/contact.html,Contact
blog/sportingbet-vs-supabets.html,/blog/,Blog
blog/sportingbet-vs-supabets.html,/blog/category-bookmaker-comparisons.html,Bookmaker Comparisons
blog/sportingbet-vs-world-sports-betting-rugby-cricket-june-2026.html,/blog/wsb-review-south-africa-2026.html,World Sports Betting
blog/sportingbet-vs-world-sports-betting-rugby-cricket-june-2026.html,/,BetSorted
blog/sportingbet-vs-world-sports-betting-rugby-cricket-june-2026.html,/#comparison,Compare
blog/sportingbet-vs-world-sports-betting-rugby-cricket-june-2026.html,/bookmakers/,Bookmakers
blog/sportingbet-vs-world-sports-betting-rugby-cricket-june-2026.html,/glossary.html,Glossary
blog/sportingbet-vs-world-sports-betting-rugby-cricket-june-2026.html,/calculators.html,Calculators
blog/sportingbet-vs-world-sports-betting-rugby-cricket-june-2026.html,/blog/,Blog
blog/sportingbet-vs-world-sports-betting-rugby-cricket-june-2026.html,/psl-match-centre.html,⚽ PSL Live
blog/sportingbet-vs-world-sports-betting-rugby-cricket-june-2026.html,/prediction-markets.html,💰 Smart Money
blog/sportingbet-vs-world-sports-betting-rugby-cricket-june-2026.html,/,Home
blog/sportingbet-vs-world-sports-betting-rugby-cricket-june-2026.html,/blog/,Blog
blog/sportingbet-vs-world-sports-betting-rugby-cricket-june-2026.html,/blog/betway-review-south-africa-2026.html,Betway
blog/sportingbet-vs-world-sports-betting-rugby-cricket-june-2026.html,/blog/hollywoodbets-review-south-africa-2026.html,Hollywoodbets
blog/sportingbet-vs-world-sports-betting-rugby-cricket-june-2026.html,/blog/sportingbet-review-south-africa-2026.html,Sportingbet
blog/sportingbet-vs-world-sports-betting-rugby-cricket-june-2026.html,/betting-calculator.html,betting calculator
blog/sportingbet-vs-world-sports-betting-rugby-cricket-june-2026.html,/accumulator-calculator.html,accumulator calculator
blog/sportingbet-vs-world-sports-betting-rugby-cricket-june-2026.html,/blog/wsb-review-south-africa-2026.html,WSB
blog/sportingbet-vs-world-sports-betting-rugby-cricket-june-2026.html,/odds-converter.html,odds converter
blog/sportingbet-vs-world-sports-betting-rugby-cricket-june-2026.html,/betting-calculator.html,betting calculator
blog/sportingbet-vs-world-sports-betting-rugby-cricket-june-2026.html,/accumulator-calculator.html,accumulator calculator
blog/sportingbet-vs-world-sports-betting-rugby-cricket-june-2026.html,/blog/wsb-review-south-africa-2026.html,WSB
blog/sportingbet-vs-world-sports-betting-rugby-cricket-june-2026.html,/betting-calculator.html,betting calculator
blog/sportingbet-vs-world-sports-betting-rugby-cricket-june-2026.html,/accumulator-calculator.html,accumulator calculator
blog/sportingbet-vs-world-sports-betting-rugby-cricket-june-2026.html,/blog/sportingbet-vs-world-sports-betting-rugby-cricket-june-2026.html,World Sports Betting vs Sportingbet South Africa
blog/sportingbet-vs-world-sports-betting-rugby-cricket-june-2026.html,/blog/springboks-vs-england-betting-guide.html,Best Bookmakers for Springboks vs England July 2026
blog/sportingbet-vs-world-sports-betting-rugby-cricket-june-2026.html,/blog/wsb-vs-hollywoodbets-south-africa-2026.html,Hollywoodbets vs WSB Rugby and Cricket
blog/sportingbet-vs-world-sports-betting-rugby-cricket-june-2026.html,/blog/cricket-betting-guide-south-africa-2026.html,Cricket Betting Guide South Africa
blog/sportingbet-vs-world-sports-betting-rugby-cricket-june-2026.html,/blog/how-to-build-psl-rugby-cricket-accumulator-south-africa-2026.html,"How to Build PSL, Rugby and Cricket Accumulators"
blog/sportingbet-vs-world-sports-betting-rugby-cricket-june-2026.html,/blog/best-betway-alternatives-south-africa-june-2026.html,Best Betway Alternatives for South African Bettors (June 2026)
blog/sportingbet-vs-world-sports-betting-rugby-cricket-june-2026.html,/blog/betfred-vs-10bet-south-africa-2026.html,Betfred vs 10bet South Africa 2026: International Bookmaker Showdown
blog/sportingbet-vs-world-sports-betting-rugby-cricket-june-2026.html,/blog/category-bookmaker-comparisons.html,Bookmaker Comparisons
blog/sportingbet-vs-world-sports-betting-rugby-cricket-june-2026.html,/blog/gbets-vs-10bet-south-africa-2026.html,Gbets vs 10bet South Africa 2026 — Which Bookmaker Wins?
blog/springboks-2026-betting-guide.html,/,BetSorted
blog/springboks-2026-betting-guide.html,/#comparison,Compare
blog/springboks-2026-betting-guide.html,/bookmakers/,Bookmakers
blog/springboks-2026-betting-guide.html,/glossary.html,Glossary
blog/springboks-2026-betting-guide.html,/calculators.html,Calculators
blog/springboks-2026-betting-guide.html,/blog/,Blog
blog/springboks-2026-betting-guide.html,/psl-match-centre.html,⚽ PSL Live
blog/springboks-2026-betting-guide.html,/prediction-markets.html,💰 Smart Money
blog/springboks-2026-betting-guide.html,/,Home
blog/springboks-2026-betting-guide.html,/blog/,Blog
blog/springboks-2026-betting-guide.html,/blog/,← Back to Blog
blog/springboks-2026-betting-guide.html,/accumulator-calculator.html,accumulator calculator
blog/springboks-2026-betting-guide.html,/blog/how-to-bet-nations-championship-2026.html,Nations Championship 2026 betting guide
blog/springboks-2026-betting-guide.html,/accumulator-calculator.html,acca calculator
blog/springboks-2026-betting-guide.html,/blog/betway-review-south-africa-2026.html,Betway
blog/springboks-2026-betting-guide.html,/blog/hollywoodbets-review-south-africa-2026.html,Hollywoodbets
blog/springboks-2026-betting-guide.html,/blog/sportingbet-review-south-africa-2026.html,Sportingbet
blog/springboks-2026-betting-guide.html,/blog/supabets-review-south-africa-2026.html,Supabets
blog/springboks-2026-betting-guide.html,/#comparison,comparison page
blog/springboks-2026-betting-guide.html,/betting-calculator.html,betting calculator
blog/springboks-2026-betting-guide.html,/#comparison,comparison page
blog/springboks-2026-betting-guide.html,/blog/how-to-bet-nations-championship-2026.html,How to Bet on the Nations Championship 2026 — Your Springboks Betting Guide
blog/springboks-2026-betting-guide.html,/blog/category-rugby.html,Rugby
blog/springboks-2026-betting-guide.html,/blog/urc-playoffs-betting-guide.html,URC Playoffs Betting Guide for South Africans | BetSorted
blog/springboks-2026-betting-guide.html,/blog/springboks-july-tests-2026-betting-calculator-guide.html,Springboks July Tests 2026: Betting Calculator Guide for South Africans
blog/springboks-2026-betting-guide.html,/blog/,← Back to Blog
blog/springboks-2026-betting-guide.html,/about.html,About
blog/springboks-2026-betting-guide.html,/editorial-policy.html,Editorial Policy
blog/springboks-2026-betting-guide.html,/responsible-gambling.html,Responsible Gambling
blog/springboks-2026-betting-guide.html,/privacy.html,Privacy
blog/springboks-2026-betting-guide.html,/contact.html,Contact
blog/springboks-2026-betting-guide.html,/blog/,Blog
blog/springboks-2026-betting-guide.html,/blog/category-bookmaker-comparisons.html,Bookmaker Comparisons
blog/springboks-barbarians-2026-betting-preview.html,/,BetSorted
blog/springboks-barbarians-2026-betting-preview.html,/#comparison,Compare
blog/springboks-barbarians-2026-betting-preview.html,/bookmakers/,Bookmakers
blog/springboks-barbarians-2026-betting-preview.html,/glossary.html,Glossary
blog/springboks-barbarians-2026-betting-preview.html,/calculators.html,Calculators
blog/springboks-barbarians-2026-betting-preview.html,/blog/,Blog
blog/springboks-barbarians-2026-betting-preview.html,/psl-match-centre.html,⚽ PSL Live
blog/springboks-barbarians-2026-betting-preview.html,/prediction-markets.html,💰 Smart Money
blog/springboks-barbarians-2026-betting-preview.html,/blog/springboks-vs-barbarians-betting-guide.html,Click here
blog/springboks-england-ellis-park-handicap-guide-2026.html,/,BetSorted
blog/springboks-england-ellis-park-handicap-guide-2026.html,/#comparison,Compare
blog/springboks-england-ellis-park-handicap-guide-2026.html,/bookmakers/,Bookmakers
blog/springboks-england-ellis-park-handicap-guide-2026.html,/glossary.html,Glossary
blog/springboks-england-ellis-park-handicap-guide-2026.html,/calculators.html,Calculators
blog/springboks-england-ellis-park-handicap-guide-2026.html,/blog/,Blog
blog/springboks-england-ellis-park-handicap-guide-2026.html,/psl-match-centre.html,⚽ PSL Live
blog/springboks-england-ellis-park-handicap-guide-2026.html,/prediction-markets.html,💰 Smart Money
blog/springboks-england-ellis-park-handicap-guide-2026.html,/blog/springboks-vs-england-betting-guide.html,Click here
blog/springboks-handicap-totals-betting-guide-2026.html,/,BetSorted
blog/springboks-handicap-totals-betting-guide-2026.html,/#comparison,Compare
blog/springboks-handicap-totals-betting-guide-2026.html,/bookmakers/,Bookmakers
blog/springboks-handicap-totals-betting-guide-2026.html,/glossary.html,Glossary
blog/springboks-handicap-totals-betting-guide-2026.html,/calculators.html,Calculators
blog/springboks-handicap-totals-betting-guide-2026.html,/blog/,Blog
blog/springboks-handicap-totals-betting-guide-2026.html,/psl-match-centre.html,⚽ PSL Live
blog/springboks-handicap-totals-betting-guide-2026.html,/prediction-markets.html,💰 Smart Money
blog/springboks-handicap-totals-betting-guide-2026.html,/,Home
blog/springboks-handicap-totals-betting-guide-2026.html,/blog/,Blog
blog/springboks-handicap-totals-betting-guide-2026.html,/betting-calculator.html,betting payout calculator
blog/springboks-handicap-totals-betting-guide-2026.html,/accumulator-calculator.html,accumulator calculator
blog/springboks-handicap-totals-betting-guide-2026.html,/betting-calculator.html,BetSorted betting calculator
blog/springboks-handicap-totals-betting-guide-2026.html,/accumulator-calculator.html,accumulator calculator
blog/springboks-handicap-totals-betting-guide-2026.html,/blog/best-live-rugby-betting-sites-south-africa-2026.html,best live rugby betting sites in South Africa
blog/springboks-handicap-totals-betting-guide-2026.html,/blog/best-betting-sites-beginners-south-africa-2026.html,licensed SA bookmaker comparisons
blog/springboks-handicap-totals-betting-guide-2026.html,/blog/best-live-rugby-betting-sites-south-africa-2026.html,live rugby rankings
blog/springboks-handicap-totals-betting-guide-2026.html,/betting-calculator.html,betting calculator
blog/springboks-handicap-totals-betting-guide-2026.html,/blog/how-to-bet-nations-championship-2026.html,How to Bet on the Nations Championship 2026 — Your Springboks Betting Guide
blog/springboks-handicap-totals-betting-guide-2026.html,/blog/category-rugby.html,Rugby
blog/springboks-handicap-totals-betting-guide-2026.html,/blog/urc-playoffs-betting-guide.html,URC Playoffs Betting Guide for South Africans | BetSorted
blog/springboks-handicap-totals-betting-guide-2026.html,/blog/springboks-july-tests-2026-betting-calculator-guide.html,Springboks July Tests 2026: Betting Calculator Guide for South Africans
blog/springboks-july-2026-betting-guide-south-africa.html,/,BetSorted
blog/springboks-july-2026-betting-guide-south-africa.html,/#comparison,Compare
blog/springboks-july-2026-betting-guide-south-africa.html,/bookmakers/,Bookmakers
blog/springboks-july-2026-betting-guide-south-africa.html,/glossary.html,Glossary
blog/springboks-july-2026-betting-guide-south-africa.html,/calculators.html,Calculators
blog/springboks-july-2026-betting-guide-south-africa.html,/blog/,Blog
blog/springboks-july-2026-betting-guide-south-africa.html,/psl-match-centre.html,⚽ PSL Live
blog/springboks-july-2026-betting-guide-south-africa.html,/prediction-markets.html,💰 Smart Money
blog/springboks-july-2026-betting-guide-south-africa.html,/blog/category-rugby.html,Click here
blog/springboks-july-tests-2026-betting-calculator-guide.html,/,BetSorted
blog/springboks-july-tests-2026-betting-calculator-guide.html,/#comparison,Compare
blog/springboks-july-tests-2026-betting-calculator-guide.html,/bookmakers/,Bookmakers
blog/springboks-july-tests-2026-betting-calculator-guide.html,/glossary.html,Glossary
blog/springboks-july-tests-2026-betting-calculator-guide.html,/calculators.html,Calculators
blog/springboks-july-tests-2026-betting-calculator-guide.html,/blog/,Blog
blog/springboks-july-tests-2026-betting-calculator-guide.html,/psl-match-centre.html,⚽ PSL Live
blog/springboks-july-tests-2026-betting-calculator-guide.html,/prediction-markets.html,💰 Smart Money
blog/springboks-july-tests-2026-betting-calculator-guide.html,/,Home
blog/springboks-july-tests-2026-betting-calculator-guide.html,/blog/,Blog
blog/springboks-july-tests-2026-betting-calculator-guide.html,/blog/rugby-handicap-calculator-south-africa-2026.html,Rugby handicap guide
blog/springboks-july-tests-2026-betting-calculator-guide.html,/betting-calculator.html,Betting calculator
blog/springboks-july-tests-2026-betting-calculator-guide.html,/value-bet-calculator.html,Value bet calculator
blog/springboks-july-tests-2026-betting-calculator-guide.html,/blog/rugby-handicap-calculator-south-africa-2026.html,rugby handicap calculator guide
blog/springboks-july-tests-2026-betting-calculator-guide.html,/accumulator-calculator.html,accumulator calculator
blog/springboks-july-tests-2026-betting-calculator-guide.html,/betting-calculator.html,betting calculator
blog/springboks-july-tests-2026-betting-calculator-guide.html,/accumulator-calculator.html,accumulator calculator
blog/springboks-july-tests-2026-betting-calculator-guide.html,/blog/how-to-bet-nations-championship-2026.html,How to Bet on the Nations Championship 2026 — Your Springboks Betting Guide
blog/springboks-july-tests-2026-betting-calculator-guide.html,/blog/category-rugby.html,Rugby
blog/springboks-july-tests-2026-betting-calculator-guide.html,/blog/urc-playoffs-betting-guide.html,URC Playoffs Betting Guide for South Africans | BetSorted
blog/springboks-july-tests-2026-betting-calculator-guide.html,/blog/rugby-handicap-calculator-south-africa-2026.html,Rugby Handicap Calculator Guide for South African Punters
blog/springboks-nations-championship-2026-betting-preview.html,/,BetSorted
blog/springboks-nations-championship-2026-betting-preview.html,/#comparison,Compare
blog/springboks-nations-championship-2026-betting-preview.html,/bookmakers/,Bookmakers
blog/springboks-nations-championship-2026-betting-preview.html,/glossary.html,Glossary
blog/springboks-nations-championship-2026-betting-preview.html,/calculators.html,Calculators
blog/springboks-nations-championship-2026-betting-preview.html,/blog/,Blog
blog/springboks-nations-championship-2026-betting-preview.html,/psl-match-centre.html,⚽ PSL Live
blog/springboks-nations-championship-2026-betting-preview.html,/prediction-markets.html,💰 Smart Money
blog/springboks-nations-championship-2026-betting-preview.html,/blog/category-rugby.html,Click here
blog/springboks-nations-championship-july-2026-betting-preview.html,/,BetSorted
blog/springboks-nations-championship-july-2026-betting-preview.html,/#comparison,Compare
blog/springboks-nations-championship-july-2026-betting-preview.html,/bookmakers/,Bookmakers
blog/springboks-nations-championship-july-2026-betting-preview.html,/glossary.html,Glossary
blog/springboks-nations-championship-july-2026-betting-preview.html,/calculators.html,Calculators
blog/springboks-nations-championship-july-2026-betting-preview.html,/blog/,Blog
blog/springboks-nations-championship-july-2026-betting-preview.html,/psl-match-centre.html,⚽ PSL Live
blog/springboks-nations-championship-july-2026-betting-preview.html,/prediction-markets.html,💰 Smart Money
blog/springboks-nations-championship-july-2026-betting-preview.html,/blog/category-rugby.html,Click here
blog/springboks-vs-argentina-august-2026-betting-guide.html,/,BetSorted
blog/springboks-vs-argentina-august-2026-betting-guide.html,/#comparison,Compare
blog/springboks-vs-argentina-august-2026-betting-guide.html,/bookmakers/,Bookmakers
blog/springboks-vs-argentina-august-2026-betting-guide.html,/glossary.html,Glossary
blog/springboks-vs-argentina-august-2026-betting-guide.html,/calculators.html,Calculators
blog/springboks-vs-argentina-august-2026-betting-guide.html,/blog/,Blog
blog/springboks-vs-argentina-august-2026-betting-guide.html,/psl-match-centre.html,⚽ PSL Live
blog/springboks-vs-argentina-august-2026-betting-guide.html,/prediction-markets.html,💰 Smart Money
blog/springboks-vs-argentina-august-2026-betting-guide.html,/,Home
blog/springboks-vs-argentina-august-2026-betting-guide.html,/blog/,Blog
blog/springboks-vs-argentina-august-2026-betting-guide.html,/blog/,Back to Blog
blog/springboks-vs-argentina-august-2026-betting-guide.html,/betting-calculator.html,betting calculator
blog/springboks-vs-argentina-august-2026-betting-guide.html,/value-bet-calculator.html,value bet calculator
blog/springboks-vs-argentina-august-2026-betting-guide.html,/blog/best-rugby-betting-sites-south-africa-2026.html,best rugby betting sites guide
blog/springboks-vs-argentina-august-2026-betting-guide.html,/accumulator-calculator.html,accumulator calculator
blog/springboks-vs-argentina-august-2026-betting-guide.html,/betting-calculator.html,Betting Calculator
blog/springboks-vs-argentina-august-2026-betting-guide.html,/value-bet-calculator.html,Value Bet Calculator
blog/springboks-vs-argentina-august-2026-betting-guide.html,/accumulator-calculator.html,Accumulator Calculator
blog/springboks-vs-argentina-august-2026-betting-guide.html,/blog/best-rugby-betting-sites-south-africa-2026.html,Best Rugby Betting Sites
blog/springboks-vs-argentina-august-2026-betting-guide.html,/blog/best-rugby-betting-sites-south-africa-2026.html,Best Rugby Betting Sites South Africa 2026
blog/springboks-vs-argentina-august-2026-betting-guide.html,/blog/springboks-handicap-totals-betting-guide-2026.html,Springboks Handicap and Totals Betting Guide 2026
blog/springboks-vs-argentina-august-2026-betting-guide.html,/blog/springboks-2026-betting-guide.html,Springboks 2026 Betting Guide
blog/springboks-vs-argentina-august-2026-betting-guide.html,/blog/rugby-championship-2026-betting-guide.html,Rugby Championship 2026 Betting Guide
blog/springboks-vs-argentina-august-2026-betting-guide.html,/blog/category-rugby.html,More rugby betting guides
blog/springboks-vs-argentina-august-2026-betting-guide.html,/about.html,About
blog/springboks-vs-argentina-august-2026-betting-guide.html,/editorial-policy.html,Editorial Policy
blog/springboks-vs-argentina-august-2026-betting-guide.html,/responsible-gambling.html,Responsible Gambling
blog/springboks-vs-argentina-august-2026-betting-guide.html,/privacy.html,Privacy
blog/springboks-vs-argentina-august-2026-betting-guide.html,/contact.html,Contact
blog/springboks-vs-argentina-august-2026-betting-guide.html,/blog/,Blog
blog/springboks-vs-argentina-august-2026-betting-guide.html,/blog/category-bookmaker-comparisons.html,Bookmaker Comparisons
blog/springboks-vs-barbarians-betting-guide.html,/,BetSorted
blog/springboks-vs-barbarians-betting-guide.html,/#comparison,Compare
blog/springboks-vs-barbarians-betting-guide.html,/bookmakers/,Bookmakers
blog/springboks-vs-barbarians-betting-guide.html,/glossary.html,Glossary
blog/springboks-vs-barbarians-betting-guide.html,/calculators.html,Calculators
blog/springboks-vs-barbarians-betting-guide.html,/blog/,Blog
blog/springboks-vs-barbarians-betting-guide.html,/psl-match-centre.html,⚽ PSL Live
blog/springboks-vs-barbarians-betting-guide.html,/prediction-markets.html,💰 Smart Money
blog/springboks-vs-barbarians-betting-guide.html,/,Home
blog/springboks-vs-barbarians-betting-guide.html,/blog/,Blog
blog/springboks-vs-barbarians-betting-guide.html,/odds-converter.html,odds converter
blog/springboks-vs-barbarians-betting-guide.html,/betting-calculator.html,betting calculator
blog/springboks-vs-barbarians-betting-guide.html,/accumulator-calculator.html,accumulator calculator
blog/springboks-vs-barbarians-betting-guide.html,/bankroll-tracker.html,bankroll tracker
blog/springboks-vs-barbarians-betting-guide.html,/blog/best-rugby-betting-sites-south-africa-2026.html,Best Rugby Betting Sites South Africa
blog/springboks-vs-barbarians-betting-guide.html,/blog/rugby-handicap-calculator-south-africa-2026.html,Rugby Handicap Betting Guide
blog/springboks-vs-barbarians-betting-guide.html,/blog/springboks-vs-barbarians-betting-guide.html,Springboks vs Barbarians Betting Preview
blog/springboks-vs-barbarians-betting-guide.html,/calculators.html,BetSorted Betting Calculators
blog/springboks-vs-barbarians-gqeberha-betting-guide-2026.html,/,BetSorted
blog/springboks-vs-barbarians-gqeberha-betting-guide-2026.html,/#comparison,Compare
blog/springboks-vs-barbarians-gqeberha-betting-guide-2026.html,/bookmakers/,Bookmakers
blog/springboks-vs-barbarians-gqeberha-betting-guide-2026.html,/glossary.html,Glossary
blog/springboks-vs-barbarians-gqeberha-betting-guide-2026.html,/calculators.html,Calculators
blog/springboks-vs-barbarians-gqeberha-betting-guide-2026.html,/blog/,Blog
blog/springboks-vs-barbarians-gqeberha-betting-guide-2026.html,/psl-match-centre.html,⚽ PSL Live
blog/springboks-vs-barbarians-gqeberha-betting-guide-2026.html,/prediction-markets.html,💰 Smart Money
blog/springboks-vs-barbarians-gqeberha-betting-guide-2026.html,/blog/springboks-vs-barbarians-betting-guide.html,Click here
blog/springboks-vs-england-betting-guide.html,/,BetSorted
blog/springboks-vs-england-betting-guide.html,/#comparison,Compare
blog/springboks-vs-england-betting-guide.html,/bookmakers/,Bookmakers
blog/springboks-vs-england-betting-guide.html,/glossary.html,Glossary
blog/springboks-vs-england-betting-guide.html,/calculators.html,Calculators
blog/springboks-vs-england-betting-guide.html,/blog/,Blog
blog/springboks-vs-england-betting-guide.html,/psl-match-centre.html,⚽ PSL Live
blog/springboks-vs-england-betting-guide.html,/prediction-markets.html,💰 Smart Money
blog/springboks-vs-england-betting-guide.html,/,Home
blog/springboks-vs-england-betting-guide.html,/blog/,Blog
blog/springboks-vs-england-betting-guide.html,/best-odds-finder.html,best odds finder
blog/springboks-vs-england-betting-guide.html,/betting-calculator.html,betting calculator
blog/springboks-vs-england-betting-guide.html,/blog/springboks-handicap-totals-betting-guide-2026.html,Springboks handicap and totals guide
blog/springboks-vs-england-betting-guide.html,/blog/best-live-rugby-betting-sites-south-africa-2026.html,best live rugby betting sites in South Africa
blog/springboks-vs-england-betting-guide.html,/blog/,Back to blog
blog/springboks-vs-england-betting-guide.html,/responsible-gambling.html,Responsible gambling
blog/springboks-vs-england-ellis-park-betting-guide-2026.html,/,BetSorted
blog/springboks-vs-england-ellis-park-betting-guide-2026.html,/#comparison,Compare
blog/springboks-vs-england-ellis-park-betting-guide-2026.html,/bookmakers/,Bookmakers
blog/springboks-vs-england-ellis-park-betting-guide-2026.html,/glossary.html,Glossary
blog/springboks-vs-england-ellis-park-betting-guide-2026.html,/calculators.html,Calculators
blog/springboks-vs-england-ellis-park-betting-guide-2026.html,/blog/,Blog
blog/springboks-vs-england-ellis-park-betting-guide-2026.html,/psl-match-centre.html,⚽ PSL Live
blog/springboks-vs-england-ellis-park-betting-guide-2026.html,/prediction-markets.html,💰 Smart Money
blog/springboks-vs-england-ellis-park-betting-guide-2026.html,/blog/springboks-vs-england-betting-guide.html,Click here
blog/springboks-vs-england-july-4-2026-betting-guide.html,/,BetSorted
blog/springboks-vs-england-july-4-2026-betting-guide.html,/#comparison,Compare
blog/springboks-vs-england-july-4-2026-betting-guide.html,/bookmakers/,Bookmakers
blog/springboks-vs-england-july-4-2026-betting-guide.html,/glossary.html,Glossary
blog/springboks-vs-england-july-4-2026-betting-guide.html,/calculators.html,Calculators
blog/springboks-vs-england-july-4-2026-betting-guide.html,/blog/,Blog
blog/springboks-vs-england-july-4-2026-betting-guide.html,/psl-match-centre.html,⚽ PSL Live
blog/springboks-vs-england-july-4-2026-betting-guide.html,/prediction-markets.html,💰 Smart Money
blog/springboks-vs-england-july-4-2026-betting-guide.html,/blog/springboks-vs-england-betting-guide.html,Click here
blog/springboks-vs-england-june-2026-betting-preview.html,/,BetSorted
blog/springboks-vs-england-june-2026-betting-preview.html,/#comparison,Compare
blog/springboks-vs-england-june-2026-betting-preview.html,/bookmakers/,Bookmakers
blog/springboks-vs-england-june-2026-betting-preview.html,/glossary.html,Glossary
blog/springboks-vs-england-june-2026-betting-preview.html,/calculators.html,Calculators
blog/springboks-vs-england-june-2026-betting-preview.html,/blog/,Blog
blog/springboks-vs-england-june-2026-betting-preview.html,/psl-match-centre.html,⚽ PSL Live
blog/springboks-vs-england-june-2026-betting-preview.html,/prediction-markets.html,💰 Smart Money
blog/springboks-vs-england-june-2026-betting-preview.html,/blog/springboks-vs-england-betting-guide.html,Click here
blog/springboks-vs-new-zealand-johannesburg-betting-guide-september-2026.html,/,BetSorted
blog/springboks-vs-new-zealand-johannesburg-betting-guide-september-2026.html,/#comparison,Compare
blog/springboks-vs-new-zealand-johannesburg-betting-guide-september-2026.html,/bookmakers/,Bookmakers
blog/springboks-vs-new-zealand-johannesburg-betting-guide-september-2026.html,/glossary.html,Glossary
blog/springboks-vs-new-zealand-johannesburg-betting-guide-september-2026.html,/calculators.html,Calculators
blog/springboks-vs-new-zealand-johannesburg-betting-guide-september-2026.html,/blog/,Blog
blog/springboks-vs-new-zealand-johannesburg-betting-guide-september-2026.html,/psl-match-centre.html,⚽ PSL Live
blog/springboks-vs-new-zealand-johannesburg-betting-guide-september-2026.html,/prediction-markets.html,💰 Smart Money
blog/springboks-vs-new-zealand-johannesburg-betting-guide-september-2026.html,/blog/,← Back to Blog
blog/springboks-vs-new-zealand-johannesburg-betting-guide-september-2026.html,/blog/category-rugby.html,Rugby
blog/springboks-vs-new-zealand-johannesburg-betting-guide-september-2026.html,/betting-calculator.html,BetSorted betting calculator
blog/springboks-vs-new-zealand-johannesburg-betting-guide-september-2026.html,/blog/rugby-handicap-calculator-south-africa-2026.html,rugby handicap guide
blog/springboks-vs-new-zealand-johannesburg-betting-guide-september-2026.html,/betting-calculator.html,betting calculator
blog/springboks-vs-new-zealand-johannesburg-betting-guide-september-2026.html,/accumulator-calculator.html,accumulator calculator
blog/springboks-vs-new-zealand-johannesburg-betting-guide-september-2026.html,/accumulator-calculator.html,accumulator calculator
blog/springboks-vs-new-zealand-johannesburg-betting-guide-september-2026.html,/betting-calculator.html,betting calculator
blog/springboks-vs-new-zealand-johannesburg-betting-guide-september-2026.html,/accumulator-calculator.html,accumulator calculator
blog/stellenbosch-fc-betting-guide-2026.html,/,BetSorted
blog/stellenbosch-fc-betting-guide-2026.html,/#comparison,Compare
blog/stellenbosch-fc-betting-guide-2026.html,/bookmakers/,Bookmakers
blog/stellenbosch-fc-betting-guide-2026.html,/glossary.html,Glossary
blog/stellenbosch-fc-betting-guide-2026.html,/calculators.html,Calculators
blog/stellenbosch-fc-betting-guide-2026.html,/blog/,Blog
blog/stellenbosch-fc-betting-guide-2026.html,/psl-match-centre.html,⚽ PSL Live
blog/stellenbosch-fc-betting-guide-2026.html,/prediction-markets.html,💰 Smart Money
blog/stellenbosch-fc-betting-guide-2026.html,/,Home
blog/stellenbosch-fc-betting-guide-2026.html,/blog/,Blog
blog/stellenbosch-fc-betting-guide-2026.html,/blog/,← Back to Blog
blog/stellenbosch-fc-betting-guide-2026.html,/odds-comparison.html,odds comparison page
blog/stellenbosch-fc-betting-guide-2026.html,/accumulator-calculator.html,accumulator calculator
blog/stellenbosch-fc-betting-guide-2026.html,/odds-comparison.html,odds comparison tool
blog/stellenbosch-fc-betting-guide-2026.html,/betting-calculator.html,betting calculator
blog/stellenbosch-fc-betting-guide-2026.html,/accumulator-calculator.html,accumulator calculator
blog/stellenbosch-fc-betting-guide-2026.html,/blog/best-psl-betting-site-2026.html,best PSL betting sites
blog/stellenbosch-fc-betting-guide-2026.html,/blog/supabets-review-south-africa-2026.html,Supabets
blog/stellenbosch-fc-betting-guide-2026.html,/blog/hollywoodbets-review-south-africa-2026.html,Hollywoodbets
blog/stellenbosch-fc-betting-guide-2026.html,/blog/betway-review-south-africa-2026.html,Betway
blog/stellenbosch-fc-betting-guide-2026.html,/accumulator-calculator.html,accumulator calculator
blog/stellenbosch-fc-betting-guide-2026.html,/blog/eft-betting-payments-south-africa.html,EFT
blog/stellenbosch-fc-betting-guide-2026.html,/blog/instant-eft-betting-payments-south-africa.html,Instant EFT
blog/stellenbosch-fc-betting-guide-2026.html,/blog/mtn8-betting-guide-south-africa-2026.html,MTN8 Betting Guide South Africa 2026: How to Bet PSL Cup Football Without Guessing
blog/stellenbosch-fc-betting-guide-2026.html,/blog/nedbank-cup-betting-guide.html,Nedbank Cup Betting Guide for South Africans | BetSorted
blog/stellenbosch-fc-betting-guide-2026.html,/blog/category-psl.html,PSL
blog/stellenbosch-fc-betting-guide-2026.html,/blog/psl-playoffs-2026-betting-guide.html,"PSL Playoffs 2026 Betting Guide — Top 8 Odds, Predictions &amp; Best Bookmakers"
blog/stellenbosch-fc-betting-guide-2026.html,/blog/,← Back to Blog
blog/stellenbosch-fc-betting-guide-2026.html,/about.html,About
blog/stellenbosch-fc-betting-guide-2026.html,/editorial-policy.html,Editorial Policy
blog/stellenbosch-fc-betting-guide-2026.html,/responsible-gambling.html,Responsible Gambling
blog/stellenbosch-fc-betting-guide-2026.html,/privacy.html,Privacy
blog/stellenbosch-fc-betting-guide-2026.html,/contact.html,Contact
blog/stellenbosch-fc-betting-guide-2026.html,/blog/,Blog
blog/stellenbosch-fc-betting-guide-2026.html,/blog/category-bookmaker-comparisons.html,Bookmaker Comparisons
blog/sunbet-review-south-africa-2026.html,/,BetSorted
blog/sunbet-review-south-africa-2026.html,/#comparison,Compare
blog/sunbet-review-south-africa-2026.html,/bookmakers/,Bookmakers
blog/sunbet-review-south-africa-2026.html,/glossary.html,Glossary
blog/sunbet-review-south-africa-2026.html,/calculators.html,Calculators
blog/sunbet-review-south-africa-2026.html,/blog/,Blog
blog/sunbet-review-south-africa-2026.html,/psl-match-centre.html,⚽ PSL Live
blog/sunbet-review-south-africa-2026.html,/prediction-markets.html,💰 Smart Money
blog/sunbet-review-south-africa-2026.html,/,Home
blog/sunbet-review-south-africa-2026.html,/bookmakers/,Bookmakers
blog/sunbet-review-south-africa-2026.html,/bookmakers/,&larr; Back to Bookmakers
blog/sunbet-review-south-africa-2026.html,/odds-comparison.html,odds comparison page
blog/sunbet-review-south-africa-2026.html,/betting-calculator.html,betting calculator
blog/sunbet-review-south-africa-2026.html,/blog/best-psl-betting-site-2026.html,best PSL betting sites
blog/sunbet-review-south-africa-2026.html,/odds-comparison.html,odds comparison tool
blog/sunbet-review-south-africa-2026.html,/betting-calculator.html,betting calculator
blog/sunbet-review-south-africa-2026.html,/blog/instant-eft-betting-payments-south-africa.html,Instant EFT
blog/sunbet-review-south-africa-2026.html,/blog/ozow-betting-payments-south-africa.html,Ozow
blog/sunbet-review-south-africa-2026.html,/best-odds-finder.html,best odds finder
blog/sunbet-review-south-africa-2026.html,/blog/sunbet-vs-playabets-south-africa-2026.html,Sunbet vs Playabets comparison for 2026
blog/sunbet-review-south-africa-2026.html,/blog/fastest-paying-bookmakers-south-africa-2026.html,fastest paying bookmakers in South Africa
blog/sunbet-review-south-africa-2026.html,/blog/betway-vs-hollywoodbets.html,Betway vs Hollywoodbets comparison
blog/sunbet-review-south-africa-2026.html,/blog/hollywoodbets-vs-supabets-2026.html,Hollywoodbets vs Supabets
blog/sunbet-review-south-africa-2026.html,/blog/easybet-vs-world-sports-betting-psl-2026.html,Easybet vs WSB for PSL
blog/sunbet-review-south-africa-2026.html,/accumulator-calculator.html,accumulator calculator
blog/sunbet-review-south-africa-2026.html,/betting-calculator.html,betting calculator
blog/sunbet-review-south-africa-2026.html,/blog/betmaster-review-south-africa-2026.html,Betmaster Review South Africa 2026 — Is It Worth Signing Up?
blog/sunbet-review-south-africa-2026.html,/blog/category-bookmaker-reviews.html,Bookmaker Reviews
blog/sunbet-review-south-africa-2026.html,/blog/lottostar-review-south-africa-2026.html,"LottoStar Review South Africa (2026): Lucky Numbers, Virtual Games & Sports Betting"
blog/sunbet-review-south-africa-2026.html,/blog/new-betting-sites-south-africa-april-2026.html,New Betting Sites South Africa April 2026 — Latest Bookmakers Reviewed
blog/sunbet-review-south-africa-2026.html,/blog/,← Back to Blog
blog/sunbet-review-south-africa-2026.html,/about.html,About
blog/sunbet-review-south-africa-2026.html,/editorial-policy.html,Editorial Policy
blog/sunbet-review-south-africa-2026.html,/responsible-gambling.html,Responsible Gambling
blog/sunbet-review-south-africa-2026.html,/privacy.html,Privacy
blog/sunbet-review-south-africa-2026.html,/contact.html,Contact
blog/sunbet-review-south-africa-2026.html,/blog/,Blog
blog/sunbet-review-south-africa-2026.html,/blog/category-bookmaker-comparisons.html,Bookmaker Comparisons
blog/sunbet-vs-betway-south-africa-2026.html,/blog/betway-review-south-africa-2026.html,Betway
blog/sunbet-vs-betway-south-africa-2026.html,/,BetSorted
blog/sunbet-vs-betway-south-africa-2026.html,/#comparison,Compare
blog/sunbet-vs-betway-south-africa-2026.html,/bookmakers/,Bookmakers
blog/sunbet-vs-betway-south-africa-2026.html,/glossary.html,Glossary
blog/sunbet-vs-betway-south-africa-2026.html,/calculators.html,Calculators
blog/sunbet-vs-betway-south-africa-2026.html,/blog/,Blog
blog/sunbet-vs-betway-south-africa-2026.html,/psl-match-centre.html,⚽ PSL Live
blog/sunbet-vs-betway-south-africa-2026.html,/prediction-markets.html,💰 Smart Money
blog/sunbet-vs-betway-south-africa-2026.html,/,Home
blog/sunbet-vs-betway-south-africa-2026.html,/blog/,Blog
blog/sunbet-vs-betway-south-africa-2026.html,/blog/,← Back to Blog
blog/sunbet-vs-betway-south-africa-2026.html,/blog/sunbet-review-south-africa-2026.html,Sunbet
blog/sunbet-vs-betway-south-africa-2026.html,/best-odds-finder.html,odds comparison page
blog/sunbet-vs-betway-south-africa-2026.html,/blog/hollywoodbets-review-south-africa-2026.html,Hollywoodbets
blog/sunbet-vs-betway-south-africa-2026.html,/blog/wsb-review-south-africa-2026.html,World Sports Betting
blog/sunbet-vs-betway-south-africa-2026.html,/betting-calculator.html,betting calculator
blog/sunbet-vs-betway-south-africa-2026.html,/blog/best-deposit-methods-betting-south-africa-2026.html,deposit methods comparison
blog/sunbet-vs-betway-south-africa-2026.html,/best-odds-finder.html,odds comparison tool
blog/sunbet-vs-betway-south-africa-2026.html,/betting-calculator.html,betting calculator
blog/sunbet-vs-betway-south-africa-2026.html,/accumulator-calculator.html,accumulator calculator
blog/sunbet-vs-betway-south-africa-2026.html,/best-odds-finder.html,odds comparison page
blog/sunbet-vs-betway-south-africa-2026.html,/best-odds-finder.html,odds comparison
blog/sunbet-vs-betway-south-africa-2026.html,/blog/hollywoodbets-review-south-africa-2026.html,Hollywoodbets
blog/sunbet-vs-betway-south-africa-2026.html,/blog/best-betway-alternatives-south-africa-june-2026.html,Best Betway Alternatives for South African Bettors (June 2026)
blog/sunbet-vs-betway-south-africa-2026.html,/blog/betfred-vs-10bet-south-africa-2026.html,Betfred vs 10bet South Africa 2026: International Bookmaker Showdown
blog/sunbet-vs-betway-south-africa-2026.html,/blog/category-bookmaker-comparisons.html,Bookmaker Comparisons
blog/sunbet-vs-betway-south-africa-2026.html,/blog/gbets-vs-10bet-south-africa-2026.html,Gbets vs 10bet South Africa 2026 — Which Bookmaker Wins?
blog/sunbet-vs-betway-south-africa-2026.html,/blog/,← Back to Blog
blog/sunbet-vs-betway-south-africa-2026.html,/about.html,About
blog/sunbet-vs-betway-south-africa-2026.html,/editorial-policy.html,Editorial Policy
blog/sunbet-vs-betway-south-africa-2026.html,/responsible-gambling.html,Responsible Gambling
blog/sunbet-vs-betway-south-africa-2026.html,/privacy.html,Privacy
blog/sunbet-vs-betway-south-africa-2026.html,/contact.html,Contact
blog/sunbet-vs-betway-south-africa-2026.html,/blog/,Blog
blog/sunbet-vs-betway-south-africa-2026.html,/blog/category-bookmaker-comparisons.html,Bookmaker Comparisons
blog/sunbet-vs-easybet-south-africa-2026.html,/blog/easybet-review-south-africa-2026.html,Easybet
blog/sunbet-vs-easybet-south-africa-2026.html,/,BetSorted
blog/sunbet-vs-easybet-south-africa-2026.html,/#comparison,Compare
blog/sunbet-vs-easybet-south-africa-2026.html,/bookmakers/,Bookmakers
blog/sunbet-vs-easybet-south-africa-2026.html,/glossary.html,Glossary
blog/sunbet-vs-easybet-south-africa-2026.html,/calculators.html,Calculators
blog/sunbet-vs-easybet-south-africa-2026.html,/blog/,Blog
blog/sunbet-vs-easybet-south-africa-2026.html,/psl-match-centre.html,⚽ PSL Live
blog/sunbet-vs-easybet-south-africa-2026.html,/prediction-markets.html,💰 Smart Money
blog/sunbet-vs-easybet-south-africa-2026.html,/,Home
blog/sunbet-vs-easybet-south-africa-2026.html,/blog/,Blog
blog/sunbet-vs-easybet-south-africa-2026.html,/blog/,← Back to Blog
blog/sunbet-vs-easybet-south-africa-2026.html,/blog/betway-review-south-africa-2026.html,Betway
blog/sunbet-vs-easybet-south-africa-2026.html,/blog/hollywoodbets-review-south-africa-2026.html,Hollywoodbets
blog/sunbet-vs-easybet-south-africa-2026.html,/blog/sunbet-review-south-africa-2026.html,Sunbet
blog/sunbet-vs-easybet-south-africa-2026.html,/odds-comparison.html,odds comparison tool
blog/sunbet-vs-easybet-south-africa-2026.html,/blog/betway-review-south-africa-2026.html,Betway
blog/sunbet-vs-easybet-south-africa-2026.html,/accumulator-calculator.html,accumulator calculator
blog/sunbet-vs-easybet-south-africa-2026.html,/blog/best-rugby-betting-sites-south-africa-2026.html,the top rugby betting sites in SA
blog/sunbet-vs-easybet-south-africa-2026.html,/blog/category-cricket.html,Proteas vs NZ T20I betting guide
blog/sunbet-vs-easybet-south-africa-2026.html,/blog/fastest-paying-bookmakers-south-africa-2026.html,fastest paying bookmakers guide
blog/sunbet-vs-easybet-south-africa-2026.html,/blog/best-betting-bonuses-south-africa-2026.html,best betting bonuses guide
blog/sunbet-vs-easybet-south-africa-2026.html,/blog/live-betting-guide-south-africa-2026.html,live betting guide
blog/sunbet-vs-easybet-south-africa-2026.html,/blog/capitec-pay-betting-payments-south-africa.html,Capitec Pay
blog/sunbet-vs-easybet-south-africa-2026.html,/blog/best-deposit-methods-betting-south-africa-2026.html,deposit methods guide
blog/sunbet-vs-easybet-south-africa-2026.html,/blog/horse-racing-betting-guide-south-africa-2026.html,horse racing betting guide
blog/sunbet-vs-easybet-south-africa-2026.html,/blog/sunbet-review-south-africa-2026.html,Sunbet review
blog/sunbet-vs-easybet-south-africa-2026.html,/blog/easybet-review-south-africa-2026.html,Easybet review
blog/sunbet-vs-easybet-south-africa-2026.html,/betting-calculator.html,betting calculator
blog/sunbet-vs-easybet-south-africa-2026.html,/betting-calculator.html,betting calculator
blog/sunbet-vs-easybet-south-africa-2026.html,/odds-comparison.html,odds comparison page
blog/sunbet-vs-easybet-south-africa-2026.html,/accumulator-calculator.html,accumulator calculator
blog/sunbet-vs-easybet-south-africa-2026.html,/blog/best-betway-alternatives-south-africa-june-2026.html,Best Betway Alternatives for South African Bettors (June 2026)
blog/sunbet-vs-easybet-south-africa-2026.html,/blog/betfred-vs-10bet-south-africa-2026.html,Betfred vs 10bet South Africa 2026: International Bookmaker Showdown
blog/sunbet-vs-easybet-south-africa-2026.html,/blog/category-bookmaker-comparisons.html,Bookmaker Comparisons
blog/sunbet-vs-easybet-south-africa-2026.html,/blog/gbets-vs-10bet-south-africa-2026.html,Gbets vs 10bet South Africa 2026 — Which Bookmaker Wins?
blog/sunbet-vs-easybet-south-africa-2026.html,/blog/,← Back to Blog
blog/sunbet-vs-easybet-south-africa-2026.html,/about.html,About
blog/sunbet-vs-easybet-south-africa-2026.html,/editorial-policy.html,Editorial Policy
blog/sunbet-vs-easybet-south-africa-2026.html,/responsible-gambling.html,Responsible Gambling
blog/sunbet-vs-easybet-south-africa-2026.html,/privacy.html,Privacy
blog/sunbet-vs-easybet-south-africa-2026.html,/contact.html,Contact
blog/sunbet-vs-easybet-south-africa-2026.html,/blog/,Blog
blog/sunbet-vs-easybet-south-africa-2026.html,/blog/category-bookmaker-comparisons.html,Bookmaker Comparisons
blog/sunbet-vs-gbets-south-africa-2026.html,/bookmakers/,GBets
blog/sunbet-vs-gbets-south-africa-2026.html,/,BetSorted
blog/sunbet-vs-gbets-south-africa-2026.html,/#comparison,Compare
blog/sunbet-vs-gbets-south-africa-2026.html,/bookmakers/,Bookmakers
blog/sunbet-vs-gbets-south-africa-2026.html,/glossary.html,Glossary
blog/sunbet-vs-gbets-south-africa-2026.html,/calculators.html,Calculators
blog/sunbet-vs-gbets-south-africa-2026.html,/blog/,Blog
blog/sunbet-vs-gbets-south-africa-2026.html,/psl-match-centre.html,⚽ PSL Live
blog/sunbet-vs-gbets-south-africa-2026.html,/prediction-markets.html,💰 Smart Money
blog/sunbet-vs-gbets-south-africa-2026.html,/,Home
blog/sunbet-vs-gbets-south-africa-2026.html,/blog/,Blog
blog/sunbet-vs-gbets-south-africa-2026.html,/blog/sunbet-review-south-africa-2026.html,Sunbet
blog/sunbet-vs-gbets-south-africa-2026.html,/odds-comparison.html,our live odds tool
blog/sunbet-vs-gbets-south-africa-2026.html,/odds-comparison.html,odds comparison tool
blog/sunbet-vs-gbets-south-africa-2026.html,/betting-calculator.html,free betting calculator
blog/sunbet-vs-gbets-south-africa-2026.html,/blog/sunbet-review-south-africa-2026.html,Sunbet Full Review 2026
blog/sunbet-vs-gbets-south-africa-2026.html,/blog/gbets-review-south-africa-2026.html,GBets Full Review 2026
blog/sunbet-vs-gbets-south-africa-2026.html,/blog/sunbet-vs-betway-south-africa-2026.html,Sunbet vs Betway SA 2026
blog/sunbet-vs-gbets-south-africa-2026.html,/blog/gbets-vs-hollywoodbets-south-africa-2026.html,GBets vs Hollywoodbets SA 2026
blog/sunbet-vs-gbets-south-africa-2026.html,/blog/fastest-paying-bookmakers-south-africa-2026.html,Fastest Paying Bookmakers SA 2026
blog/sunbet-vs-gbets-south-africa-2026.html,/blog/lucky-numbers-betting-guide-south-africa-2026.html,Lucky Numbers Betting Guide SA 2026
blog/sunbet-vs-gbets-south-africa-2026.html,/blog/yesplay-vs-playabets-south-africa-2026.html,← YesPlay vs PlayaBets
blog/sunbet-vs-gbets-south-africa-2026.html,/blog/psl-title-race-betting-guide.html,PSL Title Decider →
blog/sunbet-vs-gbets-south-africa-2026.html,/blog/best-betway-alternatives-south-africa-june-2026.html,Best Betway Alternatives for South African Bettors (June 2026)
blog/sunbet-vs-gbets-south-africa-2026.html,/blog/betfred-vs-10bet-south-africa-2026.html,Betfred vs 10bet South Africa 2026: International Bookmaker Showdown
blog/sunbet-vs-gbets-south-africa-2026.html,/blog/category-bookmaker-comparisons.html,Bookmaker Comparisons
blog/sunbet-vs-gbets-south-africa-2026.html,/blog/gbets-vs-10bet-south-africa-2026.html,Gbets vs 10bet South Africa 2026 — Which Bookmaker Wins?
blog/sunbet-vs-gbets-south-africa-2026.html,/editorial-policy.html,Editorial Policy
blog/sunbet-vs-gbets-south-africa-2026.html,/responsible-gambling.html,Responsible Gambling
blog/sunbet-vs-gbets-south-africa-2026.html,/privacy.html,Privacy
blog/sunbet-vs-hollywoodbets-south-africa-2026.html,/blog/hollywoodbets-review-south-africa-2026.html,Hollywoodbets
blog/sunbet-vs-hollywoodbets-south-africa-2026.html,/,BetSorted
blog/sunbet-vs-hollywoodbets-south-africa-2026.html,/#comparison,Compare
blog/sunbet-vs-hollywoodbets-south-africa-2026.html,/bookmakers/,Bookmakers
blog/sunbet-vs-hollywoodbets-south-africa-2026.html,/glossary.html,Glossary
blog/sunbet-vs-hollywoodbets-south-africa-2026.html,/calculators.html,Calculators
blog/sunbet-vs-hollywoodbets-south-africa-2026.html,/blog/,Blog
blog/sunbet-vs-hollywoodbets-south-africa-2026.html,/psl-match-centre.html,⚽ PSL Live
blog/sunbet-vs-hollywoodbets-south-africa-2026.html,/prediction-markets.html,💰 Smart Money
blog/sunbet-vs-hollywoodbets-south-africa-2026.html,/,Home
blog/sunbet-vs-hollywoodbets-south-africa-2026.html,/blog/,Blog
blog/sunbet-vs-hollywoodbets-south-africa-2026.html,/blog/,← Back to Blog
blog/sunbet-vs-hollywoodbets-south-africa-2026.html,/blog/sunbet-review-south-africa-2026.html,Sunbet
blog/sunbet-vs-hollywoodbets-south-africa-2026.html,/odds-comparison.html,odds comparison page
blog/sunbet-vs-hollywoodbets-south-africa-2026.html,/blog/betway-review-south-africa-2026.html,Betway
blog/sunbet-vs-hollywoodbets-south-africa-2026.html,/blog/sportingbet-review-south-africa-2026.html,Sportingbet
blog/sunbet-vs-hollywoodbets-south-africa-2026.html,/blog/betway-review-south-africa-2026.html,Betway
blog/sunbet-vs-hollywoodbets-south-africa-2026.html,/blog/sportingbet-review-south-africa-2026.html,Sportingbet
blog/sunbet-vs-hollywoodbets-south-africa-2026.html,/blog/betway-review-south-africa-2026.html,Betway
blog/sunbet-vs-hollywoodbets-south-africa-2026.html,/each-way-calculator.html,each-way calculator
blog/sunbet-vs-hollywoodbets-south-africa-2026.html,/odds-comparison.html,odds comparison tool
blog/sunbet-vs-hollywoodbets-south-africa-2026.html,/betting-calculator.html,betting calculator
blog/sunbet-vs-hollywoodbets-south-africa-2026.html,/accumulator-calculator.html,accumulator calculator
blog/sunbet-vs-hollywoodbets-south-africa-2026.html,/each-way-calculator.html,each-way calculator
blog/sunbet-vs-hollywoodbets-south-africa-2026.html,/blog/fastest-paying-bookmakers-south-africa-2026.html,Betway's instant withdrawals
blog/sunbet-vs-hollywoodbets-south-africa-2026.html,/blog/best-betway-alternatives-south-africa-june-2026.html,Best Betway Alternatives for South African Bettors (June 2026)
blog/sunbet-vs-hollywoodbets-south-africa-2026.html,/blog/betfred-vs-10bet-south-africa-2026.html,Betfred vs 10bet South Africa 2026: International Bookmaker Showdown
blog/sunbet-vs-hollywoodbets-south-africa-2026.html,/blog/category-bookmaker-comparisons.html,Bookmaker Comparisons
blog/sunbet-vs-hollywoodbets-south-africa-2026.html,/blog/gbets-vs-10bet-south-africa-2026.html,Gbets vs 10bet South Africa 2026 — Which Bookmaker Wins?
blog/sunbet-vs-hollywoodbets-south-africa-2026.html,/blog/,← Back to Blog
blog/sunbet-vs-hollywoodbets-south-africa-2026.html,/about.html,About
blog/sunbet-vs-hollywoodbets-south-africa-2026.html,/editorial-policy.html,Editorial Policy
blog/sunbet-vs-hollywoodbets-south-africa-2026.html,/responsible-gambling.html,Responsible Gambling
blog/sunbet-vs-hollywoodbets-south-africa-2026.html,/privacy.html,Privacy
blog/sunbet-vs-hollywoodbets-south-africa-2026.html,/contact.html,Contact
blog/sunbet-vs-hollywoodbets-south-africa-2026.html,/blog/,Blog
blog/sunbet-vs-hollywoodbets-south-africa-2026.html,/blog/category-bookmaker-comparisons.html,Bookmaker Comparisons
blog/sunbet-vs-playabets-south-africa-2026.html,/blog/playabets-review-south-africa-2026.html,Playabets
blog/sunbet-vs-playabets-south-africa-2026.html,/,BetSorted
blog/sunbet-vs-playabets-south-africa-2026.html,/#comparison,Compare
blog/sunbet-vs-playabets-south-africa-2026.html,/bookmakers/,Bookmakers
blog/sunbet-vs-playabets-south-africa-2026.html,/glossary.html,Glossary
blog/sunbet-vs-playabets-south-africa-2026.html,/calculators.html,Calculators
blog/sunbet-vs-playabets-south-africa-2026.html,/blog/,Blog
blog/sunbet-vs-playabets-south-africa-2026.html,/psl-match-centre.html,⚽ PSL Live
blog/sunbet-vs-playabets-south-africa-2026.html,/prediction-markets.html,💰 Smart Money
blog/sunbet-vs-playabets-south-africa-2026.html,/,Home
blog/sunbet-vs-playabets-south-africa-2026.html,/blog/,Blog
blog/sunbet-vs-playabets-south-africa-2026.html,/blog/,← Back to Blog
blog/sunbet-vs-playabets-south-africa-2026.html,/blog/betway-review-south-africa-2026.html,Betway
blog/sunbet-vs-playabets-south-africa-2026.html,/blog/hollywoodbets-review-south-africa-2026.html,Hollywoodbets
blog/sunbet-vs-playabets-south-africa-2026.html,/blog/sunbet-review-south-africa-2026.html,Sunbet review
blog/sunbet-vs-playabets-south-africa-2026.html,/blog/playabets-review-south-africa-2026.html,Playabets review
blog/sunbet-vs-playabets-south-africa-2026.html,/blog/sunbet-review-south-africa-2026.html,Sunbet
blog/sunbet-vs-playabets-south-africa-2026.html,/blog/hollywoodbets-review-south-africa-2026.html,Hollywoodbets
blog/sunbet-vs-playabets-south-africa-2026.html,/best-odds-finder.html,best odds finder
blog/sunbet-vs-playabets-south-africa-2026.html,/blog/best-betting-bonuses-south-africa-2026.html,best betting bonuses guide
blog/sunbet-vs-playabets-south-africa-2026.html,/blog/fastest-paying-bookmakers-south-africa-2026.html,fastest paying bookmakers guide
blog/sunbet-vs-playabets-south-africa-2026.html,/betting-calculator.html,betting calculator
blog/sunbet-vs-playabets-south-africa-2026.html,/bookmakers/,bookmaker comparison
blog/sunbet-vs-playabets-south-africa-2026.html,/best-odds-finder.html,BetSorted best odds finder
blog/sunbet-vs-playabets-south-africa-2026.html,/blog/sunbet-review-south-africa-2026.html,Sunbet Full Review
blog/sunbet-vs-playabets-south-africa-2026.html,/blog/playabets-review-south-africa-2026.html,Playabets Full Review
blog/sunbet-vs-playabets-south-africa-2026.html,/blog/best-betting-bonuses-south-africa-2026.html,Best Betting Bonuses
blog/sunbet-vs-playabets-south-africa-2026.html,/blog/fastest-paying-bookmakers-south-africa-2026.html,Fastest Paying Bookmakers
blog/sunbet-vs-playabets-south-africa-2026.html,/blog/best-betway-alternatives-south-africa-june-2026.html,Best Betway Alternatives for South African Bettors (June 2026)
blog/sunbet-vs-playabets-south-africa-2026.html,/blog/betfred-vs-10bet-south-africa-2026.html,Betfred vs 10bet South Africa 2026: International Bookmaker Showdown
blog/sunbet-vs-playabets-south-africa-2026.html,/blog/category-bookmaker-comparisons.html,Bookmaker Comparisons
blog/sunbet-vs-playabets-south-africa-2026.html,/blog/gbets-vs-10bet-south-africa-2026.html,Gbets vs 10bet South Africa 2026 — Which Bookmaker Wins?
blog/sunbet-vs-playabets-south-africa-2026.html,/about.html,About
blog/sunbet-vs-playabets-south-africa-2026.html,/blog/,Blog
blog/sunbet-vs-playabets-south-africa-2026.html,/calculators.html,Calculators
blog/sunbet-vs-playabets-south-africa-2026.html,/about.html,About
blog/sunbet-vs-playabets-south-africa-2026.html,/editorial-policy.html,Editorial Policy
blog/sunbet-vs-playabets-south-africa-2026.html,/responsible-gambling.html,Responsible Gambling
blog/sunbet-vs-playabets-south-africa-2026.html,/privacy.html,Privacy
blog/sunbet-vs-playabets-south-africa-2026.html,/contact.html,Contact
blog/sunbet-vs-playabets-south-africa-2026.html,/blog/,Blog
blog/sunbet-vs-playabets-south-africa-2026.html,/blog/category-bookmaker-comparisons.html,Bookmaker Comparisons
blog/sunbet-vs-sportingbet-south-africa-2026.html,/blog/sportingbet-review-south-africa-2026.html,Sportingbet
blog/sunbet-vs-sportingbet-south-africa-2026.html,/,BetSorted
blog/sunbet-vs-sportingbet-south-africa-2026.html,/#comparison,Compare
blog/sunbet-vs-sportingbet-south-africa-2026.html,/bookmakers/,Bookmakers
blog/sunbet-vs-sportingbet-south-africa-2026.html,/glossary.html,Glossary
blog/sunbet-vs-sportingbet-south-africa-2026.html,/calculators.html,Calculators
blog/sunbet-vs-sportingbet-south-africa-2026.html,/blog/,Blog
blog/sunbet-vs-sportingbet-south-africa-2026.html,/psl-match-centre.html,⚽ PSL Live
blog/sunbet-vs-sportingbet-south-africa-2026.html,/prediction-markets.html,💰 Smart Money
blog/sunbet-vs-sportingbet-south-africa-2026.html,/,Home
blog/sunbet-vs-sportingbet-south-africa-2026.html,/blog/,Blog
blog/sunbet-vs-sportingbet-south-africa-2026.html,/blog/,← Back to Blog
blog/sunbet-vs-sportingbet-south-africa-2026.html,/blog/sunbet-review-south-africa-2026.html,Sunbet
blog/sunbet-vs-sportingbet-south-africa-2026.html,/best-odds-finder.html,odds comparison tool
blog/sunbet-vs-sportingbet-south-africa-2026.html,/blog/betway-review-south-africa-2026.html,Betway
blog/sunbet-vs-sportingbet-south-africa-2026.html,/blog/cash-out-betting-guide-south-africa-2026.html,cash out guide
blog/sunbet-vs-sportingbet-south-africa-2026.html,/blog/best-deposit-methods-betting-south-africa-2026.html,complete deposit methods guide
blog/sunbet-vs-sportingbet-south-africa-2026.html,/best-odds-finder.html,odds comparison tool
blog/sunbet-vs-sportingbet-south-africa-2026.html,/betting-calculator.html,betting calculator
blog/sunbet-vs-sportingbet-south-africa-2026.html,/accumulator-calculator.html,accumulator calculator
blog/sunbet-vs-sportingbet-south-africa-2026.html,/best-odds-finder.html,odds comparison page
blog/sunbet-vs-sportingbet-south-africa-2026.html,/blog/fastest-paying-bookmakers-south-africa-2026.html,fastest paying bookmakers guide
blog/sunbet-vs-sportingbet-south-africa-2026.html,/best-odds-finder.html,odds comparison tool
blog/sunbet-vs-sportingbet-south-africa-2026.html,/blog/best-betway-alternatives-south-africa-june-2026.html,Best Betway Alternatives for South African Bettors (June 2026)
blog/sunbet-vs-sportingbet-south-africa-2026.html,/blog/betfred-vs-10bet-south-africa-2026.html,Betfred vs 10bet South Africa 2026: International Bookmaker Showdown
blog/sunbet-vs-sportingbet-south-africa-2026.html,/blog/category-bookmaker-comparisons.html,Bookmaker Comparisons
blog/sunbet-vs-sportingbet-south-africa-2026.html,/blog/gbets-vs-10bet-south-africa-2026.html,Gbets vs 10bet South Africa 2026 — Which Bookmaker Wins?
blog/sunbet-vs-sportingbet-south-africa-2026.html,/blog/,← Back to Blog
blog/sunbet-vs-sportingbet-south-africa-2026.html,/about.html,About
blog/sunbet-vs-sportingbet-south-africa-2026.html,/editorial-policy.html,Editorial Policy
blog/sunbet-vs-sportingbet-south-africa-2026.html,/responsible-gambling.html,Responsible Gambling
blog/sunbet-vs-sportingbet-south-africa-2026.html,/privacy.html,Privacy
blog/sunbet-vs-sportingbet-south-africa-2026.html,/contact.html,Contact
blog/sunbet-vs-sportingbet-south-africa-2026.html,/blog/,Blog
blog/sunbet-vs-sportingbet-south-africa-2026.html,/blog/category-bookmaker-comparisons.html,Bookmaker Comparisons
blog/sunbet-vs-supabets-south-africa-2026.html,/blog/supabets-review-south-africa-2026.html,Supabets
blog/sunbet-vs-supabets-south-africa-2026.html,/,BetSorted
blog/sunbet-vs-supabets-south-africa-2026.html,/#comparison,Compare
blog/sunbet-vs-supabets-south-africa-2026.html,/bookmakers/,Bookmakers
blog/sunbet-vs-supabets-south-africa-2026.html,/glossary.html,Glossary
blog/sunbet-vs-supabets-south-africa-2026.html,/calculators.html,Calculators
blog/sunbet-vs-supabets-south-africa-2026.html,/blog/,Blog
blog/sunbet-vs-supabets-south-africa-2026.html,/psl-match-centre.html,⚽ PSL Live
blog/sunbet-vs-supabets-south-africa-2026.html,/prediction-markets.html,💰 Smart Money
blog/sunbet-vs-supabets-south-africa-2026.html,/,Home
blog/sunbet-vs-supabets-south-africa-2026.html,/blog/,Blog
blog/sunbet-vs-supabets-south-africa-2026.html,/blog/,← Back to Blog
blog/sunbet-vs-supabets-south-africa-2026.html,/blog/sunbet-review-south-africa-2026.html,Sunbet
blog/sunbet-vs-supabets-south-africa-2026.html,/odds-comparison.html,odds comparison page
blog/sunbet-vs-supabets-south-africa-2026.html,/blog/betway-review-south-africa-2026.html,Betway
blog/sunbet-vs-supabets-south-africa-2026.html,/blog/best-psl-betting-site-2026.html,best PSL betting sites guide
blog/sunbet-vs-supabets-south-africa-2026.html,/blog/betway-review-south-africa-2026.html,Betway
blog/sunbet-vs-supabets-south-africa-2026.html,/odds-comparison.html,odds comparison tool
blog/sunbet-vs-supabets-south-africa-2026.html,/blog/betway-review-south-africa-2026.html,Betway's instant payouts
blog/sunbet-vs-supabets-south-africa-2026.html,/blog/fastest-paying-bookmakers-south-africa-2026.html,fastest paying bookmakers guide
blog/sunbet-vs-supabets-south-africa-2026.html,/blog/sunbet-review-south-africa-2026.html,Sunbet review
blog/sunbet-vs-supabets-south-africa-2026.html,/blog/supabets-review-south-africa-2026.html,Supabets review
blog/sunbet-vs-supabets-south-africa-2026.html,/betting-calculator.html,betting calculator
blog/sunbet-vs-supabets-south-africa-2026.html,/betting-calculator.html,betting calculator
blog/sunbet-vs-supabets-south-africa-2026.html,/odds-comparison.html,odds comparison page
blog/sunbet-vs-supabets-south-africa-2026.html,/accumulator-calculator.html,accumulator calculator
blog/sunbet-vs-supabets-south-africa-2026.html,/blog/easybet-review-south-africa-2026.html,Easybet
blog/sunbet-vs-supabets-south-africa-2026.html,/blog/easybet-review-south-africa-2026.html,Easybet review
blog/sunbet-vs-supabets-south-africa-2026.html,/blog/best-betway-alternatives-south-africa-june-2026.html,Best Betway Alternatives for South African Bettors (June 2026)
blog/sunbet-vs-supabets-south-africa-2026.html,/blog/betfred-vs-10bet-south-africa-2026.html,Betfred vs 10bet South Africa 2026: International Bookmaker Showdown
blog/sunbet-vs-supabets-south-africa-2026.html,/blog/category-bookmaker-comparisons.html,Bookmaker Comparisons
blog/sunbet-vs-supabets-south-africa-2026.html,/blog/gbets-vs-10bet-south-africa-2026.html,Gbets vs 10bet South Africa 2026 — Which Bookmaker Wins?
blog/sunbet-vs-supabets-south-africa-2026.html,/blog/,← Back to Blog
blog/sunbet-vs-supabets-south-africa-2026.html,/about.html,About
blog/sunbet-vs-supabets-south-africa-2026.html,/editorial-policy.html,Editorial Policy
blog/sunbet-vs-supabets-south-africa-2026.html,/responsible-gambling.html,Responsible Gambling
blog/sunbet-vs-supabets-south-africa-2026.html,/privacy.html,Privacy
blog/sunbet-vs-supabets-south-africa-2026.html,/contact.html,Contact
blog/sunbet-vs-supabets-south-africa-2026.html,/blog/,Blog
blog/sunbet-vs-supabets-south-africa-2026.html,/blog/category-bookmaker-comparisons.html,Bookmaker Comparisons
blog/sunbet-vs-wsb-south-africa-2026.html,/blog/wsb-review-south-africa-2026.html,WSB
blog/sunbet-vs-wsb-south-africa-2026.html,/blog/wsb-review-south-africa-2026.html,World Sports Betting
blog/sunbet-vs-wsb-south-africa-2026.html,/,BetSorted
blog/sunbet-vs-wsb-south-africa-2026.html,/#comparison,Compare
blog/sunbet-vs-wsb-south-africa-2026.html,/bookmakers/,Bookmakers
blog/sunbet-vs-wsb-south-africa-2026.html,/glossary.html,Glossary
blog/sunbet-vs-wsb-south-africa-2026.html,/calculators.html,Calculators
blog/sunbet-vs-wsb-south-africa-2026.html,/blog/,Blog
blog/sunbet-vs-wsb-south-africa-2026.html,/psl-match-centre.html,⚽ PSL Live
blog/sunbet-vs-wsb-south-africa-2026.html,/prediction-markets.html,💰 Smart Money
blog/sunbet-vs-wsb-south-africa-2026.html,/,Home
blog/sunbet-vs-wsb-south-africa-2026.html,/blog/,Blog
blog/sunbet-vs-wsb-south-africa-2026.html,/blog/,← Back to Blog
blog/sunbet-vs-wsb-south-africa-2026.html,/blog/sunbet-review-south-africa-2026.html,Sunbet
blog/sunbet-vs-wsb-south-africa-2026.html,/calculators.html,betting calculators
blog/sunbet-vs-wsb-south-africa-2026.html,/blog/betway-review-south-africa-2026.html,Betway
blog/sunbet-vs-wsb-south-africa-2026.html,/blog/betway-vs-easybet-south-africa-2026.html,"looking at you, Betway"
blog/sunbet-vs-wsb-south-africa-2026.html,/blog/best-betting-sites-beginners-south-africa-2026.html,best betting sites guide
blog/sunbet-vs-wsb-south-africa-2026.html,/calculators.html,betting calculators
blog/sunbet-vs-wsb-south-africa-2026.html,/calculators.html,betting calculators
blog/sunbet-vs-wsb-south-africa-2026.html,/blog/best-betting-sites-beginners-south-africa-2026.html,best betting sites in South Africa
blog/sunbet-vs-wsb-south-africa-2026.html,/blog/best-betway-alternatives-south-africa-june-2026.html,Best Betway Alternatives for South African Bettors (June 2026)
blog/sunbet-vs-wsb-south-africa-2026.html,/blog/betfred-vs-10bet-south-africa-2026.html,Betfred vs 10bet South Africa 2026: International Bookmaker Showdown
blog/sunbet-vs-wsb-south-africa-2026.html,/blog/category-bookmaker-comparisons.html,Bookmaker Comparisons
blog/sunbet-vs-wsb-south-africa-2026.html,/blog/gbets-vs-10bet-south-africa-2026.html,Gbets vs 10bet South Africa 2026 — Which Bookmaker Wins?
blog/sunbet-vs-wsb-south-africa-2026.html,/blog/,← Back to Blog
blog/sunbet-vs-wsb-south-africa-2026.html,/about.html,About
blog/sunbet-vs-wsb-south-africa-2026.html,/editorial-policy.html,Editorial Policy
blog/sunbet-vs-wsb-south-africa-2026.html,/responsible-gambling.html,Responsible Gambling
blog/sunbet-vs-wsb-south-africa-2026.html,/privacy.html,Privacy
blog/sunbet-vs-wsb-south-africa-2026.html,/contact.html,Contact
blog/sunbet-vs-wsb-south-africa-2026.html,/blog/,Blog
blog/sunbet-vs-wsb-south-africa-2026.html,/blog/category-bookmaker-comparisons.html,Bookmaker Comparisons
blog/sunbet-vs-yesplay-south-africa-withdrawals-2026.html,/,BetSorted
blog/sunbet-vs-yesplay-south-africa-withdrawals-2026.html,/#comparison,Compare
blog/sunbet-vs-yesplay-south-africa-withdrawals-2026.html,/bookmakers/,Bookmakers
blog/sunbet-vs-yesplay-south-africa-withdrawals-2026.html,/glossary.html,Glossary
blog/sunbet-vs-yesplay-south-africa-withdrawals-2026.html,/calculators.html,Calculators
blog/sunbet-vs-yesplay-south-africa-withdrawals-2026.html,/blog/,Blog
blog/sunbet-vs-yesplay-south-africa-withdrawals-2026.html,/psl-match-centre.html,⚽ PSL Live
blog/sunbet-vs-yesplay-south-africa-withdrawals-2026.html,/prediction-markets.html,💰 Smart Money
blog/sunbet-vs-yesplay-south-africa-withdrawals-2026.html,/,Home
blog/sunbet-vs-yesplay-south-africa-withdrawals-2026.html,/blog/,Blog
blog/sunbet-vs-yesplay-south-africa-withdrawals-2026.html,/blog/betway-review-south-africa-2026.html,Betway
blog/sunbet-vs-yesplay-south-africa-withdrawals-2026.html,/blog/hollywoodbets-review-south-africa-2026.html,Hollywoodbets
blog/sunbet-vs-yesplay-south-africa-withdrawals-2026.html,/blog/sportingbet-review-south-africa-2026.html,Sportingbet
blog/sunbet-vs-yesplay-south-africa-withdrawals-2026.html,/blog/supabets-review-south-africa-2026.html,Supabets
blog/sunbet-vs-yesplay-south-africa-withdrawals-2026.html,/blog/wsb-review-south-africa-2026.html,World Sports Betting
blog/sunbet-vs-yesplay-south-africa-withdrawals-2026.html,/blog/sunbet-review-south-africa-2026.html,Sunbet
blog/sunbet-vs-yesplay-south-africa-withdrawals-2026.html,/blog/betway-review-south-africa-2026.html,Betway
blog/sunbet-vs-yesplay-south-africa-withdrawals-2026.html,/blog/sportingbet-review-south-africa-2026.html,Sportingbet
blog/sunbet-vs-yesplay-south-africa-withdrawals-2026.html,/blog/hollywoodbets-review-south-africa-2026.html,Hollywoodbets
blog/sunbet-vs-yesplay-south-africa-withdrawals-2026.html,/odds-comparison.html,odds comparison tool
blog/sunbet-vs-yesplay-south-africa-withdrawals-2026.html,/betting-calculator.html,betting calculator
blog/sunbet-vs-yesplay-south-africa-withdrawals-2026.html,/accumulator-calculator.html,accumulator calculator
blog/sunbet-vs-yesplay-south-africa-withdrawals-2026.html,/free-bet-calculator.html,free bet calculator
blog/sunbet-vs-yesplay-south-africa-withdrawals-2026.html,/betting-bonuses-south-africa.html,South African betting bonus guide
blog/sunbet-vs-yesplay-south-africa-withdrawals-2026.html,/blog/supabets-review-south-africa-2026.html,Supabets
blog/sunbet-vs-yesplay-south-africa-withdrawals-2026.html,/blog/wsb-review-south-africa-2026.html,WSB
blog/sunbet-vs-yesplay-south-africa-withdrawals-2026.html,/blog/wsb-review-south-africa-2026.html,WSB
blog/sunbet-vs-yesplay-south-africa-withdrawals-2026.html,/blog/betway-vs-sportingbet-south-africa-2026.html,"Betway vs Sportingbet: Fast Withdrawals, Rugby and Football"
blog/sunbet-vs-yesplay-south-africa-withdrawals-2026.html,/blog/psl-title-race-betting-guide.html,Fastest Paying Betting Sites SA June 2026
blog/sunbet-vs-yesplay-south-africa-withdrawals-2026.html,/blog/easybet-vs-hollywoodbets-fast-payouts-south-africa-2026.html,"Easybet vs Hollywoodbets: Fast Payouts, PSL and Rugby"
blog/sunbet-vs-yesplay-south-africa-withdrawals-2026.html,/free-bet-calculator.html,BetSorted Free Bet Calculator
blog/sunbet-vs-yesplay-south-africa-withdrawals-2026.html,/blog/best-betway-alternatives-south-africa-june-2026.html,Best Betway Alternatives for South African Bettors (June 2026)
blog/sunbet-vs-yesplay-south-africa-withdrawals-2026.html,/blog/betfred-vs-10bet-south-africa-2026.html,Betfred vs 10bet South Africa 2026: International Bookmaker Showdown
blog/sunbet-vs-yesplay-south-africa-withdrawals-2026.html,/blog/category-bookmaker-comparisons.html,Bookmaker Comparisons
blog/sunbet-vs-yesplay-south-africa-withdrawals-2026.html,/blog/gbets-vs-10bet-south-africa-2026.html,Gbets vs 10bet South Africa 2026 — Which Bookmaker Wins?
blog/supabets-review-south-africa-2026.html,/,BetSorted
blog/supabets-review-south-africa-2026.html,/#comparison,Compare
blog/supabets-review-south-africa-2026.html,/bookmakers/,Bookmakers
blog/supabets-review-south-africa-2026.html,/glossary.html,Glossary
blog/supabets-review-south-africa-2026.html,/calculators.html,Calculators
blog/supabets-review-south-africa-2026.html,/blog/,Blog
blog/supabets-review-south-africa-2026.html,/psl-match-centre.html,⚽ PSL Live
blog/supabets-review-south-africa-2026.html,/prediction-markets.html,💰 Smart Money
blog/supabets-review-south-africa-2026.html,/,Home
blog/supabets-review-south-africa-2026.html,/bookmakers/,Bookmakers
blog/supabets-review-south-africa-2026.html,/bookmakers/supabets-login.html,Supabets login guide
blog/supabets-review-south-africa-2026.html,/bookmakers/supabets-app.html,Supabets app guide
blog/supabets-review-south-africa-2026.html,/bookmakers/supabets-psl-betting.html,Supabets PSL betting
blog/supabets-review-south-africa-2026.html,/bookmakers/supabets-rugby-betting.html,Supabets Rugby betting
blog/supabets-review-south-africa-2026.html,/bookmakers/supabets-cricket-betting.html,Supabets Cricket betting
blog/supabets-review-south-africa-2026.html,/glossary.html,South Africa betting glossary
blog/supabets-review-south-africa-2026.html,/bookmakers/,Bookmakers hub
blog/supabets-review-south-africa-2026.html,/odds-comparison.html,odds comparison page
blog/supabets-review-south-africa-2026.html,/betting-calculator.html,betting calculator
blog/supabets-review-south-africa-2026.html,/blog/best-psl-betting-site-2026.html,best PSL betting sites
blog/supabets-review-south-africa-2026.html,/odds-comparison.html,odds comparison tool
blog/supabets-review-south-africa-2026.html,/betting-calculator.html,betting calculator
blog/supabets-review-south-africa-2026.html,/blog/instant-eft-betting-payments-south-africa.html,Instant EFT
blog/supabets-review-south-africa-2026.html,/blog/ozow-betting-payments-south-africa.html,Ozow
blog/supabets-review-south-africa-2026.html,/best-odds-finder.html,best odds finder
blog/supabets-review-south-africa-2026.html,/blog/fastest-paying-bookmakers-south-africa-2026.html,fastest paying bookmakers in South Africa
blog/supabets-review-south-africa-2026.html,/blog/betway-vs-hollywoodbets.html,Betway vs Hollywoodbets comparison
blog/supabets-review-south-africa-2026.html,/blog/hollywoodbets-vs-supabets-2026.html,Hollywoodbets vs Supabets
blog/supabets-review-south-africa-2026.html,/blog/easybet-vs-world-sports-betting-psl-2026.html,Easybet vs WSB for PSL
blog/supabets-review-south-africa-2026.html,/accumulator-calculator.html,accumulator calculator
blog/supabets-review-south-africa-2026.html,/betting-calculator.html,betting calculator
blog/supabets-review-south-africa-2026.html,/blog/,← Back to Blog
blog/supabets-vs-10bet-south-africa-2026.html,/blog/10bet-review-south-africa-2026.html,10bet
blog/supabets-vs-10bet-south-africa-2026.html,/,BetSorted
blog/supabets-vs-10bet-south-africa-2026.html,/#comparison,Compare
blog/supabets-vs-10bet-south-africa-2026.html,/bookmakers/,Bookmakers
blog/supabets-vs-10bet-south-africa-2026.html,/glossary.html,Glossary
blog/supabets-vs-10bet-south-africa-2026.html,/calculators.html,Calculators
blog/supabets-vs-10bet-south-africa-2026.html,/blog/,Blog
blog/supabets-vs-10bet-south-africa-2026.html,/psl-match-centre.html,⚽ PSL Live
blog/supabets-vs-10bet-south-africa-2026.html,/prediction-markets.html,💰 Smart Money
blog/supabets-vs-10bet-south-africa-2026.html,/,Home
blog/supabets-vs-10bet-south-africa-2026.html,/blog/,Blog
blog/supabets-vs-10bet-south-africa-2026.html,/blog/supabets-review-south-africa-2026.html,SupaBets
blog/supabets-vs-10bet-south-africa-2026.html,/#calculators,betting calculators
blog/supabets-vs-10bet-south-africa-2026.html,/#calculators,Try BetSorted Calculators
blog/supabets-vs-10bet-south-africa-2026.html,/blog/best-betway-alternatives-south-africa-june-2026.html,Best Betway Alternatives for South African Bettors (June 2026)
blog/supabets-vs-10bet-south-africa-2026.html,/blog/betfred-vs-10bet-south-africa-2026.html,Betfred vs 10bet South Africa 2026: International Bookmaker Showdown
blog/supabets-vs-10bet-south-africa-2026.html,/blog/category-bookmaker-comparisons.html,Bookmaker Comparisons
blog/supabets-vs-10bet-south-africa-2026.html,/blog/gbets-vs-10bet-south-africa-2026.html,Gbets vs 10bet South Africa 2026 — Which Bookmaker Wins?
blog/supabets-vs-10bet-south-africa-2026.html,/,Home
blog/supabets-vs-10bet-south-africa-2026.html,/#calculators,Calculators
blog/supabets-vs-10bet-south-africa-2026.html,/blog/,Blog
blog/supabets-vs-10bet-south-africa-2026.html,/#bookmakers,Bookmakers
blog/supabets-vs-10bet-south-africa-2026.html,/#faq,FAQ
blog/supabets-vs-10bet-south-africa-2026.html,/about.html,About
blog/supabets-vs-10bet-south-africa-2026.html,/editorial-policy.html,Editorial Policy
blog/supabets-vs-10bet-south-africa-2026.html,/responsible-gambling.html,Responsible Gambling
blog/supabets-vs-10bet-south-africa-2026.html,/privacy.html,Privacy
blog/supabets-vs-10bet-south-africa-2026.html,/contact.html,Contact
blog/supabets-vs-10bet-south-africa-2026.html,/blog/,Blog
blog/supabets-vs-10bet-south-africa-2026.html,/blog/category-bookmaker-comparisons.html,Bookmaker Comparisons
blog/supabets-vs-easybet-cricket-betting-2026.html,/blog/easybet-review-south-africa-2026.html,Easybet
blog/supabets-vs-easybet-cricket-betting-2026.html,/,BetSorted
blog/supabets-vs-easybet-cricket-betting-2026.html,/#comparison,Compare
blog/supabets-vs-easybet-cricket-betting-2026.html,/bookmakers/,Bookmakers
blog/supabets-vs-easybet-cricket-betting-2026.html,/glossary.html,Glossary
blog/supabets-vs-easybet-cricket-betting-2026.html,/calculators.html,Calculators
blog/supabets-vs-easybet-cricket-betting-2026.html,/blog/,Blog
blog/supabets-vs-easybet-cricket-betting-2026.html,/psl-match-centre.html,⚽ PSL Live
blog/supabets-vs-easybet-cricket-betting-2026.html,/prediction-markets.html,💰 Smart Money
blog/supabets-vs-easybet-cricket-betting-2026.html,/,Home
blog/supabets-vs-easybet-cricket-betting-2026.html,/blog/,Blog
blog/supabets-vs-easybet-cricket-betting-2026.html,/blog/supabets-review-south-africa-2026.html,SupaBets
blog/supabets-vs-easybet-cricket-betting-2026.html,/betting-calculator.html,free betting calculator
blog/supabets-vs-easybet-cricket-betting-2026.html,/blog/cricket-betting-guide-south-africa-2026.html,Complete Cricket Betting Guide for SA
blog/supabets-vs-easybet-cricket-betting-2026.html,/blog/ipl-betting-guide-south-africa.html,IPL 2026 Betting Guide
blog/supabets-vs-easybet-cricket-betting-2026.html,/calculators.html,Free Betting Calculators
blog/supabets-vs-easybet-cricket-betting-2026.html,/best-betting-apps.html,Best Betting Apps in SA
blog/supabets-vs-easybet-cricket-betting-2026.html,/about.html,About
blog/supabets-vs-easybet-cricket-betting-2026.html,/editorial-policy.html,Editorial Policy
blog/supabets-vs-easybet-cricket-betting-2026.html,/responsible-gambling.html,Responsible Gambling
blog/supabets-vs-easybet-cricket-betting-2026.html,/privacy.html,Privacy
blog/supabets-vs-easybet-cricket-betting-2026.html,/contact.html,Contact
blog/supabets-vs-easybet-cricket-betting-2026.html,/blog/,Blog
blog/supabets-vs-easybet-cricket-betting-2026.html,/blog/category-bookmaker-comparisons.html,Bookmaker Comparisons
blog/supabets-vs-easybet-cricket-betting-2026.html,/about.html,About
blog/supabets-vs-easybet-cricket-betting-2026.html,/contact.html,Contact
blog/supabets-vs-easybet-cricket-betting-2026.html,/privacy.html,Privacy
blog/supabets-vs-sportingbet-psl-betting-2026.html,/blog/sportingbet-review-south-africa-2026.html,Sportingbet
blog/supabets-vs-sportingbet-psl-betting-2026.html,/,BetSorted
blog/supabets-vs-sportingbet-psl-betting-2026.html,/#comparison,Compare
blog/supabets-vs-sportingbet-psl-betting-2026.html,/bookmakers/,Bookmakers
blog/supabets-vs-sportingbet-psl-betting-2026.html,/glossary.html,Glossary
blog/supabets-vs-sportingbet-psl-betting-2026.html,/calculators.html,Calculators
blog/supabets-vs-sportingbet-psl-betting-2026.html,/blog/,Blog
blog/supabets-vs-sportingbet-psl-betting-2026.html,/psl-match-centre.html,⚽ PSL Live
blog/supabets-vs-sportingbet-psl-betting-2026.html,/prediction-markets.html,💰 Smart Money
blog/supabets-vs-sportingbet-psl-betting-2026.html,/,Home
blog/supabets-vs-sportingbet-psl-betting-2026.html,/blog/,Blog
blog/supabets-vs-sportingbet-psl-betting-2026.html,/blog/supabets-review-south-africa-2026.html,SupaBets
blog/supabets-vs-sportingbet-psl-betting-2026.html,/accumulator-calculator.html,Try Accumulator Calculator →
blog/supabets-vs-sportingbet-psl-betting-2026.html,/blog/psl-title-race-betting-guide.html,PSL Season Run-In Betting Guide
blog/supabets-vs-sportingbet-psl-betting-2026.html,/blog/best-betway-alternatives-south-africa-june-2026.html,Best Betway Alternatives for South African Bettors (June 2026)
blog/supabets-vs-sportingbet-psl-betting-2026.html,/blog/betfred-vs-10bet-south-africa-2026.html,Betfred vs 10bet South Africa 2026: International Bookmaker Showdown
blog/supabets-vs-sportingbet-psl-betting-2026.html,/blog/category-bookmaker-comparisons.html,Bookmaker Comparisons
blog/supabets-vs-sportingbet-psl-betting-2026.html,/blog/gbets-vs-10bet-south-africa-2026.html,Gbets vs 10bet South Africa 2026 — Which Bookmaker Wins?
blog/supabets-vs-sportingbet-psl-betting-2026.html,/about.html,About
blog/supabets-vs-sportingbet-psl-betting-2026.html,/editorial-policy.html,Editorial Policy
blog/supabets-vs-sportingbet-psl-betting-2026.html,/responsible-gambling.html,Responsible Gambling
blog/supabets-vs-sportingbet-psl-betting-2026.html,/privacy.html,Privacy
blog/supabets-vs-sportingbet-psl-betting-2026.html,/contact.html,Contact
blog/supabets-vs-sportingbet-psl-betting-2026.html,/blog/,Blog
blog/supabets-vs-sportingbet-psl-betting-2026.html,/blog/category-bookmaker-comparisons.html,Bookmaker Comparisons
blog/supabets-vs-sportingbet-psl-betting-2026.html,/,Home
blog/supabets-vs-sportingbet-psl-betting-2026.html,/blog/,Blog
blog/supabets-vs-sportingbet-psl-betting-2026.html,/odds-comparison.html,Compare Bookmakers
blog/supabets-vs-supersportbet-south-africa-2026.html,/,BetSorted
blog/supabets-vs-supersportbet-south-africa-2026.html,/#comparison,Compare
blog/supabets-vs-supersportbet-south-africa-2026.html,/bookmakers/,Bookmakers
blog/supabets-vs-supersportbet-south-africa-2026.html,/glossary.html,Glossary
blog/supabets-vs-supersportbet-south-africa-2026.html,/calculators.html,Calculators
blog/supabets-vs-supersportbet-south-africa-2026.html,/blog/,Blog
blog/supabets-vs-supersportbet-south-africa-2026.html,/psl-match-centre.html,⚽ PSL Live
blog/supabets-vs-supersportbet-south-africa-2026.html,/prediction-markets.html,💰 Smart Money
blog/supabets-vs-supersportbet-south-africa-2026.html,/blog/,← Back to Blog
blog/supabets-vs-supersportbet-south-africa-2026.html,/blog/category-bookmaker-comparisons.html,Bookmaker Comparisons
blog/supabets-vs-supersportbet-south-africa-2026.html,/betting-calculator.html,Betting calculator
blog/supabets-vs-supersportbet-south-africa-2026.html,/free-bet-calculator.html,free bet calculator
blog/supabets-vs-supersportbet-south-africa-2026.html,/accumulator-calculator.html,Accumulator calculator
blog/supabets-vs-supersportbet-south-africa-2026.html,/blog/rugby-handicap-calculator-south-africa-2026.html,rugby handicap guide
blog/supabets-vs-supersportbet-south-africa-2026.html,/betting-calculator.html,betting calculator
blog/supabets-vs-supersportbet-south-africa-2026.html,/free-bet-calculator.html,free bet calculator
blog/supabets-vs-supersportbet-south-africa-2026.html,/blog/withdrawal-times-south-africa-bookmakers-2026.html,withdrawal times guide
blog/supabets-vs-supersportbet-south-africa-2026.html,/blog/fica-verification-guide-south-africa-2026.html,FICA verification guide
blog/supabets-vs-supersportbet-south-africa-2026.html,/betting-calculator.html,betting calculator
blog/supabets-vs-supersportbet-south-africa-2026.html,/accumulator-calculator.html,accumulator calculator
blog/supabets-vs-supersportbet-south-africa-2026.html,/free-bet-calculator.html,free bet calculator
blog/supabets-vs-world-sports-betting-south-africa-2026.html,/blog/wsb-review-south-africa-2026.html,World Sports Betting
blog/supabets-vs-world-sports-betting-south-africa-2026.html,/,BetSorted
blog/supabets-vs-world-sports-betting-south-africa-2026.html,/#comparison,Compare
blog/supabets-vs-world-sports-betting-south-africa-2026.html,/bookmakers/,Bookmakers
blog/supabets-vs-world-sports-betting-south-africa-2026.html,/glossary.html,Glossary
blog/supabets-vs-world-sports-betting-south-africa-2026.html,/calculators.html,Calculators
blog/supabets-vs-world-sports-betting-south-africa-2026.html,/blog/,Blog
blog/supabets-vs-world-sports-betting-south-africa-2026.html,/psl-match-centre.html,⚽ PSL Live
blog/supabets-vs-world-sports-betting-south-africa-2026.html,/prediction-markets.html,💰 Smart Money
blog/supabets-vs-world-sports-betting-south-africa-2026.html,/,Home
blog/supabets-vs-world-sports-betting-south-africa-2026.html,/blog/,Blog
blog/supabets-vs-world-sports-betting-south-africa-2026.html,/blog/,← Back to Blog
blog/supabets-vs-world-sports-betting-south-africa-2026.html,/blog/wsb-review-south-africa-2026.html,WSB
blog/supabets-vs-world-sports-betting-south-africa-2026.html,/blog/supabets-review-south-africa-2026.html,SupaBets
blog/supabets-vs-world-sports-betting-south-africa-2026.html,/odds-comparison.html,odds comparison tool
blog/supabets-vs-world-sports-betting-south-africa-2026.html,/betting-calculator.html,betting calculator
blog/supabets-vs-world-sports-betting-south-africa-2026.html,/odds-comparison.html,odds comparison page
blog/supabets-vs-world-sports-betting-south-africa-2026.html,/blog/betway-review-south-africa-2026.html,Betway
blog/supabets-vs-world-sports-betting-south-africa-2026.html,/accumulator-calculator.html,accumulator calculator
blog/supabets-vs-world-sports-betting-south-africa-2026.html,/each-way-calculator.html,each-way calculator
blog/supabets-vs-world-sports-betting-south-africa-2026.html,/odds-comparison.html,odds comparison tool
blog/supabets-vs-world-sports-betting-south-africa-2026.html,/betting-calculator.html,betting calculator
blog/supabets-vs-world-sports-betting-south-africa-2026.html,/accumulator-calculator.html,accumulator calculator
blog/supabets-vs-world-sports-betting-south-africa-2026.html,/odds-comparison.html,odds comparison page
blog/supabets-vs-world-sports-betting-south-africa-2026.html,/blog/best-betway-alternatives-south-africa-june-2026.html,Best Betway Alternatives for South African Bettors (June 2026)
blog/supabets-vs-world-sports-betting-south-africa-2026.html,/blog/betfred-vs-10bet-south-africa-2026.html,Betfred vs 10bet South Africa 2026: International Bookmaker Showdown
blog/supabets-vs-world-sports-betting-south-africa-2026.html,/blog/category-bookmaker-comparisons.html,Bookmaker Comparisons
blog/supabets-vs-world-sports-betting-south-africa-2026.html,/blog/gbets-vs-10bet-south-africa-2026.html,Gbets vs 10bet South Africa 2026 — Which Bookmaker Wins?
blog/supabets-vs-world-sports-betting-south-africa-2026.html,/blog/,← Back to Blog
blog/supabets-vs-world-sports-betting-south-africa-2026.html,/about.html,About
blog/supabets-vs-world-sports-betting-south-africa-2026.html,/editorial-policy.html,Editorial Policy
blog/supabets-vs-world-sports-betting-south-africa-2026.html,/responsible-gambling.html,Responsible Gambling
blog/supabets-vs-world-sports-betting-south-africa-2026.html,/privacy.html,Privacy
blog/supabets-vs-world-sports-betting-south-africa-2026.html,/contact.html,Contact
blog/supabets-vs-world-sports-betting-south-africa-2026.html,/blog/,Blog
blog/supabets-vs-world-sports-betting-south-africa-2026.html,/blog/category-bookmaker-comparisons.html,Bookmaker Comparisons
blog/supersport-united-betting-guide-2026.html,/,BetSorted
blog/supersport-united-betting-guide-2026.html,/#comparison,Compare
blog/supersport-united-betting-guide-2026.html,/bookmakers/,Bookmakers
blog/supersport-united-betting-guide-2026.html,/glossary.html,Glossary
blog/supersport-united-betting-guide-2026.html,/calculators.html,Calculators
blog/supersport-united-betting-guide-2026.html,/blog/,Blog
blog/supersport-united-betting-guide-2026.html,/psl-match-centre.html,⚽ PSL Live
blog/supersport-united-betting-guide-2026.html,/prediction-markets.html,💰 Smart Money
blog/supersport-united-betting-guide-2026.html,/,Home
blog/supersport-united-betting-guide-2026.html,/blog/,Blog
blog/supersport-united-betting-guide-2026.html,/blog/,← Back to Blog
blog/supersport-united-betting-guide-2026.html,/odds-comparison.html,odds comparison page
blog/supersport-united-betting-guide-2026.html,/accumulator-calculator.html,accumulator calculator
blog/supersport-united-betting-guide-2026.html,/odds-comparison.html,odds comparison tool
blog/supersport-united-betting-guide-2026.html,/betting-calculator.html,betting calculator
blog/supersport-united-betting-guide-2026.html,/accumulator-calculator.html,accumulator calculator
blog/supersport-united-betting-guide-2026.html,/blog/best-psl-betting-site-2026.html,best PSL betting sites
blog/supersport-united-betting-guide-2026.html,/blog/supabets-review-south-africa-2026.html,Supabets
blog/supersport-united-betting-guide-2026.html,/blog/hollywoodbets-review-south-africa-2026.html,Hollywoodbets
blog/supersport-united-betting-guide-2026.html,/blog/betway-review-south-africa-2026.html,Betway
blog/supersport-united-betting-guide-2026.html,/accumulator-calculator.html,accumulator calculator
blog/supersport-united-betting-guide-2026.html,/blog/eft-betting-payments-south-africa.html,EFT
blog/supersport-united-betting-guide-2026.html,/blog/instant-eft-betting-payments-south-africa.html,Instant EFT
blog/supersport-united-betting-guide-2026.html,/blog/mtn8-betting-guide-south-africa-2026.html,MTN8 Betting Guide South Africa 2026: How to Bet PSL Cup Football Without Guessing
blog/supersport-united-betting-guide-2026.html,/blog/nedbank-cup-betting-guide.html,Nedbank Cup Betting Guide for South Africans | BetSorted
blog/supersport-united-betting-guide-2026.html,/blog/category-psl.html,PSL
blog/supersport-united-betting-guide-2026.html,/blog/psl-playoffs-2026-betting-guide.html,"PSL Playoffs 2026 Betting Guide — Top 8 Odds, Predictions &amp; Best Bookmakers"
blog/supersport-united-betting-guide-2026.html,/blog/,← Back to Blog
blog/supersport-united-betting-guide-2026.html,/about.html,About
blog/supersport-united-betting-guide-2026.html,/editorial-policy.html,Editorial Policy
blog/supersport-united-betting-guide-2026.html,/responsible-gambling.html,Responsible Gambling
blog/supersport-united-betting-guide-2026.html,/privacy.html,Privacy
blog/supersport-united-betting-guide-2026.html,/contact.html,Contact
blog/supersport-united-betting-guide-2026.html,/blog/,Blog
blog/supersport-united-betting-guide-2026.html,/blog/category-bookmaker-comparisons.html,Bookmaker Comparisons
blog/supersportbet-review-south-africa-2026.html,/,BetSorted
blog/supersportbet-review-south-africa-2026.html,/#comparison,Compare
blog/supersportbet-review-south-africa-2026.html,/bookmakers/,Bookmakers
blog/supersportbet-review-south-africa-2026.html,/glossary.html,Glossary
blog/supersportbet-review-south-africa-2026.html,/calculators.html,Calculators
blog/supersportbet-review-south-africa-2026.html,/blog/,Blog
blog/supersportbet-review-south-africa-2026.html,/psl-match-centre.html,⚽ PSL Live
blog/supersportbet-review-south-africa-2026.html,/prediction-markets.html,💰 Smart Money
blog/supersportbet-review-south-africa-2026.html,/blog/,← Back to Blog
blog/supersportbet-review-south-africa-2026.html,/blog/category-bookmaker-reviews.html,Bookmaker Reviews
blog/supersportbet-review-south-africa-2026.html,/blog/betway-vs-hollywoodbets.html,Betway vs Hollywoodbets
blog/supersportbet-review-south-africa-2026.html,/blog/hollywoodbets-vs-sportingbet-south-africa-2026.html,Hollywoodbets vs Sportingbet
blog/supersportbet-review-south-africa-2026.html,/best-odds-finder.html,best odds finder
blog/supersportbet-review-south-africa-2026.html,/betting-calculator.html,Betting calculator
blog/supersportbet-review-south-africa-2026.html,/accumulator-calculator.html,accumulator calculator
blog/supersportbet-review-south-africa-2026.html,/free-bet-calculator.html,free bet calculator
blog/supersportbet-review-south-africa-2026.html,/betting-calculator.html,BetSorted betting calculator
blog/supersportbet-review-south-africa-2026.html,/odds-comparison.html,odds comparison page
blog/supersportbet-review-south-africa-2026.html,/accumulator-calculator.html,accumulator calculator
blog/supersportbet-review-south-africa-2026.html,/blog/rugby-handicap-calculator-south-africa-2026.html,rugby handicap calculator guide
blog/supersportbet-review-south-africa-2026.html,/free-bet-calculator.html,free bet calculator
blog/supersportbet-review-south-africa-2026.html,/blog/payshap-betting-deposits-withdrawals-south-africa-2026.html,PayShap betting deposits and withdrawals
blog/supersportbet-review-south-africa-2026.html,/blog/withdrawal-times-south-africa-bookmakers-2026.html,withdrawal times at South African bookmakers
blog/supersportbet-review-south-africa-2026.html,/betting-calculator.html,betting calculator
blog/supersportbet-review-south-africa-2026.html,/accumulator-calculator.html,accumulator calculator
blog/supersportbet-review-south-africa-2026.html,/free-bet-calculator.html,free bet calculator
blog/t20-world-cup-final-india-vs-new-zealand-betting-guide-2026.html,/,BetSorted
blog/t20-world-cup-final-india-vs-new-zealand-betting-guide-2026.html,/#comparison,Compare
blog/t20-world-cup-final-india-vs-new-zealand-betting-guide-2026.html,/bookmakers/,Bookmakers
blog/t20-world-cup-final-india-vs-new-zealand-betting-guide-2026.html,/glossary.html,Glossary
blog/t20-world-cup-final-india-vs-new-zealand-betting-guide-2026.html,/calculators.html,Calculators
blog/t20-world-cup-final-india-vs-new-zealand-betting-guide-2026.html,/blog/,Blog
blog/t20-world-cup-final-india-vs-new-zealand-betting-guide-2026.html,/psl-match-centre.html,⚽ PSL Live
blog/t20-world-cup-final-india-vs-new-zealand-betting-guide-2026.html,/prediction-markets.html,💰 Smart Money
blog/t20-world-cup-final-india-vs-new-zealand-betting-guide-2026.html,/,Home
blog/t20-world-cup-final-india-vs-new-zealand-betting-guide-2026.html,/blog/,Blog
blog/t20-world-cup-final-india-vs-new-zealand-betting-guide-2026.html,/blog/,← Back to Blog
blog/t20-world-cup-final-india-vs-new-zealand-betting-guide-2026.html,/betting-calculator.html,betting calculator
blog/t20-world-cup-final-india-vs-new-zealand-betting-guide-2026.html,/blog/betway-review-south-africa-2026.html,Betway
blog/t20-world-cup-final-india-vs-new-zealand-betting-guide-2026.html,/blog/hollywoodbets-review-south-africa-2026.html,Hollywoodbets
blog/t20-world-cup-final-india-vs-new-zealand-betting-guide-2026.html,/blog/sportingbet-review-south-africa-2026.html,Sportingbet
blog/t20-world-cup-final-india-vs-new-zealand-betting-guide-2026.html,/blog/10bet-review-south-africa-2026.html,10bet
blog/t20-world-cup-final-india-vs-new-zealand-betting-guide-2026.html,/blog/supabets-review-south-africa-2026.html,Supabets
blog/t20-world-cup-final-india-vs-new-zealand-betting-guide-2026.html,/blog/betway-review-south-africa-2026.html,Betway
blog/t20-world-cup-final-india-vs-new-zealand-betting-guide-2026.html,/blog/hollywoodbets-review-south-africa-2026.html,Hollywoodbets
blog/t20-world-cup-final-india-vs-new-zealand-betting-guide-2026.html,/odds-comparison.html,odds comparison tool
blog/t20-world-cup-final-india-vs-new-zealand-betting-guide-2026.html,/betting-calculator.html,betting calculator
blog/t20-world-cup-final-india-vs-new-zealand-betting-guide-2026.html,/betting-calculator.html,betting calculator
blog/t20-world-cup-final-india-vs-new-zealand-betting-guide-2026.html,/odds-comparison.html,odds comparison page
blog/t20-world-cup-final-india-vs-new-zealand-betting-guide-2026.html,/accumulator-calculator.html,accumulator calculator
blog/t20-world-cup-final-india-vs-new-zealand-betting-guide-2026.html,/blog/hollywoodbets-review-south-africa-2026.html,Hollywoodbets
blog/t20-world-cup-final-india-vs-new-zealand-betting-guide-2026.html,/blog/sportingbet-review-south-africa-2026.html,Sportingbet
blog/t20-world-cup-final-india-vs-new-zealand-betting-guide-2026.html,/blog/10bet-review-south-africa-2026.html,10bet
blog/t20-world-cup-final-india-vs-new-zealand-betting-guide-2026.html,/blog/supabets-review-south-africa-2026.html,Supabets
blog/t20-world-cup-final-india-vs-new-zealand-betting-guide-2026.html,/blog/betway-review-south-africa-2026.html,Betway
blog/t20-world-cup-final-india-vs-new-zealand-betting-guide-2026.html,/blog/best-betway-alternatives-south-africa-june-2026.html,Best Betway Alternatives for South African Bettors (June 2026)
blog/t20-world-cup-final-india-vs-new-zealand-betting-guide-2026.html,/blog/betfred-vs-10bet-south-africa-2026.html,Betfred vs 10bet South Africa 2026: International Bookmaker Showdown
blog/t20-world-cup-final-india-vs-new-zealand-betting-guide-2026.html,/blog/category-bookmaker-comparisons.html,Bookmaker Comparisons
blog/t20-world-cup-final-india-vs-new-zealand-betting-guide-2026.html,/blog/gbets-vs-10bet-south-africa-2026.html,Gbets vs 10bet South Africa 2026 — Which Bookmaker Wins?
blog/t20-world-cup-final-india-vs-new-zealand-betting-guide-2026.html,/blog/,← Back to Blog
blog/t20-world-cup-final-india-vs-new-zealand-betting-guide-2026.html,/about.html,About
blog/t20-world-cup-final-india-vs-new-zealand-betting-guide-2026.html,/editorial-policy.html,Editorial Policy
blog/t20-world-cup-final-india-vs-new-zealand-betting-guide-2026.html,/responsible-gambling.html,Responsible Gambling
blog/t20-world-cup-final-india-vs-new-zealand-betting-guide-2026.html,/privacy.html,Privacy
blog/t20-world-cup-final-india-vs-new-zealand-betting-guide-2026.html,/contact.html,Contact
blog/t20-world-cup-final-india-vs-new-zealand-betting-guide-2026.html,/blog/,Blog
blog/t20-world-cup-final-india-vs-new-zealand-betting-guide-2026.html,/blog/category-bookmaker-comparisons.html,Bookmaker Comparisons
blog/understanding-betting-odds-south-africa-2026.html,/,BetSorted
blog/understanding-betting-odds-south-africa-2026.html,/#comparison,Compare
blog/understanding-betting-odds-south-africa-2026.html,/bookmakers/,Bookmakers
blog/understanding-betting-odds-south-africa-2026.html,/glossary.html,Glossary
blog/understanding-betting-odds-south-africa-2026.html,/calculators.html,Calculators
blog/understanding-betting-odds-south-africa-2026.html,/blog/,Blog
blog/understanding-betting-odds-south-africa-2026.html,/psl-match-centre.html,⚽ PSL Live
blog/understanding-betting-odds-south-africa-2026.html,/prediction-markets.html,💰 Smart Money
blog/understanding-betting-odds-south-africa-2026.html,/,Home
blog/understanding-betting-odds-south-africa-2026.html,/blog/,Blog
blog/understanding-betting-odds-south-africa-2026.html,/blog/,← Back to Blog
blog/understanding-betting-odds-south-africa-2026.html,/betting-calculator.html,betting calculator
blog/understanding-betting-odds-south-africa-2026.html,/blog/best-betting-sites-beginners-south-africa-2026.html,best betting sites comparison
blog/understanding-betting-odds-south-africa-2026.html,/blog/how-to-bet-on-rugby-south-africa-2026.html,complete rugby betting guide
blog/understanding-betting-odds-south-africa-2026.html,/arbitrage-calculator.html,arbitrage calculator
blog/understanding-betting-odds-south-africa-2026.html,/betting-calculator.html,BetSorted Betting Calculator
blog/understanding-betting-odds-south-africa-2026.html,/accumulator-calculator.html,accumulator calculator
blog/understanding-betting-odds-south-africa-2026.html,/arbitrage-calculator.html,arbitrage calculator
blog/understanding-betting-odds-south-africa-2026.html,/blog/5-common-betting-mistakes-south-africa-2026.html,common betting mistakes
blog/understanding-betting-odds-south-africa-2026.html,/betting-calculator.html,calculator
blog/understanding-betting-odds-south-africa-2026.html,/betting-calculator.html,Betting Calculator
blog/understanding-betting-odds-south-africa-2026.html,/accumulator-calculator.html,Accumulator Calculator
blog/understanding-betting-odds-south-africa-2026.html,/arbitrage-calculator.html,Arbitrage Calculator
blog/understanding-betting-odds-south-africa-2026.html,/blog/how-to-bet-on-soccer-south-africa-2026.html,Soccer Betting Guide
blog/understanding-betting-odds-south-africa-2026.html,/blog/how-to-bet-on-rugby-south-africa-2026.html,Rugby Betting Guide
blog/understanding-betting-odds-south-africa-2026.html,/blog/5-common-betting-mistakes-south-africa-2026.html,5 Common Betting Mistakes
blog/understanding-betting-odds-south-africa-2026.html,/blog/best-betting-sites-beginners-south-africa-2026.html,Best Betting Sites South Africa 2026
blog/understanding-betting-odds-south-africa-2026.html,/betting-calculator.html,BetSorted betting calculator
blog/understanding-betting-odds-south-africa-2026.html,/blog/5-common-betting-mistakes-south-africa-2026.html,5 Common Betting Mistakes South African Punters Make (And How to Avoid Them)
blog/understanding-betting-odds-south-africa-2026.html,/blog/aviator-betting-sites-south-africa-2026.html,Aviator Betting Sites South Africa 2026 — Best Apps & Strategy
blog/understanding-betting-odds-south-africa-2026.html,/blog/best-betting-sites-beginners-south-africa-2026.html,Best Betting Sites for Beginners in South Africa 2026 — Start Here
blog/understanding-betting-odds-south-africa-2026.html,/blog/category-betting-guides-strategy.html,Betting Guides &amp; Strategy
blog/understanding-betting-odds-south-africa-2026.html,/responsible-gambling.html,responsible gambling page
blog/understanding-betting-odds-south-africa-2026.html,/blog/,← Back to Blog
blog/understanding-betting-odds-south-africa-2026.html,/about.html,About
blog/understanding-betting-odds-south-africa-2026.html,/editorial-policy.html,Editorial Policy
blog/understanding-betting-odds-south-africa-2026.html,/responsible-gambling.html,Responsible Gambling
blog/understanding-betting-odds-south-africa-2026.html,/privacy.html,Privacy
blog/understanding-betting-odds-south-africa-2026.html,/contact.html,Contact
blog/understanding-betting-odds-south-africa-2026.html,/blog/,Blog
blog/understanding-betting-odds-south-africa-2026.html,/blog/category-bookmaker-comparisons.html,Bookmaker Comparisons
blog/urc-2026-sa-teams-betting-guide.html,/,BetSorted
blog/urc-2026-sa-teams-betting-guide.html,/#comparison,Compare
blog/urc-2026-sa-teams-betting-guide.html,/bookmakers/,Bookmakers
blog/urc-2026-sa-teams-betting-guide.html,/glossary.html,Glossary
blog/urc-2026-sa-teams-betting-guide.html,/calculators.html,Calculators
blog/urc-2026-sa-teams-betting-guide.html,/blog/,Blog
blog/urc-2026-sa-teams-betting-guide.html,/psl-match-centre.html,⚽ PSL Live
blog/urc-2026-sa-teams-betting-guide.html,/prediction-markets.html,💰 Smart Money
blog/urc-2026-sa-teams-betting-guide.html,/,Home
blog/urc-2026-sa-teams-betting-guide.html,/blog/,Blog
blog/urc-2026-sa-teams-betting-guide.html,/blog/,← Back to Blog
blog/urc-2026-sa-teams-betting-guide.html,/blog/urc-playoffs-betting-guide.html,Lions vs Sharks URC betting guide
blog/urc-2026-sa-teams-betting-guide.html,/blog/betway-review-south-africa-2026.html,Review
blog/urc-2026-sa-teams-betting-guide.html,/blog/hollywoodbets-review-south-africa-2026.html,Review
blog/urc-2026-sa-teams-betting-guide.html,/blog/sportingbet-review-south-africa-2026.html,Review
blog/urc-2026-sa-teams-betting-guide.html,/blog/supabets-review-south-africa-2026.html,Review
blog/urc-2026-sa-teams-betting-guide.html,/blog/best-rugby-betting-sites-south-africa-2026.html,best rugby betting sites
blog/urc-2026-sa-teams-betting-guide.html,/blog/south-africa-betting-glossary.html,glossary
blog/urc-2026-sa-teams-betting-guide.html,/accumulator-calculator.html,accumulator calculator
blog/urc-2026-sa-teams-betting-guide.html,/blog/springboks-2026-betting-guide.html,Springboks 2026 betting guide
blog/urc-2026-sa-teams-betting-guide.html,/betting-calculator.html,betting calculator
blog/urc-2026-sa-teams-betting-guide.html,/accumulator-calculator.html,accumulator calculator
blog/urc-2026-sa-teams-betting-guide.html,/blog/how-to-bet-nations-championship-2026.html,How to Bet on the Nations Championship 2026 — Your Springboks Betting Guide
blog/urc-2026-sa-teams-betting-guide.html,/blog/category-rugby.html,Rugby
blog/urc-2026-sa-teams-betting-guide.html,/blog/urc-playoffs-betting-guide.html,URC Playoffs Betting Guide for South Africans | BetSorted
blog/urc-2026-sa-teams-betting-guide.html,/blog/springboks-july-tests-2026-betting-calculator-guide.html,Springboks July Tests 2026: Betting Calculator Guide for South Africans
blog/urc-2026-sa-teams-betting-guide.html,/blog/,← Back to Blog
blog/urc-2026-sa-teams-betting-guide.html,/about.html,About
blog/urc-2026-sa-teams-betting-guide.html,/editorial-policy.html,Editorial Policy
blog/urc-2026-sa-teams-betting-guide.html,/responsible-gambling.html,Responsible Gambling
blog/urc-2026-sa-teams-betting-guide.html,/privacy.html,Privacy
blog/urc-2026-sa-teams-betting-guide.html,/contact.html,Contact
blog/urc-2026-sa-teams-betting-guide.html,/blog/,Blog
blog/urc-2026-sa-teams-betting-guide.html,/blog/category-bookmaker-comparisons.html,Bookmaker Comparisons
blog/urc-playoff-race-sa-teams-betting-guide-2026.html,/,BetSorted
blog/urc-playoff-race-sa-teams-betting-guide-2026.html,/#comparison,Compare
blog/urc-playoff-race-sa-teams-betting-guide-2026.html,/bookmakers/,Bookmakers
blog/urc-playoff-race-sa-teams-betting-guide-2026.html,/glossary.html,Glossary
blog/urc-playoff-race-sa-teams-betting-guide-2026.html,/calculators.html,Calculators
blog/urc-playoff-race-sa-teams-betting-guide-2026.html,/blog/,Blog
blog/urc-playoff-race-sa-teams-betting-guide-2026.html,/psl-match-centre.html,⚽ PSL Live
blog/urc-playoff-race-sa-teams-betting-guide-2026.html,/prediction-markets.html,💰 Smart Money
blog/urc-playoff-race-sa-teams-betting-guide-2026.html,/blog/urc-playoffs-betting-guide.html,Click here
blog/urc-playoffs-betting-guide.html,/,BetSorted
blog/urc-playoffs-betting-guide.html,/#comparison,Compare
blog/urc-playoffs-betting-guide.html,/bookmakers/,Bookmakers
blog/urc-playoffs-betting-guide.html,/glossary.html,Glossary
blog/urc-playoffs-betting-guide.html,/calculators.html,Calculators
blog/urc-playoffs-betting-guide.html,/blog/,Blog
blog/urc-playoffs-betting-guide.html,/psl-match-centre.html,⚽ PSL Live
blog/urc-playoffs-betting-guide.html,/prediction-markets.html,💰 Smart Money
blog/urc-playoffs-betting-guide.html,/,Home
blog/urc-playoffs-betting-guide.html,/blog/,Blog
blog/urc-playoffs-betting-guide.html,/calculators.html,BetSorted calculators
blog/urc-playoffs-betting-guide.html,/calculators.html,Try the BetSorted accumulator calculator
blog/urc-playoffs-betting-guide.html,/blog/urc-playoffs-betting-guide.html,← URC Round 16 Preview
blog/urc-playoffs-betting-guide.html,/privacy.html,Privacy
blog/urc-playoffs-betting-guide.html,/terms.html,Terms
blog/urc-psl-weekend-betting-tips-may-30-2026.html,/,BetSorted
blog/urc-psl-weekend-betting-tips-may-30-2026.html,/#comparison,Compare
blog/urc-psl-weekend-betting-tips-may-30-2026.html,/bookmakers/,Bookmakers
blog/urc-psl-weekend-betting-tips-may-30-2026.html,/glossary.html,Glossary
blog/urc-psl-weekend-betting-tips-may-30-2026.html,/calculators.html,Calculators
blog/urc-psl-weekend-betting-tips-may-30-2026.html,/blog/,Blog
blog/urc-psl-weekend-betting-tips-may-30-2026.html,/psl-match-centre.html,⚽ PSL Live
blog/urc-psl-weekend-betting-tips-may-30-2026.html,/prediction-markets.html,💰 Smart Money
blog/urc-psl-weekend-betting-tips-may-30-2026.html,/blog/urc-playoffs-betting-guide.html,Click here
blog/urc-round-13-sa-derbies-betting-preview-march-2026.html,/,BetSorted
blog/urc-round-13-sa-derbies-betting-preview-march-2026.html,/#comparison,Compare
blog/urc-round-13-sa-derbies-betting-preview-march-2026.html,/bookmakers/,Bookmakers
blog/urc-round-13-sa-derbies-betting-preview-march-2026.html,/glossary.html,Glossary
blog/urc-round-13-sa-derbies-betting-preview-march-2026.html,/calculators.html,Calculators
blog/urc-round-13-sa-derbies-betting-preview-march-2026.html,/blog/,Blog
blog/urc-round-13-sa-derbies-betting-preview-march-2026.html,/psl-match-centre.html,⚽ PSL Live
blog/urc-round-13-sa-derbies-betting-preview-march-2026.html,/prediction-markets.html,💰 Smart Money
blog/urc-round-13-sa-derbies-betting-preview-march-2026.html,/blog/urc-playoffs-betting-guide.html,Click here
blog/urc-round-14-sa-teams-home-betting-preview-march-2026.html,/,BetSorted
blog/urc-round-14-sa-teams-home-betting-preview-march-2026.html,/#comparison,Compare
blog/urc-round-14-sa-teams-home-betting-preview-march-2026.html,/bookmakers/,Bookmakers
blog/urc-round-14-sa-teams-home-betting-preview-march-2026.html,/glossary.html,Glossary
blog/urc-round-14-sa-teams-home-betting-preview-march-2026.html,/calculators.html,Calculators
blog/urc-round-14-sa-teams-home-betting-preview-march-2026.html,/blog/,Blog
blog/urc-round-14-sa-teams-home-betting-preview-march-2026.html,/psl-match-centre.html,⚽ PSL Live
blog/urc-round-14-sa-teams-home-betting-preview-march-2026.html,/prediction-markets.html,💰 Smart Money
blog/urc-round-14-sa-teams-home-betting-preview-march-2026.html,/blog/urc-playoffs-betting-guide.html,Click here
blog/urc-round-14-weekend-betting-tips-sharks-bulls-march-2026.html,/,BetSorted
blog/urc-round-14-weekend-betting-tips-sharks-bulls-march-2026.html,/#comparison,Compare
blog/urc-round-14-weekend-betting-tips-sharks-bulls-march-2026.html,/bookmakers/,Bookmakers
blog/urc-round-14-weekend-betting-tips-sharks-bulls-march-2026.html,/glossary.html,Glossary
blog/urc-round-14-weekend-betting-tips-sharks-bulls-march-2026.html,/calculators.html,Calculators
blog/urc-round-14-weekend-betting-tips-sharks-bulls-march-2026.html,/blog/,Blog
blog/urc-round-14-weekend-betting-tips-sharks-bulls-march-2026.html,/psl-match-centre.html,⚽ PSL Live
blog/urc-round-14-weekend-betting-tips-sharks-bulls-march-2026.html,/prediction-markets.html,💰 Smart Money
blog/urc-round-14-weekend-betting-tips-sharks-bulls-march-2026.html,/blog/urc-playoffs-betting-guide.html,Click here
blog/urc-round-15-sharks-bulls-betting-preview-march-2026.html,/,BetSorted
blog/urc-round-15-sharks-bulls-betting-preview-march-2026.html,/#comparison,Compare
blog/urc-round-15-sharks-bulls-betting-preview-march-2026.html,/bookmakers/,Bookmakers
blog/urc-round-15-sharks-bulls-betting-preview-march-2026.html,/glossary.html,Glossary
blog/urc-round-15-sharks-bulls-betting-preview-march-2026.html,/calculators.html,Calculators
blog/urc-round-15-sharks-bulls-betting-preview-march-2026.html,/blog/,Blog
blog/urc-round-15-sharks-bulls-betting-preview-march-2026.html,/psl-match-centre.html,⚽ PSL Live
blog/urc-round-15-sharks-bulls-betting-preview-march-2026.html,/prediction-markets.html,💰 Smart Money
blog/urc-round-15-sharks-bulls-betting-preview-march-2026.html,/blog/urc-playoffs-betting-guide.html,Click here
blog/urc-round-16-sa-teams-home-betting-preview-march-2026.html,/,BetSorted
blog/urc-round-16-sa-teams-home-betting-preview-march-2026.html,/#comparison,Compare
blog/urc-round-16-sa-teams-home-betting-preview-march-2026.html,/bookmakers/,Bookmakers
blog/urc-round-16-sa-teams-home-betting-preview-march-2026.html,/glossary.html,Glossary
blog/urc-round-16-sa-teams-home-betting-preview-march-2026.html,/calculators.html,Calculators
blog/urc-round-16-sa-teams-home-betting-preview-march-2026.html,/blog/,Blog
blog/urc-round-16-sa-teams-home-betting-preview-march-2026.html,/psl-match-centre.html,⚽ PSL Live
blog/urc-round-16-sa-teams-home-betting-preview-march-2026.html,/prediction-markets.html,💰 Smart Money
blog/urc-round-16-sa-teams-home-betting-preview-march-2026.html,/blog/urc-playoffs-betting-guide.html,Click here
blog/urc-round-17-sa-teams-april-2026-betting-preview.html,/,BetSorted
blog/urc-round-17-sa-teams-april-2026-betting-preview.html,/#comparison,Compare
blog/urc-round-17-sa-teams-april-2026-betting-preview.html,/bookmakers/,Bookmakers
blog/urc-round-17-sa-teams-april-2026-betting-preview.html,/glossary.html,Glossary
blog/urc-round-17-sa-teams-april-2026-betting-preview.html,/calculators.html,Calculators
blog/urc-round-17-sa-teams-april-2026-betting-preview.html,/blog/,Blog
blog/urc-round-17-sa-teams-april-2026-betting-preview.html,/psl-match-centre.html,⚽ PSL Live
blog/urc-round-17-sa-teams-april-2026-betting-preview.html,/prediction-markets.html,💰 Smart Money
blog/urc-round-17-sa-teams-april-2026-betting-preview.html,/blog/urc-playoffs-betting-guide.html,Click here
blog/urc-round-18-sa-teams-april-18-2026-betting-preview.html,/,BetSorted
blog/urc-round-18-sa-teams-april-18-2026-betting-preview.html,/#comparison,Compare
blog/urc-round-18-sa-teams-april-18-2026-betting-preview.html,/bookmakers/,Bookmakers
blog/urc-round-18-sa-teams-april-18-2026-betting-preview.html,/glossary.html,Glossary
blog/urc-round-18-sa-teams-april-18-2026-betting-preview.html,/calculators.html,Calculators
blog/urc-round-18-sa-teams-april-18-2026-betting-preview.html,/blog/,Blog
blog/urc-round-18-sa-teams-april-18-2026-betting-preview.html,/psl-match-centre.html,⚽ PSL Live
blog/urc-round-18-sa-teams-april-18-2026-betting-preview.html,/prediction-markets.html,💰 Smart Money
blog/urc-round-18-sa-teams-april-18-2026-betting-preview.html,/blog/urc-playoffs-betting-guide.html,Click here
blog/urc-round-19-sa-teams-april-25-2026-betting-preview.html,/,BetSorted
blog/urc-round-19-sa-teams-april-25-2026-betting-preview.html,/#comparison,Compare
blog/urc-round-19-sa-teams-april-25-2026-betting-preview.html,/bookmakers/,Bookmakers
blog/urc-round-19-sa-teams-april-25-2026-betting-preview.html,/glossary.html,Glossary
blog/urc-round-19-sa-teams-april-25-2026-betting-preview.html,/calculators.html,Calculators
blog/urc-round-19-sa-teams-april-25-2026-betting-preview.html,/blog/,Blog
blog/urc-round-19-sa-teams-april-25-2026-betting-preview.html,/psl-match-centre.html,⚽ PSL Live
blog/urc-round-19-sa-teams-april-25-2026-betting-preview.html,/prediction-markets.html,💰 Smart Money
blog/urc-round-19-sa-teams-april-25-2026-betting-preview.html,/blog/urc-playoffs-betting-guide.html,Click here
blog/urc-sa-derbies-betting-guide-february-28-2026.html,/,BetSorted
blog/urc-sa-derbies-betting-guide-february-28-2026.html,/#comparison,Compare
blog/urc-sa-derbies-betting-guide-february-28-2026.html,/bookmakers/,Bookmakers
blog/urc-sa-derbies-betting-guide-february-28-2026.html,/glossary.html,Glossary
blog/urc-sa-derbies-betting-guide-february-28-2026.html,/calculators.html,Calculators
blog/urc-sa-derbies-betting-guide-february-28-2026.html,/blog/,Blog
blog/urc-sa-derbies-betting-guide-february-28-2026.html,/psl-match-centre.html,⚽ PSL Live
blog/urc-sa-derbies-betting-guide-february-28-2026.html,/prediction-markets.html,💰 Smart Money
blog/urc-sa-derbies-betting-guide-february-28-2026.html,/blog/urc-playoffs-betting-guide.html,Click here
blog/urc-semi-final-weekend-betting-tips-south-africa-june-6-2026.html,/,BetSorted
blog/urc-semi-final-weekend-betting-tips-south-africa-june-6-2026.html,/#comparison,Compare
blog/urc-semi-final-weekend-betting-tips-south-africa-june-6-2026.html,/bookmakers/,Bookmakers
blog/urc-semi-final-weekend-betting-tips-south-africa-june-6-2026.html,/glossary.html,Glossary
blog/urc-semi-final-weekend-betting-tips-south-africa-june-6-2026.html,/calculators.html,Calculators
blog/urc-semi-final-weekend-betting-tips-south-africa-june-6-2026.html,/blog/,Blog
blog/urc-semi-final-weekend-betting-tips-south-africa-june-6-2026.html,/psl-match-centre.html,⚽ PSL Live
blog/urc-semi-final-weekend-betting-tips-south-africa-june-6-2026.html,/prediction-markets.html,💰 Smart Money
blog/urc-semi-final-weekend-betting-tips-south-africa-june-6-2026.html,/blog/urc-playoffs-betting-guide.html,Click here
blog/virtual-sports-betting-guide-south-africa-2026.html,/,BetSorted
blog/virtual-sports-betting-guide-south-africa-2026.html,/#comparison,Compare
blog/virtual-sports-betting-guide-south-africa-2026.html,/bookmakers/,Bookmakers
blog/virtual-sports-betting-guide-south-africa-2026.html,/glossary.html,Glossary
blog/virtual-sports-betting-guide-south-africa-2026.html,/calculators.html,Calculators
blog/virtual-sports-betting-guide-south-africa-2026.html,/blog/,Blog
blog/virtual-sports-betting-guide-south-africa-2026.html,/psl-match-centre.html,⚽ PSL Live
blog/virtual-sports-betting-guide-south-africa-2026.html,/prediction-markets.html,💰 Smart Money
blog/virtual-sports-betting-guide-south-africa-2026.html,/,Home
blog/virtual-sports-betting-guide-south-africa-2026.html,/blog/,Blog
blog/virtual-sports-betting-guide-south-africa-2026.html,/blog/,← Back to Blog
blog/virtual-sports-betting-guide-south-africa-2026.html,/blog/betway-review-south-africa-2026.html,Betway
blog/virtual-sports-betting-guide-south-africa-2026.html,/blog/betway-vs-hollywoodbets.html,Hollywoodbets
blog/virtual-sports-betting-guide-south-africa-2026.html,/blog/easybet-review-south-africa-2026.html,Easybet
blog/virtual-sports-betting-guide-south-africa-2026.html,/blog/best-betting-sites-beginners-south-africa-2026.html,best betting sites in South Africa
blog/virtual-sports-betting-guide-south-africa-2026.html,/calculators.html,betting calculators
blog/virtual-sports-betting-guide-south-africa-2026.html,/go/hollywoodbets.html?subid=post-virtual-sports-betting-guide-south-africa-2026,Hollywoodbets
blog/virtual-sports-betting-guide-south-africa-2026.html,/calculators.html,betting calculators
blog/virtual-sports-betting-guide-south-africa-2026.html,/blog/best-betting-sites-beginners-south-africa-2026.html,best betting sites in South Africa
blog/virtual-sports-betting-guide-south-africa-2026.html,/blog/5-common-betting-mistakes-south-africa-2026.html,5 Common Betting Mistakes South African Punters Make (And How to Avoid Them)
blog/virtual-sports-betting-guide-south-africa-2026.html,/blog/aviator-betting-sites-south-africa-2026.html,Aviator Betting Sites South Africa 2026 — Best Apps & Strategy
blog/virtual-sports-betting-guide-south-africa-2026.html,/blog/best-betting-sites-beginners-south-africa-2026.html,Best Betting Sites for Beginners in South Africa 2026 — Start Here
blog/virtual-sports-betting-guide-south-africa-2026.html,/blog/category-betting-guides-strategy.html,Betting Guides &amp; Strategy
blog/virtual-sports-betting-guide-south-africa-2026.html,/blog/,← Back to Blog
blog/virtual-sports-betting-guide-south-africa-2026.html,/about.html,About
blog/virtual-sports-betting-guide-south-africa-2026.html,/editorial-policy.html,Editorial Policy
blog/virtual-sports-betting-guide-south-africa-2026.html,/responsible-gambling.html,Responsible Gambling
blog/virtual-sports-betting-guide-south-africa-2026.html,/privacy.html,Privacy
blog/virtual-sports-betting-guide-south-africa-2026.html,/contact.html,Contact
blog/virtual-sports-betting-guide-south-africa-2026.html,/blog/,Blog
blog/virtual-sports-betting-guide-south-africa-2026.html,/blog/category-bookmaker-comparisons.html,Bookmaker Comparisons
blog/voucher-deposits-betting-south-africa-2026.html,/,BetSorted
blog/voucher-deposits-betting-south-africa-2026.html,/#comparison,Compare
blog/voucher-deposits-betting-south-africa-2026.html,/bookmakers/,Bookmakers
blog/voucher-deposits-betting-south-africa-2026.html,/glossary.html,Glossary
blog/voucher-deposits-betting-south-africa-2026.html,/calculators.html,Calculators
blog/voucher-deposits-betting-south-africa-2026.html,/blog/,Blog
blog/voucher-deposits-betting-south-africa-2026.html,/psl-match-centre.html,⚽ PSL Live
blog/voucher-deposits-betting-south-africa-2026.html,/prediction-markets.html,💰 Smart Money
blog/voucher-deposits-betting-south-africa-2026.html,/,Home
blog/voucher-deposits-betting-south-africa-2026.html,/blog/,Blog
blog/voucher-deposits-betting-south-africa-2026.html,/blog/,← Back to Blog
blog/voucher-deposits-betting-south-africa-2026.html,/bookmakers/,bookmaker comparison page
blog/voucher-deposits-betting-south-africa-2026.html,/betting-calculator.html,betting calculator
blog/voucher-deposits-betting-south-africa-2026.html,/accumulator-calculator.html,accumulator calculator
blog/voucher-deposits-betting-south-africa-2026.html,/blog/capitec-pay-betting-payments-south-africa.html,Capitec Pay
blog/voucher-deposits-betting-south-africa-2026.html,/blog/ozow-betting-payments-south-africa.html,Ozow
blog/voucher-deposits-betting-south-africa-2026.html,/blog/instant-eft-betting-payments-south-africa.html,Instant EFT
blog/voucher-deposits-betting-south-africa-2026.html,/blog/eft-betting-payments-south-africa.html,Standard EFT
blog/voucher-deposits-betting-south-africa-2026.html,/blog/card-payments-betting-visa-mastercard-south-africa.html,Card (Visa/MC)
blog/voucher-deposits-betting-south-africa-2026.html,/blog/best-deposit-methods-betting-south-africa-2026.html,best deposit methods guide
blog/voucher-deposits-betting-south-africa-2026.html,/bookmakers/,bookmaker comparison page
blog/voucher-deposits-betting-south-africa-2026.html,/blog/best-deposit-methods-betting-south-africa-2026.html,Best Deposit Methods Guide (2026)
blog/voucher-deposits-betting-south-africa-2026.html,/blog/capitec-pay-betting-payments-south-africa.html,Capitec Pay for Betting
blog/voucher-deposits-betting-south-africa-2026.html,/blog/ozow-betting-payments-south-africa.html,Ozow Betting Payments
blog/voucher-deposits-betting-south-africa-2026.html,/blog/instant-eft-betting-payments-south-africa.html,Instant EFT Deposits
blog/voucher-deposits-betting-south-africa-2026.html,/blog/card-payments-betting-visa-mastercard-south-africa.html,Card Payments (Visa/Mastercard)
blog/voucher-deposits-betting-south-africa-2026.html,/bookmakers/,Compare All SA Bookmakers
blog/voucher-deposits-betting-south-africa-2026.html,/blog/betting-tax-south-africa-2026.html,Betting Tax South Africa 2026: Are Your Winnings Taxed?
blog/voucher-deposits-betting-south-africa-2026.html,/blog/category-payments-fica.html,Payments &amp; FICA
blog/voucher-deposits-betting-south-africa-2026.html,/blog/fastest-paying-bookmakers-south-africa-may-2026.html,Fastest Paying Bookmakers in South Africa: May 2026 Withdrawal Guide
blog/voucher-deposits-betting-south-africa-2026.html,/blog/fica-verification-guide-south-africa-2026.html,How to FICA Verify Your Betting Account in South Africa (2026 Guide)
blog/voucher-deposits-betting-south-africa-2026.html,/about.html,About
blog/voucher-deposits-betting-south-africa-2026.html,/editorial-policy.html,Editorial Policy
blog/voucher-deposits-betting-south-africa-2026.html,/responsible-gambling.html,Responsible Gambling
blog/voucher-deposits-betting-south-africa-2026.html,/privacy.html,Privacy
blog/voucher-deposits-betting-south-africa-2026.html,/contact.html,Contact
blog/voucher-deposits-betting-south-africa-2026.html,/blog/,Blog
blog/voucher-deposits-betting-south-africa-2026.html,/blog/category-bookmaker-comparisons.html,Bookmaker Comparisons
blog/weekend-betting-tips-currie-cup-psl-august-21-2026.html,/,BetSorted
blog/weekend-betting-tips-currie-cup-psl-august-21-2026.html,/#comparison,Compare
blog/weekend-betting-tips-currie-cup-psl-august-21-2026.html,/bookmakers/,Bookmakers
blog/weekend-betting-tips-currie-cup-psl-august-21-2026.html,/glossary.html,Glossary
blog/weekend-betting-tips-currie-cup-psl-august-21-2026.html,/calculators.html,Calculators
blog/weekend-betting-tips-currie-cup-psl-august-21-2026.html,/blog/,Blog
blog/weekend-betting-tips-currie-cup-psl-august-21-2026.html,/psl-match-centre.html,⚽ PSL Live
blog/weekend-betting-tips-currie-cup-psl-august-21-2026.html,/prediction-markets.html,💰 Smart Money
blog/weekend-betting-tips-currie-cup-psl-august-21-2026.html,/,Home
blog/weekend-betting-tips-currie-cup-psl-august-21-2026.html,/blog/,Blog
blog/weekend-betting-tips-currie-cup-psl-august-21-2026.html,/accumulator-calculator.html,BetSorted accumulator calculator
blog/weekend-betting-tips-currie-cup-psl-august-21-2026.html,/betting-calculator.html,betting calculator
blog/weekend-betting-tips-currie-cup-psl-august-21-2026.html,/accumulator-calculator.html,BetSorted accumulator calculator
blog/weekend-betting-tips-currie-cup-psl-august-21-2026.html,/blog/,Back to BetSorted Blog
blog/weekend-betting-tips-psl-currie-cup-august-14-2026.html,/,BetSorted
blog/weekend-betting-tips-psl-currie-cup-august-14-2026.html,/#comparison,Compare
blog/weekend-betting-tips-psl-currie-cup-august-14-2026.html,/bookmakers/,Bookmakers
blog/weekend-betting-tips-psl-currie-cup-august-14-2026.html,/glossary.html,Glossary
blog/weekend-betting-tips-psl-currie-cup-august-14-2026.html,/calculators.html,Calculators
blog/weekend-betting-tips-psl-currie-cup-august-14-2026.html,/blog/,Blog
blog/weekend-betting-tips-psl-currie-cup-august-14-2026.html,/psl-match-centre.html,⚽ PSL Live
blog/weekend-betting-tips-psl-currie-cup-august-14-2026.html,/prediction-markets.html,💰 Smart Money
blog/weekend-betting-tips-psl-currie-cup-august-14-2026.html,/,Home
blog/weekend-betting-tips-psl-currie-cup-august-14-2026.html,/blog/,Blog
blog/weekend-betting-tips-psl-currie-cup-august-14-2026.html,/accumulator-calculator.html,BetSorted accumulator calculator
blog/weekend-betting-tips-psl-currie-cup-august-14-2026.html,/betting-calculator.html,betting calculator
blog/weekend-betting-tips-psl-currie-cup-august-14-2026.html,/accumulator-calculator.html,accumulator calculator
blog/weekend-betting-tips-psl-currie-cup-august-14-2026.html,/blog/rugby-handicap-calculator-south-africa-2026.html,rugby handicap calculator guide
blog/weekend-betting-tips-psl-currie-cup-august-14-2026.html,/accumulator-calculator.html,BetSorted accumulator calculator
blog/weekend-betting-tips-psl-currie-cup-august-14-2026.html,/blog/,Back to BetSorted Blog
blog/weekend-betting-tips-psl-rugby-august-28-2026.html,/,BetSorted
blog/weekend-betting-tips-psl-rugby-august-28-2026.html,/#comparison,Compare
blog/weekend-betting-tips-psl-rugby-august-28-2026.html,/bookmakers/,Bookmakers
blog/weekend-betting-tips-psl-rugby-august-28-2026.html,/glossary.html,Glossary
blog/weekend-betting-tips-psl-rugby-august-28-2026.html,/calculators.html,Calculators
blog/weekend-betting-tips-psl-rugby-august-28-2026.html,/blog/,Blog
blog/weekend-betting-tips-psl-rugby-august-28-2026.html,/psl-match-centre.html,⚽ PSL Live
blog/weekend-betting-tips-psl-rugby-august-28-2026.html,/prediction-markets.html,💰 Smart Money
blog/weekend-betting-tips-psl-rugby-august-28-2026.html,/,Home
blog/weekend-betting-tips-psl-rugby-august-28-2026.html,/blog/,Blog
blog/weekend-betting-tips-psl-rugby-august-28-2026.html,/accumulator-calculator.html,BetSorted accumulator calculator
blog/weekend-betting-tips-psl-rugby-august-28-2026.html,/accumulator-calculator.html,BetSorted accumulator calculator
blog/weekend-betting-tips-psl-rugby-august-28-2026.html,/blog/,Back to BetSorted Blog
blog/weekend-betting-tips-psl-urc-april-19-20-2026.html,/,BetSorted
blog/weekend-betting-tips-psl-urc-april-19-20-2026.html,/#comparison,Compare
blog/weekend-betting-tips-psl-urc-april-19-20-2026.html,/bookmakers/,Bookmakers
blog/weekend-betting-tips-psl-urc-april-19-20-2026.html,/glossary.html,Glossary
blog/weekend-betting-tips-psl-urc-april-19-20-2026.html,/calculators.html,Calculators
blog/weekend-betting-tips-psl-urc-april-19-20-2026.html,/blog/,Blog
blog/weekend-betting-tips-psl-urc-april-19-20-2026.html,/psl-match-centre.html,⚽ PSL Live
blog/weekend-betting-tips-psl-urc-april-19-20-2026.html,/prediction-markets.html,💰 Smart Money
blog/weekend-betting-tips-psl-urc-april-19-20-2026.html,/blog/urc-playoffs-betting-guide.html,Click here
blog/weekend-rugby-accumulator-guide-february-21-2026.html,/,BetSorted
blog/weekend-rugby-accumulator-guide-february-21-2026.html,/#comparison,Compare
blog/weekend-rugby-accumulator-guide-february-21-2026.html,/bookmakers/,Bookmakers
blog/weekend-rugby-accumulator-guide-february-21-2026.html,/glossary.html,Glossary
blog/weekend-rugby-accumulator-guide-february-21-2026.html,/calculators.html,Calculators
blog/weekend-rugby-accumulator-guide-february-21-2026.html,/blog/,Blog
blog/weekend-rugby-accumulator-guide-february-21-2026.html,/psl-match-centre.html,⚽ PSL Live
blog/weekend-rugby-accumulator-guide-february-21-2026.html,/prediction-markets.html,💰 Smart Money
blog/weekend-rugby-accumulator-guide-february-21-2026.html,/,Home
blog/weekend-rugby-accumulator-guide-february-21-2026.html,/blog/,Blog
blog/weekend-rugby-accumulator-guide-february-21-2026.html,/blog/,← Back to Blog
blog/weekend-rugby-accumulator-guide-february-21-2026.html,/odds-comparison.html,odds comparison page
blog/weekend-rugby-accumulator-guide-february-21-2026.html,/accumulator-calculator.html,accumulator calculator
blog/weekend-rugby-accumulator-guide-february-21-2026.html,/blog/urc-playoffs-betting-guide.html,Lions vs Sharks betting guide
blog/weekend-rugby-accumulator-guide-february-21-2026.html,/accumulator-calculator.html,accumulator calculator
blog/weekend-rugby-accumulator-guide-february-21-2026.html,/#comparison,bookmaker comparison page
blog/weekend-rugby-accumulator-guide-february-21-2026.html,/betting-calculator.html,betting calculator
blog/weekend-rugby-accumulator-guide-february-21-2026.html,/blog/instant-eft-betting-payments-south-africa.html,Instant EFT
blog/weekend-rugby-accumulator-guide-february-21-2026.html,/blog/capitec-pay-betting-payments-south-africa.html,Capitec Pay
blog/weekend-rugby-accumulator-guide-february-21-2026.html,/blog/how-to-bet-nations-championship-2026.html,How to Bet on the Nations Championship 2026 — Your Springboks Betting Guide
blog/weekend-rugby-accumulator-guide-february-21-2026.html,/blog/category-rugby.html,Rugby
blog/weekend-rugby-accumulator-guide-february-21-2026.html,/blog/urc-playoffs-betting-guide.html,URC Playoffs Betting Guide for South Africans | BetSorted
blog/weekend-rugby-accumulator-guide-february-21-2026.html,/blog/springboks-july-tests-2026-betting-calculator-guide.html,Springboks July Tests 2026: Betting Calculator Guide for South Africans
blog/weekend-rugby-accumulator-guide-february-21-2026.html,/blog/,← Back to Blog
blog/weekend-rugby-accumulator-guide-february-21-2026.html,/about.html,About
blog/weekend-rugby-accumulator-guide-february-21-2026.html,/editorial-policy.html,Editorial Policy
blog/weekend-rugby-accumulator-guide-february-21-2026.html,/responsible-gambling.html,Responsible Gambling
blog/weekend-rugby-accumulator-guide-february-21-2026.html,/privacy.html,Privacy
blog/weekend-rugby-accumulator-guide-february-21-2026.html,/contact.html,Contact
blog/weekend-rugby-accumulator-guide-february-21-2026.html,/blog/,Blog
blog/weekend-rugby-accumulator-guide-february-21-2026.html,/blog/category-bookmaker-comparisons.html,Bookmaker Comparisons
blog/weekend-rugby-accumulator-strategy-currie-cup-2026.html,/,BetSorted
blog/weekend-rugby-accumulator-strategy-currie-cup-2026.html,/#comparison,Compare
blog/weekend-rugby-accumulator-strategy-currie-cup-2026.html,/bookmakers/,Bookmakers
blog/weekend-rugby-accumulator-strategy-currie-cup-2026.html,/glossary.html,Glossary
blog/weekend-rugby-accumulator-strategy-currie-cup-2026.html,/calculators.html,Calculators
blog/weekend-rugby-accumulator-strategy-currie-cup-2026.html,/blog/,Blog
blog/weekend-rugby-accumulator-strategy-currie-cup-2026.html,/psl-match-centre.html,⚽ PSL Live
blog/weekend-rugby-accumulator-strategy-currie-cup-2026.html,/prediction-markets.html,💰 Smart Money
blog/weekend-rugby-accumulator-strategy-currie-cup-2026.html,/,Home
blog/weekend-rugby-accumulator-strategy-currie-cup-2026.html,/blog/,Blog
blog/weekend-rugby-accumulator-strategy-currie-cup-2026.html,/accumulator-calculator.html,BetSorted accumulator calculator
blog/weekend-rugby-accumulator-strategy-currie-cup-2026.html,/accumulator-calculator.html,Use the accumulator calculator
blog/weekend-sa-accumulator-tips-april-12-2026.html,/,BetSorted
blog/weekend-sa-accumulator-tips-april-12-2026.html,/#comparison,Compare
blog/weekend-sa-accumulator-tips-april-12-2026.html,/bookmakers/,Bookmakers
blog/weekend-sa-accumulator-tips-april-12-2026.html,/glossary.html,Glossary
blog/weekend-sa-accumulator-tips-april-12-2026.html,/calculators.html,Calculators
blog/weekend-sa-accumulator-tips-april-12-2026.html,/blog/,Blog
blog/weekend-sa-accumulator-tips-april-12-2026.html,/psl-match-centre.html,⚽ PSL Live
blog/weekend-sa-accumulator-tips-april-12-2026.html,/prediction-markets.html,💰 Smart Money
blog/weekend-sa-accumulator-tips-april-12-2026.html,/,Home
blog/weekend-sa-accumulator-tips-april-12-2026.html,/blog/,Blog
blog/weekend-sa-accumulator-tips-april-12-2026.html,/calculators.html,free accumulator calculator
blog/weekend-sa-accumulator-tips-april-12-2026.html,/calculators.html,Model it here →
blog/weekend-sa-accumulator-tips-april-12-2026.html,/calculators.html,Calculate returns →
blog/weekend-sa-accumulator-tips-april-12-2026.html,/calculators.html,Model your stake →
blog/weekend-sa-accumulator-tips-april-12-2026.html,/odds-comparison.html,odds comparison tool
blog/weekend-sa-accumulator-tips-april-12-2026.html,/calculators.html,Try the BetSorted Acca Calculator →
blog/weekend-sa-accumulator-tips-april-12-2026.html,/blog/psl-title-race-betting-guide.html,← Match-by-Match PSL Preview
blog/weekend-sa-accumulator-tips-april-12-2026.html,/blog/mtn8-betting-guide-south-africa-2026.html,MTN8 Betting Guide South Africa 2026: How to Bet PSL Cup Football Without Guessing
blog/weekend-sa-accumulator-tips-april-12-2026.html,/blog/nedbank-cup-betting-guide.html,Nedbank Cup Betting Guide for South Africans | BetSorted
blog/weekend-sa-accumulator-tips-april-12-2026.html,/blog/category-psl.html,PSL
blog/weekend-sa-accumulator-tips-april-12-2026.html,/blog/psl-playoffs-2026-betting-guide.html,"PSL Playoffs 2026 Betting Guide — Top 8 Odds, Predictions &amp; Best Bookmakers"
blog/weekend-sa-accumulator-tips-april-12-2026.html,/responsible-gambling.html,Responsible Gambling
blog/weekend-sa-accumulator-tips-april-12-2026.html,/privacy.html,Privacy
blog/weekend-sa-accumulator-tips-april-12-2026.html,/about.html,About
blog/weekend-sa-accumulator-tips-april-12-2026.html,/about.html,About
blog/weekend-sa-accumulator-tips-april-12-2026.html,/editorial-policy.html,Editorial Policy
blog/weekend-sa-accumulator-tips-april-12-2026.html,/responsible-gambling.html,Responsible Gambling
blog/weekend-sa-accumulator-tips-april-12-2026.html,/privacy.html,Privacy
blog/weekend-sa-accumulator-tips-april-12-2026.html,/contact.html,Contact
blog/weekend-sa-accumulator-tips-april-12-2026.html,/blog/,Blog
blog/weekend-sa-accumulator-tips-april-12-2026.html,/blog/category-bookmaker-comparisons.html,Bookmaker Comparisons
blog/withdrawal-times-south-africa-bookmakers-2026.html,/,BetSorted
blog/withdrawal-times-south-africa-bookmakers-2026.html,/#comparison,Compare
blog/withdrawal-times-south-africa-bookmakers-2026.html,/bookmakers/,Bookmakers
blog/withdrawal-times-south-africa-bookmakers-2026.html,/glossary.html,Glossary
blog/withdrawal-times-south-africa-bookmakers-2026.html,/calculators.html,Calculators
blog/withdrawal-times-south-africa-bookmakers-2026.html,/blog/,Blog
blog/withdrawal-times-south-africa-bookmakers-2026.html,/psl-match-centre.html,⚽ PSL Live
blog/withdrawal-times-south-africa-bookmakers-2026.html,/prediction-markets.html,💰 Smart Money
blog/withdrawal-times-south-africa-bookmakers-2026.html,/,Home
blog/withdrawal-times-south-africa-bookmakers-2026.html,/blog/,Blog
blog/withdrawal-times-south-africa-bookmakers-2026.html,/#comparison,bookmaker comparison tool
blog/withdrawal-times-south-africa-bookmakers-2026.html,/#comparison,comparison tool
blog/withdrawal-times-south-africa-bookmakers-2026.html,/calculators.html,betting calculators
blog/withdrawal-times-south-africa-bookmakers-2026.html,/calculators.html,Betting Calculators →
blog/withdrawal-times-south-africa-bookmakers-2026.html,/blog/betting-tax-south-africa-2026.html,Betting Tax South Africa 2026: Are Your Winnings Taxed?
blog/withdrawal-times-south-africa-bookmakers-2026.html,/blog/category-payments-fica.html,Payments &amp; FICA
blog/withdrawal-times-south-africa-bookmakers-2026.html,/blog/fastest-paying-bookmakers-south-africa-may-2026.html,Fastest Paying Bookmakers in South Africa: May 2026 Withdrawal Guide
blog/withdrawal-times-south-africa-bookmakers-2026.html,/blog/fica-verification-guide-south-africa-2026.html,How to FICA Verify Your Betting Account in South Africa (2026 Guide)
blog/withdrawal-times-south-africa-bookmakers-2026.html,/about.html,About
blog/withdrawal-times-south-africa-bookmakers-2026.html,/editorial-policy.html,Editorial Policy
blog/withdrawal-times-south-africa-bookmakers-2026.html,/responsible-gambling.html,Responsible Gambling
blog/withdrawal-times-south-africa-bookmakers-2026.html,/privacy.html,Privacy
blog/withdrawal-times-south-africa-bookmakers-2026.html,/contact.html,Contact
blog/withdrawal-times-south-africa-bookmakers-2026.html,/blog/,Blog
blog/withdrawal-times-south-africa-bookmakers-2026.html,/blog/category-bookmaker-comparisons.html,Bookmaker Comparisons
blog/world-cup-2026-betting-lessons-south-africa.html,/,BetSorted
blog/world-cup-2026-betting-lessons-south-africa.html,/#comparison,Compare
blog/world-cup-2026-betting-lessons-south-africa.html,/bookmakers/,Bookmakers
blog/world-cup-2026-betting-lessons-south-africa.html,/glossary.html,Glossary
blog/world-cup-2026-betting-lessons-south-africa.html,/calculators.html,Calculators
blog/world-cup-2026-betting-lessons-south-africa.html,/blog/,Blog
blog/world-cup-2026-betting-lessons-south-africa.html,/psl-match-centre.html,⚽ PSL Live
blog/world-cup-2026-betting-lessons-south-africa.html,/prediction-markets.html,💰 Smart Money
blog/world-cup-2026-betting-lessons-south-africa.html,/,Home
blog/world-cup-2026-betting-lessons-south-africa.html,/blog/,Blog
blog/world-cup-2026-betting-lessons-south-africa.html,/blog/,Back to Blog
blog/world-cup-2026-betting-lessons-south-africa.html,/odds-comparison.html,odds comparison tool
blog/world-cup-2026-betting-lessons-south-africa.html,/betting-calculator.html,betting calculator
blog/world-cup-2026-betting-lessons-south-africa.html,/accumulator-calculator.html,accumulator calculator
blog/world-cup-2026-betting-lessons-south-africa.html,/odds-converter.html,odds converter
blog/world-cup-2026-betting-lessons-south-africa.html,/odds-comparison.html,odds comparison page
blog/world-cup-2026-betting-lessons-south-africa.html,/accumulator-calculator.html,accumulator calculator
blog/world-cup-2026-betting-lessons-south-africa.html,/value-bet-calculator.html,value bet calculator
blog/world-cup-2026-betting-lessons-south-africa.html,/blog/best-bookmakers-world-cup-2026-south-africa.html,best World Cup bookmakers guide
blog/world-cup-2026-betting-lessons-south-africa.html,/blog/best-psl-betting-site-2026.html,PSL bookmaker guide
blog/world-cup-2026-betting-lessons-south-africa.html,/blog/withdrawal-times-south-africa-bookmakers-2026.html,withdrawal times guide
blog/world-cup-2026-betting-lessons-south-africa.html,/odds-comparison.html,Odds Comparison
blog/world-cup-2026-betting-lessons-south-africa.html,/odds-converter.html,Odds Converter
blog/world-cup-2026-betting-lessons-south-africa.html,/betting-calculator.html,Betting Calculator
blog/world-cup-2026-betting-lessons-south-africa.html,/accumulator-calculator.html,Accumulator Calculator
blog/world-cup-2026-betting-lessons-south-africa.html,/value-bet-calculator.html,Value Bet Calculator
blog/world-cup-2026-betting-lessons-south-africa.html,/blog/fifa-world-cup-2026-betting-guide-south-africa.html,FIFA World Cup 2026 Betting Guide for South Africa
blog/world-cup-2026-betting-lessons-south-africa.html,/blog/best-bookmakers-world-cup-2026-south-africa.html,Best Bookmakers for FIFA World Cup 2026 in South Africa
blog/world-cup-2026-betting-lessons-south-africa.html,/blog/world-cup-2026-group-stage-results-sa-betting-guide.html,World Cup 2026 Group Stage Betting Guide
blog/world-cup-2026-betting-lessons-south-africa.html,/blog/same-game-multi-psl-bafana-rugby-guide-2026.html,"Same Game Multi Guide for PSL, Bafana and Rugby"
blog/world-cup-2026-betting-lessons-south-africa.html,/blog/category-world-cup.html,More World Cup betting guides
blog/world-cup-2026-betting-lessons-south-africa.html,/about.html,About
blog/world-cup-2026-betting-lessons-south-africa.html,/editorial-policy.html,Editorial Policy
blog/world-cup-2026-betting-lessons-south-africa.html,/responsible-gambling.html,Responsible Gambling
blog/world-cup-2026-betting-lessons-south-africa.html,/privacy.html,Privacy
blog/world-cup-2026-betting-lessons-south-africa.html,/contact.html,Contact
blog/world-cup-2026-betting-lessons-south-africa.html,/blog/,Blog
blog/world-cup-2026-betting-lessons-south-africa.html,/blog/category-bookmaker-comparisons.html,Bookmaker Comparisons
blog/world-cup-2026-group-stage-results-sa-betting-guide.html,/,BetSorted
blog/world-cup-2026-group-stage-results-sa-betting-guide.html,/#comparison,Compare
blog/world-cup-2026-group-stage-results-sa-betting-guide.html,/bookmakers/,Bookmakers
blog/world-cup-2026-group-stage-results-sa-betting-guide.html,/glossary.html,Glossary
blog/world-cup-2026-group-stage-results-sa-betting-guide.html,/calculators.html,Calculators
blog/world-cup-2026-group-stage-results-sa-betting-guide.html,/blog/,Blog
blog/world-cup-2026-group-stage-results-sa-betting-guide.html,/psl-match-centre.html,⚽ PSL Live
blog/world-cup-2026-group-stage-results-sa-betting-guide.html,/prediction-markets.html,💰 Smart Money
blog/world-cup-2026-group-stage-results-sa-betting-guide.html,/,Home
blog/world-cup-2026-group-stage-results-sa-betting-guide.html,/blog/,Blog
blog/world-cup-2026-group-stage-results-sa-betting-guide.html,/,⚽ BetSorted
blog/world-cup-2026-group-stage-results-sa-betting-guide.html,/blog/,Blog
blog/world-cup-2026-group-stage-results-sa-betting-guide.html,/accumulator-calculator.html,Use BetSorted's accumulator calculator
blog/world-cup-2026-group-stage-results-sa-betting-guide.html,/blog/betway-review-south-africa-2026.html,Betway
blog/world-cup-2026-group-stage-results-sa-betting-guide.html,/blog/hollywoodbets-review-south-africa-2026.html,Hollywoodbets
blog/world-cup-2026-group-stage-results-sa-betting-guide.html,/blog/wsb-review-south-africa-2026.html,World Sports Betting (WSB)
blog/world-cup-2026-group-stage-results-sa-betting-guide.html,/blog/supabets-review-south-africa-2026.html,Supabets
blog/world-cup-2026-group-stage-results-sa-betting-guide.html,/blog/gbets-review-south-africa-2026.html,GBets
blog/world-cup-2026-group-stage-results-sa-betting-guide.html,/accumulator-calculator.html,here
blog/world-cup-2026-group-stage-results-sa-betting-guide.html,/bankroll-tracker.html,BetSorted's bankroll tracker
blog/world-cup-2026-group-stage-results-sa-betting-guide.html,/blog/bafana-world-cup-betting-guide.html,full preview here
blog/world-cup-2026-group-stage-results-sa-betting-guide.html,/accumulator-calculator.html,Acca Calculator
blog/world-cup-2026-group-stage-results-sa-betting-guide.html,/odds-comparison.html,Odds Comparison
blog/world-cup-2026-group-stage-results-sa-betting-guide.html,/value-bet-calculator.html,Value Bet Finder
blog/world-cup-2026-group-stage-results-sa-betting-guide.html,/bankroll-tracker.html,Bankroll Tracker
blog/world-cup-2026-group-stage-results-sa-betting-guide.html,/responsible-gambling.html,Our full responsible gambling policy
blog/world-cup-2026-group-stage-results-sa-betting-guide.html,/blog/bafana-world-cup-betting-guide.html,Bafana World Cup Betting Guide for South Africans | BetSorted
blog/world-cup-2026-group-stage-results-sa-betting-guide.html,/blog/category-world-cup.html,World Cup
blog/world-cup-2026-group-stage-results-sa-betting-guide.html,/blog/fifa-world-cup-2026-betting-guide-south-africa.html,FIFA World Cup 2026 Betting Guide: Everything SA Punters Need to Know
blog/world-cup-2026-group-stage-results-sa-betting-guide.html,/blog/proteas-womens-t20-world-cup-betting-guide-2026.html,Proteas Women T20 World Cup Betting Guide 2026
blog/world-cup-2026-group-stage-results-sa-betting-guide.html,/about.html,About
blog/world-cup-2026-group-stage-results-sa-betting-guide.html,/contact.html,Contact
blog/world-cup-2026-group-stage-results-sa-betting-guide.html,/responsible-gambling.html,Responsible Gambling
blog/world-cup-2026-group-stage-results-sa-betting-guide.html,/privacy.html,Privacy
blog/world-cup-2026-group-stage-results-sa-betting-guide.html,/about.html,About
blog/world-cup-2026-group-stage-results-sa-betting-guide.html,/editorial-policy.html,Editorial Policy
blog/world-cup-2026-group-stage-results-sa-betting-guide.html,/responsible-gambling.html,Responsible Gambling
blog/world-cup-2026-group-stage-results-sa-betting-guide.html,/privacy.html,Privacy
blog/world-cup-2026-group-stage-results-sa-betting-guide.html,/contact.html,Contact
blog/world-cup-2026-group-stage-results-sa-betting-guide.html,/blog/,Blog
blog/world-cup-2026-group-stage-results-sa-betting-guide.html,/blog/category-bookmaker-comparisons.html,Bookmaker Comparisons
blog/world-cup-2026-round-of-32-betting-guide-south-africa.html,/,BetSorted
blog/world-cup-2026-round-of-32-betting-guide-south-africa.html,/#comparison,Compare
blog/world-cup-2026-round-of-32-betting-guide-south-africa.html,/bookmakers/,Bookmakers
blog/world-cup-2026-round-of-32-betting-guide-south-africa.html,/glossary.html,Glossary
blog/world-cup-2026-round-of-32-betting-guide-south-africa.html,/calculators.html,Calculators
blog/world-cup-2026-round-of-32-betting-guide-south-africa.html,/blog/,Blog
blog/world-cup-2026-round-of-32-betting-guide-south-africa.html,/psl-match-centre.html,⚽ PSL Live
blog/world-cup-2026-round-of-32-betting-guide-south-africa.html,/prediction-markets.html,💰 Smart Money
blog/world-cup-2026-round-of-32-betting-guide-south-africa.html,/blog/bafana-world-cup-betting-guide.html,Click here
blog/world-cup-2026-week-2-betting-tips-south-africa-june-18-22.html,/,BetSorted
blog/world-cup-2026-week-2-betting-tips-south-africa-june-18-22.html,/#comparison,Compare
blog/world-cup-2026-week-2-betting-tips-south-africa-june-18-22.html,/bookmakers/,Bookmakers
blog/world-cup-2026-week-2-betting-tips-south-africa-june-18-22.html,/glossary.html,Glossary
blog/world-cup-2026-week-2-betting-tips-south-africa-june-18-22.html,/calculators.html,Calculators
blog/world-cup-2026-week-2-betting-tips-south-africa-june-18-22.html,/blog/,Blog
blog/world-cup-2026-week-2-betting-tips-south-africa-june-18-22.html,/psl-match-centre.html,⚽ PSL Live
blog/world-cup-2026-week-2-betting-tips-south-africa-june-18-22.html,/prediction-markets.html,💰 Smart Money
blog/world-cup-2026-week-2-betting-tips-south-africa-june-18-22.html,/blog/bafana-world-cup-betting-guide.html,Click here
blog/world-cup-2026-weekend-betting-preview-june-13-14.html,/,BetSorted
blog/world-cup-2026-weekend-betting-preview-june-13-14.html,/#comparison,Compare
blog/world-cup-2026-weekend-betting-preview-june-13-14.html,/bookmakers/,Bookmakers
blog/world-cup-2026-weekend-betting-preview-june-13-14.html,/glossary.html,Glossary
blog/world-cup-2026-weekend-betting-preview-june-13-14.html,/calculators.html,Calculators
blog/world-cup-2026-weekend-betting-preview-june-13-14.html,/blog/,Blog
blog/world-cup-2026-weekend-betting-preview-june-13-14.html,/psl-match-centre.html,⚽ PSL Live
blog/world-cup-2026-weekend-betting-preview-june-13-14.html,/prediction-markets.html,💰 Smart Money
blog/world-cup-2026-weekend-betting-preview-june-13-14.html,/blog/bafana-world-cup-betting-guide.html,Click here
blog/world-sports-betting-vs-sportingbet-south-africa-2026.html,/,BetSorted
blog/world-sports-betting-vs-sportingbet-south-africa-2026.html,/#comparison,Compare
blog/world-sports-betting-vs-sportingbet-south-africa-2026.html,/bookmakers/,Bookmakers
blog/world-sports-betting-vs-sportingbet-south-africa-2026.html,/glossary.html,Glossary
blog/world-sports-betting-vs-sportingbet-south-africa-2026.html,/calculators.html,Calculators
blog/world-sports-betting-vs-sportingbet-south-africa-2026.html,/blog/,Blog
blog/world-sports-betting-vs-sportingbet-south-africa-2026.html,/psl-match-centre.html,⚽ PSL Live
blog/world-sports-betting-vs-sportingbet-south-africa-2026.html,/prediction-markets.html,💰 Smart Money
blog/world-sports-betting-vs-sportingbet-south-africa-2026.html,/blog/sportingbet-vs-world-sports-betting-rugby-cricket-june-2026.html,Click here
blog/wsb-review-south-africa-2026.html,/,BetSorted
blog/wsb-review-south-africa-2026.html,/#comparison,Compare
blog/wsb-review-south-africa-2026.html,/bookmakers/,Bookmakers
blog/wsb-review-south-africa-2026.html,/glossary.html,Glossary
blog/wsb-review-south-africa-2026.html,/calculators.html,Calculators
blog/wsb-review-south-africa-2026.html,/blog/,Blog
blog/wsb-review-south-africa-2026.html,/psl-match-centre.html,⚽ PSL Live
blog/wsb-review-south-africa-2026.html,/prediction-markets.html,💰 Smart Money
blog/wsb-review-south-africa-2026.html,/,Home
blog/wsb-review-south-africa-2026.html,/bookmakers/,Bookmakers
blog/wsb-review-south-africa-2026.html,/bookmakers/world-sports-betting-login.html,World Sports Betting login guide
blog/wsb-review-south-africa-2026.html,/bookmakers/world-sports-betting-app.html,World Sports Betting app guide
blog/wsb-review-south-africa-2026.html,/bookmakers/world-sports-betting-psl-betting.html,World Sports Betting PSL betting
blog/wsb-review-south-africa-2026.html,/bookmakers/world-sports-betting-rugby-betting.html,World Sports Betting Rugby betting
blog/wsb-review-south-africa-2026.html,/bookmakers/world-sports-betting-cricket-betting.html,World Sports Betting Cricket betting
blog/wsb-review-south-africa-2026.html,/glossary.html,South Africa betting glossary
blog/wsb-review-south-africa-2026.html,/bookmakers/,Bookmakers hub
blog/wsb-review-south-africa-2026.html,/odds-comparison.html,odds comparison page
blog/wsb-review-south-africa-2026.html,/betting-calculator.html,betting calculator
blog/wsb-review-south-africa-2026.html,/blog/best-psl-betting-site-2026.html,best PSL betting sites
blog/wsb-review-south-africa-2026.html,/odds-comparison.html,odds comparison tool
blog/wsb-review-south-africa-2026.html,/betting-calculator.html,betting calculator
blog/wsb-review-south-africa-2026.html,/blog/instant-eft-betting-payments-south-africa.html,Instant EFT
blog/wsb-review-south-africa-2026.html,/blog/ozow-betting-payments-south-africa.html,Ozow
blog/wsb-review-south-africa-2026.html,/best-odds-finder.html,best odds finder
blog/wsb-review-south-africa-2026.html,/blog/fastest-paying-bookmakers-south-africa-2026.html,fastest paying bookmakers in South Africa
blog/wsb-review-south-africa-2026.html,/blog/betway-vs-hollywoodbets.html,Betway vs Hollywoodbets comparison
blog/wsb-review-south-africa-2026.html,/blog/hollywoodbets-vs-supabets-2026.html,Hollywoodbets vs Supabets
blog/wsb-review-south-africa-2026.html,/blog/easybet-vs-world-sports-betting-psl-2026.html,Easybet vs WSB for PSL
blog/wsb-review-south-africa-2026.html,/accumulator-calculator.html,accumulator calculator
blog/wsb-review-south-africa-2026.html,/betting-calculator.html,betting calculator
blog/wsb-review-south-africa-2026.html,/blog/,← Back to Blog
blog/wsb-vs-hollywoodbets-south-africa-2026.html,/blog/hollywoodbets-review-south-africa-2026.html,Hollywoodbets
blog/wsb-vs-hollywoodbets-south-africa-2026.html,/,BetSorted
blog/wsb-vs-hollywoodbets-south-africa-2026.html,/#comparison,Compare
blog/wsb-vs-hollywoodbets-south-africa-2026.html,/bookmakers/,Bookmakers
blog/wsb-vs-hollywoodbets-south-africa-2026.html,/glossary.html,Glossary
blog/wsb-vs-hollywoodbets-south-africa-2026.html,/calculators.html,Calculators
blog/wsb-vs-hollywoodbets-south-africa-2026.html,/blog/,Blog
blog/wsb-vs-hollywoodbets-south-africa-2026.html,/psl-match-centre.html,⚽ PSL Live
blog/wsb-vs-hollywoodbets-south-africa-2026.html,/prediction-markets.html,💰 Smart Money
blog/wsb-vs-hollywoodbets-south-africa-2026.html,/,Home
blog/wsb-vs-hollywoodbets-south-africa-2026.html,/blog/,Blog
blog/wsb-vs-hollywoodbets-south-africa-2026.html,/blog/,← Back to Blog
blog/wsb-vs-hollywoodbets-south-africa-2026.html,/blog/wsb-review-south-africa-2026.html,WSB
blog/wsb-vs-hollywoodbets-south-africa-2026.html,/betting-calculator.html,betting calculator
blog/wsb-vs-hollywoodbets-south-africa-2026.html,/odds-comparison.html,odds comparison page
blog/wsb-vs-hollywoodbets-south-africa-2026.html,/blog/betway-review-south-africa-2026.html,Betway
blog/wsb-vs-hollywoodbets-south-africa-2026.html,/accumulator-calculator.html,accumulator calculator
blog/wsb-vs-hollywoodbets-south-africa-2026.html,/blog/best-rugby-betting-sites-south-africa-2026.html,best rugby betting sites
blog/wsb-vs-hollywoodbets-south-africa-2026.html,/blog/horse-racing-betting-guide-south-africa-2026.html,complete horse racing betting guide
blog/wsb-vs-hollywoodbets-south-africa-2026.html,/blog/category-cricket.html,Proteas vs NZ T20I betting guide
blog/wsb-vs-hollywoodbets-south-africa-2026.html,/blog/fastest-paying-bookmakers-south-africa-2026.html,fastest paying bookmakers guide
blog/wsb-vs-hollywoodbets-south-africa-2026.html,/blog/best-betting-bonuses-south-africa-2026.html,best betting bonuses guide
blog/wsb-vs-hollywoodbets-south-africa-2026.html,/blog/live-betting-guide-south-africa-2026.html,live betting guide for SA
blog/wsb-vs-hollywoodbets-south-africa-2026.html,/blog/wsb-review-south-africa-2026.html,World Sports Betting
blog/wsb-vs-hollywoodbets-south-africa-2026.html,/blog/wsb-review-south-africa-2026.html,WSB review
blog/wsb-vs-hollywoodbets-south-africa-2026.html,/blog/hollywoodbets-review-south-africa-2026.html,Hollywoodbets review
blog/wsb-vs-hollywoodbets-south-africa-2026.html,/odds-comparison.html,odds comparison tool
blog/wsb-vs-hollywoodbets-south-africa-2026.html,/betting-calculator.html,betting calculator
blog/wsb-vs-hollywoodbets-south-africa-2026.html,/betting-calculator.html,betting calculator
blog/wsb-vs-hollywoodbets-south-africa-2026.html,/odds-comparison.html,odds comparison page
blog/wsb-vs-hollywoodbets-south-africa-2026.html,/accumulator-calculator.html,accumulator calculator
blog/wsb-vs-hollywoodbets-south-africa-2026.html,/blog/best-betway-alternatives-south-africa-june-2026.html,Best Betway Alternatives for South African Bettors (June 2026)
blog/wsb-vs-hollywoodbets-south-africa-2026.html,/blog/betfred-vs-10bet-south-africa-2026.html,Betfred vs 10bet South Africa 2026: International Bookmaker Showdown
blog/wsb-vs-hollywoodbets-south-africa-2026.html,/blog/category-bookmaker-comparisons.html,Bookmaker Comparisons
blog/wsb-vs-hollywoodbets-south-africa-2026.html,/blog/gbets-vs-10bet-south-africa-2026.html,Gbets vs 10bet South Africa 2026 — Which Bookmaker Wins?
blog/wsb-vs-hollywoodbets-south-africa-2026.html,/blog/,← Back to Blog
blog/wsb-vs-hollywoodbets-south-africa-2026.html,/about.html,About
blog/wsb-vs-hollywoodbets-south-africa-2026.html,/editorial-policy.html,Editorial Policy
blog/wsb-vs-hollywoodbets-south-africa-2026.html,/responsible-gambling.html,Responsible Gambling
blog/wsb-vs-hollywoodbets-south-africa-2026.html,/privacy.html,Privacy
blog/wsb-vs-hollywoodbets-south-africa-2026.html,/contact.html,Contact
blog/wsb-vs-hollywoodbets-south-africa-2026.html,/blog/,Blog
blog/wsb-vs-hollywoodbets-south-africa-2026.html,/blog/category-bookmaker-comparisons.html,Bookmaker Comparisons
blog/yesplay-review-south-africa-2026.html,/,BetSorted
blog/yesplay-review-south-africa-2026.html,/#comparison,Compare
blog/yesplay-review-south-africa-2026.html,/bookmakers/,Bookmakers
blog/yesplay-review-south-africa-2026.html,/glossary.html,Glossary
blog/yesplay-review-south-africa-2026.html,/calculators.html,Calculators
blog/yesplay-review-south-africa-2026.html,/blog/,Blog
blog/yesplay-review-south-africa-2026.html,/psl-match-centre.html,⚽ PSL Live
blog/yesplay-review-south-africa-2026.html,/prediction-markets.html,💰 Smart Money
blog/yesplay-review-south-africa-2026.html,/,Home
blog/yesplay-review-south-africa-2026.html,/blog/,Blog
blog/yesplay-review-south-africa-2026.html,/accumulator-calculator.html,accumulator calculator
blog/yesplay-review-south-africa-2026.html,/blog/best-betting-sites-beginners-south-africa-2026.html,All SA Bookmaker Comparisons
blog/yesplay-review-south-africa-2026.html,/betting-calculator.html,betting calculator
blog/yesplay-review-south-africa-2026.html,/blog/betmaster-review-south-africa-2026.html,Betmaster Review South Africa 2026 — Is It Worth Signing Up?
blog/yesplay-review-south-africa-2026.html,/blog/category-bookmaker-reviews.html,Bookmaker Reviews
blog/yesplay-review-south-africa-2026.html,/blog/lottostar-review-south-africa-2026.html,"LottoStar Review South Africa (2026): Lucky Numbers, Virtual Games & Sports Betting"
blog/yesplay-review-south-africa-2026.html,/blog/new-betting-sites-south-africa-april-2026.html,New Betting Sites South Africa April 2026 — Latest Bookmakers Reviewed
blog/yesplay-review-south-africa-2026.html,/responsible-gambling.html,Responsible Gambling
blog/yesplay-review-south-africa-2026.html,/editorial-policy.html,Editorial Policy
blog/yesplay-review-south-africa-2026.html,/about.html,About
blog/yesplay-vs-10bet-south-africa-2026.html,/,BetSorted
blog/yesplay-vs-10bet-south-africa-2026.html,/#comparison,Compare
blog/yesplay-vs-10bet-south-africa-2026.html,/bookmakers/,Bookmakers
blog/yesplay-vs-10bet-south-africa-2026.html,/glossary.html,Glossary
blog/yesplay-vs-10bet-south-africa-2026.html,/calculators.html,Calculators
blog/yesplay-vs-10bet-south-africa-2026.html,/blog/,Blog
blog/yesplay-vs-10bet-south-africa-2026.html,/psl-match-centre.html,⚽ PSL Live
blog/yesplay-vs-10bet-south-africa-2026.html,/prediction-markets.html,💰 Smart Money
blog/yesplay-vs-10bet-south-africa-2026.html,/,Home
blog/yesplay-vs-10bet-south-africa-2026.html,/blog/,Blog
blog/yesplay-vs-10bet-south-africa-2026.html,/blog/,← Back to Blog
blog/yesplay-vs-10bet-south-africa-2026.html,/blog/wsb-review-south-africa-2026.html,World Sports Betting
blog/yesplay-vs-10bet-south-africa-2026.html,/betting-calculator.html,betting calculator
blog/yesplay-vs-10bet-south-africa-2026.html,/odds-comparison.html,odds comparison page
blog/yesplay-vs-10bet-south-africa-2026.html,/odds-comparison.html,live odds comparison
blog/yesplay-vs-10bet-south-africa-2026.html,/blog/betway-review-south-africa-2026.html,Betway
blog/yesplay-vs-10bet-south-africa-2026.html,/blog/betway-review-south-africa-2026.html,Betway
blog/yesplay-vs-10bet-south-africa-2026.html,/psl-match-centre.html,PSL Match Centre
blog/yesplay-vs-10bet-south-africa-2026.html,/blog/yesplay-review-south-africa-2026.html,YesPlay review
blog/yesplay-vs-10bet-south-africa-2026.html,/blog/10bet-review-south-africa-2026.html,10bet review
blog/yesplay-vs-10bet-south-africa-2026.html,/betting-calculator.html,betting calculator
blog/yesplay-vs-10bet-south-africa-2026.html,/odds-comparison.html,odds comparison page
blog/yesplay-vs-10bet-south-africa-2026.html,/odds-comparison.html,odds comparison page
blog/yesplay-vs-10bet-south-africa-2026.html,/blog/best-betway-alternatives-south-africa-june-2026.html,Best Betway Alternatives for South African Bettors (June 2026)
blog/yesplay-vs-10bet-south-africa-2026.html,/blog/betfred-vs-10bet-south-africa-2026.html,Betfred vs 10bet South Africa 2026: International Bookmaker Showdown
blog/yesplay-vs-10bet-south-africa-2026.html,/blog/category-bookmaker-comparisons.html,Bookmaker Comparisons
blog/yesplay-vs-10bet-south-africa-2026.html,/blog/gbets-vs-10bet-south-africa-2026.html,Gbets vs 10bet South Africa 2026 — Which Bookmaker Wins?
blog/yesplay-vs-10bet-south-africa-2026.html,/blog/,← Back to Blog
blog/yesplay-vs-10bet-south-africa-2026.html,/about.html,About
blog/yesplay-vs-10bet-south-africa-2026.html,/editorial-policy.html,Editorial Policy
blog/yesplay-vs-10bet-south-africa-2026.html,/responsible-gambling.html,Responsible Gambling
blog/yesplay-vs-10bet-south-africa-2026.html,/privacy.html,Privacy
blog/yesplay-vs-10bet-south-africa-2026.html,/contact.html,Contact
blog/yesplay-vs-10bet-south-africa-2026.html,/blog/,Blog
blog/yesplay-vs-10bet-south-africa-2026.html,/blog/category-bookmaker-comparisons.html,Bookmaker Comparisons
blog/yesplay-vs-betway-south-africa-2026.html,/,BetSorted
blog/yesplay-vs-betway-south-africa-2026.html,/#comparison,Compare
blog/yesplay-vs-betway-south-africa-2026.html,/bookmakers/,Bookmakers
blog/yesplay-vs-betway-south-africa-2026.html,/glossary.html,Glossary
blog/yesplay-vs-betway-south-africa-2026.html,/calculators.html,Calculators
blog/yesplay-vs-betway-south-africa-2026.html,/blog/,Blog
blog/yesplay-vs-betway-south-africa-2026.html,/psl-match-centre.html,⚽ PSL Live
blog/yesplay-vs-betway-south-africa-2026.html,/prediction-markets.html,💰 Smart Money
blog/yesplay-vs-betway-south-africa-2026.html,/,Home
blog/yesplay-vs-betway-south-africa-2026.html,/blog/,Blog
blog/yesplay-vs-betway-south-africa-2026.html,/blog/,← Back to Blog
blog/yesplay-vs-betway-south-africa-2026.html,/blog/betway-review-south-africa-2026.html,Betway
blog/yesplay-vs-betway-south-africa-2026.html,/odds-comparison.html,odds comparison page
blog/yesplay-vs-betway-south-africa-2026.html,/betting-calculator.html,betting calculator
blog/yesplay-vs-betway-south-africa-2026.html,/odds-comparison.html,odds comparison page
blog/yesplay-vs-betway-south-africa-2026.html,/betting-calculator.html,betting calculator
blog/yesplay-vs-betway-south-africa-2026.html,/accumulator-calculator.html,accumulator calculator
blog/yesplay-vs-betway-south-africa-2026.html,/bankroll-tracker.html,bankroll tracker
blog/yesplay-vs-betway-south-africa-2026.html,/blog/best-betway-alternatives-south-africa-june-2026.html,Best Betway Alternatives for South African Bettors (June 2026)
blog/yesplay-vs-betway-south-africa-2026.html,/blog/betfred-vs-10bet-south-africa-2026.html,Betfred vs 10bet South Africa 2026: International Bookmaker Showdown
blog/yesplay-vs-betway-south-africa-2026.html,/blog/category-bookmaker-comparisons.html,Bookmaker Comparisons
blog/yesplay-vs-betway-south-africa-2026.html,/blog/gbets-vs-10bet-south-africa-2026.html,Gbets vs 10bet South Africa 2026 — Which Bookmaker Wins?
blog/yesplay-vs-betway-south-africa-2026.html,/blog/,← Back to Blog
blog/yesplay-vs-betway-south-africa-2026.html,/about.html,About
blog/yesplay-vs-betway-south-africa-2026.html,/editorial-policy.html,Editorial Policy
blog/yesplay-vs-betway-south-africa-2026.html,/responsible-gambling.html,Responsible Gambling
blog/yesplay-vs-betway-south-africa-2026.html,/privacy.html,Privacy
blog/yesplay-vs-betway-south-africa-2026.html,/contact.html,Contact
blog/yesplay-vs-betway-south-africa-2026.html,/blog/,Blog
blog/yesplay-vs-betway-south-africa-2026.html,/blog/category-bookmaker-comparisons.html,Bookmaker Comparisons
blog/yesplay-vs-easybet-south-africa-2026.html,/,BetSorted
blog/yesplay-vs-easybet-south-africa-2026.html,/#comparison,Compare
blog/yesplay-vs-easybet-south-africa-2026.html,/bookmakers/,Bookmakers
blog/yesplay-vs-easybet-south-africa-2026.html,/glossary.html,Glossary
blog/yesplay-vs-easybet-south-africa-2026.html,/calculators.html,Calculators
blog/yesplay-vs-easybet-south-africa-2026.html,/blog/,Blog
blog/yesplay-vs-easybet-south-africa-2026.html,/psl-match-centre.html,⚽ PSL Live
blog/yesplay-vs-easybet-south-africa-2026.html,/prediction-markets.html,💰 Smart Money
blog/yesplay-vs-easybet-south-africa-2026.html,/,Home
blog/yesplay-vs-easybet-south-africa-2026.html,/blog/,Blog
blog/yesplay-vs-easybet-south-africa-2026.html,/odds-comparison.html,odds comparison tool
blog/yesplay-vs-easybet-south-africa-2026.html,/betting-calculator.html,betting calculator
blog/yesplay-vs-easybet-south-africa-2026.html,/betting-calculator.html,betting calculator
blog/yesplay-vs-easybet-south-africa-2026.html,/odds-converter.html,odds converter
blog/yesplay-vs-easybet-south-africa-2026.html,/accumulator-calculator.html,accumulator calculator
blog/yesplay-vs-easybet-south-africa-2026.html,/bonus-comparison.html,bonus comparison tool
blog/yesplay-vs-easybet-south-africa-2026.html,/free-bet-calculator.html,free bet calculator
blog/yesplay-vs-easybet-south-africa-2026.html,/blog/kaizer-chiefs-betting-guide-2026.html,Kaizer Chiefs betting guide
blog/yesplay-vs-easybet-south-africa-2026.html,/blog/orlando-pirates-betting-guide-2026.html,Orlando Pirates betting guide
blog/yesplay-vs-easybet-south-africa-2026.html,/blog/psl-title-race-betting-guide.html,PSL season run-in betting guide
blog/yesplay-vs-easybet-south-africa-2026.html,/bonus-comparison.html,bonus comparison tool
blog/yesplay-vs-easybet-south-africa-2026.html,/value-bet-calculator.html,value bet calculator
blog/yesplay-vs-easybet-south-africa-2026.html,/blog/best-betting-bonuses-south-africa-2026.html,best betting bonuses guide
blog/yesplay-vs-easybet-south-africa-2026.html,/blog/yesplay-vs-supabets-south-africa-2026.html,YesPlay vs Supabets
blog/yesplay-vs-easybet-south-africa-2026.html,/blog/easybet-review-south-africa-2026.html,Easybet review
blog/yesplay-vs-easybet-south-africa-2026.html,/odds-comparison.html,odds comparison tool
blog/yesplay-vs-gbets-south-africa-2026.html,/,BetSorted
blog/yesplay-vs-gbets-south-africa-2026.html,/#comparison,Compare
blog/yesplay-vs-gbets-south-africa-2026.html,/bookmakers/,Bookmakers
blog/yesplay-vs-gbets-south-africa-2026.html,/glossary.html,Glossary
blog/yesplay-vs-gbets-south-africa-2026.html,/calculators.html,Calculators
blog/yesplay-vs-gbets-south-africa-2026.html,/blog/,Blog
blog/yesplay-vs-gbets-south-africa-2026.html,/psl-match-centre.html,⚽ PSL Live
blog/yesplay-vs-gbets-south-africa-2026.html,/prediction-markets.html,💰 Smart Money
blog/yesplay-vs-gbets-south-africa-2026.html,/,Home
blog/yesplay-vs-gbets-south-africa-2026.html,/blog/,Blog
blog/yesplay-vs-gbets-south-africa-2026.html,/blog/hollywoodbets-review-south-africa-2026.html,Hollywoodbets
blog/yesplay-vs-gbets-south-africa-2026.html,/blog/yesplay-review-south-africa-2026.html,YesPlay
blog/yesplay-vs-gbets-south-africa-2026.html,/blog/gbets-review-south-africa-2026.html,Gbets
blog/yesplay-vs-gbets-south-africa-2026.html,/odds-comparison.html,PSL odds comparison tool
blog/yesplay-vs-gbets-south-africa-2026.html,/odds-comparison.html,live odds comparison tool
blog/yesplay-vs-gbets-south-africa-2026.html,/bookmakers/,full bookmaker reviews
blog/yesplay-vs-gbets-south-africa-2026.html,/betting-calculator.html,betting calculator
blog/yesplay-vs-gbets-south-africa-2026.html,/blog/yesplay-review-south-africa-2026.html,YesPlay Review South Africa 2026 — Full Breakdown
blog/yesplay-vs-gbets-south-africa-2026.html,/blog/gbets-review-south-africa-2026.html,Gbets Review South Africa 2026 — Full Breakdown
blog/yesplay-vs-gbets-south-africa-2026.html,/blog/yesplay-vs-hollywoodbets-south-africa-2026.html,YesPlay vs Hollywoodbets 2026
blog/yesplay-vs-gbets-south-africa-2026.html,/blog/gbets-vs-hollywoodbets-south-africa-2026.html,Gbets vs Hollywoodbets 2026
blog/yesplay-vs-gbets-south-africa-2026.html,/blog/best-betting-bonuses-south-africa-2026.html,Best Betting Bonuses South Africa 2026
blog/yesplay-vs-gbets-south-africa-2026.html,/blog/lucky-numbers-betting-guide-south-africa-2026.html,Lucky Numbers Betting Guide South Africa 2026
blog/yesplay-vs-gbets-south-africa-2026.html,/blog/withdrawal-times-south-africa-bookmakers-2026.html,Withdrawal Times — SA Bookmakers Ranked 2026
blog/yesplay-vs-gbets-south-africa-2026.html,/blog/yesplay-review-south-africa-2026.html,← YesPlay Full Review
blog/yesplay-vs-gbets-south-africa-2026.html,/blog/,All Articles
blog/yesplay-vs-gbets-south-africa-2026.html,/blog/gbets-review-south-africa-2026.html,Gbets Full Review →
blog/yesplay-vs-gbets-south-africa-2026.html,/blog/best-betway-alternatives-south-africa-june-2026.html,Best Betway Alternatives for South African Bettors (June 2026)
blog/yesplay-vs-gbets-south-africa-2026.html,/blog/betfred-vs-10bet-south-africa-2026.html,Betfred vs 10bet South Africa 2026: International Bookmaker Showdown
blog/yesplay-vs-gbets-south-africa-2026.html,/blog/category-bookmaker-comparisons.html,Bookmaker Comparisons
blog/yesplay-vs-gbets-south-africa-2026.html,/blog/gbets-vs-10bet-south-africa-2026.html,Gbets vs 10bet South Africa 2026 — Which Bookmaker Wins?
blog/yesplay-vs-gbets-south-africa-2026.html,/responsible-gambling.html,Gamble Responsibly
blog/yesplay-vs-gbets-south-africa-2026.html,/about.html,About
blog/yesplay-vs-gbets-south-africa-2026.html,/editorial-policy.html,Editorial Policy
blog/yesplay-vs-gbets-south-africa-2026.html,/responsible-gambling.html,Responsible Gambling
blog/yesplay-vs-gbets-south-africa-2026.html,/privacy.html,Privacy
blog/yesplay-vs-gbets-south-africa-2026.html,/contact.html,Contact
blog/yesplay-vs-gbets-south-africa-2026.html,/blog/,Blog
blog/yesplay-vs-gbets-south-africa-2026.html,/blog/category-bookmaker-comparisons.html,Bookmaker Comparisons
blog/yesplay-vs-hollywoodbets-south-africa-2026.html,/,BetSorted
blog/yesplay-vs-hollywoodbets-south-africa-2026.html,/#comparison,Compare
blog/yesplay-vs-hollywoodbets-south-africa-2026.html,/bookmakers/,Bookmakers
blog/yesplay-vs-hollywoodbets-south-africa-2026.html,/glossary.html,Glossary
blog/yesplay-vs-hollywoodbets-south-africa-2026.html,/calculators.html,Calculators
blog/yesplay-vs-hollywoodbets-south-africa-2026.html,/blog/,Blog
blog/yesplay-vs-hollywoodbets-south-africa-2026.html,/psl-match-centre.html,⚽ PSL Live
blog/yesplay-vs-hollywoodbets-south-africa-2026.html,/prediction-markets.html,💰 Smart Money
blog/yesplay-vs-hollywoodbets-south-africa-2026.html,/,Home
blog/yesplay-vs-hollywoodbets-south-africa-2026.html,/blog/,Blog
blog/yesplay-vs-hollywoodbets-south-africa-2026.html,/blog/,← Back to Blog
blog/yesplay-vs-hollywoodbets-south-africa-2026.html,/blog/hollywoodbets-review-south-africa-2026.html,Hollywoodbets
blog/yesplay-vs-hollywoodbets-south-africa-2026.html,/odds-comparison.html,odds comparison tool
blog/yesplay-vs-hollywoodbets-south-africa-2026.html,/betting-calculator.html,betting calculator
blog/yesplay-vs-hollywoodbets-south-africa-2026.html,/each-way-calculator.html,each-way calculator
blog/yesplay-vs-hollywoodbets-south-africa-2026.html,/blog/betway-review-south-africa-2026.html,Betway
blog/yesplay-vs-hollywoodbets-south-africa-2026.html,/odds-comparison.html,odds comparison page
blog/yesplay-vs-hollywoodbets-south-africa-2026.html,/betting-calculator.html,betting calculator
blog/yesplay-vs-hollywoodbets-south-africa-2026.html,/accumulator-calculator.html,accumulator calculator
blog/yesplay-vs-hollywoodbets-south-africa-2026.html,/bankroll-tracker.html,bankroll tracker
blog/yesplay-vs-hollywoodbets-south-africa-2026.html,/blog/best-betway-alternatives-south-africa-june-2026.html,Best Betway Alternatives for South African Bettors (June 2026)
blog/yesplay-vs-hollywoodbets-south-africa-2026.html,/blog/betfred-vs-10bet-south-africa-2026.html,Betfred vs 10bet South Africa 2026: International Bookmaker Showdown
blog/yesplay-vs-hollywoodbets-south-africa-2026.html,/blog/category-bookmaker-comparisons.html,Bookmaker Comparisons
blog/yesplay-vs-hollywoodbets-south-africa-2026.html,/blog/gbets-vs-10bet-south-africa-2026.html,Gbets vs 10bet South Africa 2026 — Which Bookmaker Wins?
blog/yesplay-vs-hollywoodbets-south-africa-2026.html,/blog/,← Back to Blog
blog/yesplay-vs-hollywoodbets-south-africa-2026.html,/about.html,About
blog/yesplay-vs-hollywoodbets-south-africa-2026.html,/editorial-policy.html,Editorial Policy
blog/yesplay-vs-hollywoodbets-south-africa-2026.html,/responsible-gambling.html,Responsible Gambling
blog/yesplay-vs-hollywoodbets-south-africa-2026.html,/privacy.html,Privacy
blog/yesplay-vs-hollywoodbets-south-africa-2026.html,/contact.html,Contact
blog/yesplay-vs-hollywoodbets-south-africa-2026.html,/blog/,Blog
blog/yesplay-vs-hollywoodbets-south-africa-2026.html,/blog/category-bookmaker-comparisons.html,Bookmaker Comparisons
blog/yesplay-vs-playabets-south-africa-2026.html,/,BetSorted
blog/yesplay-vs-playabets-south-africa-2026.html,/#comparison,Compare
blog/yesplay-vs-playabets-south-africa-2026.html,/bookmakers/,Bookmakers
blog/yesplay-vs-playabets-south-africa-2026.html,/glossary.html,Glossary
blog/yesplay-vs-playabets-south-africa-2026.html,/calculators.html,Calculators
blog/yesplay-vs-playabets-south-africa-2026.html,/blog/,Blog
blog/yesplay-vs-playabets-south-africa-2026.html,/psl-match-centre.html,⚽ PSL Live
blog/yesplay-vs-playabets-south-africa-2026.html,/prediction-markets.html,💰 Smart Money
blog/yesplay-vs-playabets-south-africa-2026.html,/,Home
blog/yesplay-vs-playabets-south-africa-2026.html,/blog/,Blog
blog/yesplay-vs-playabets-south-africa-2026.html,/blog/hollywoodbets-review-south-africa-2026.html,Hollywoodbets
blog/yesplay-vs-playabets-south-africa-2026.html,/blog/betway-review-south-africa-2026.html,Betway
blog/yesplay-vs-playabets-south-africa-2026.html,/odds-comparison.html,our odds comparison tool
blog/yesplay-vs-playabets-south-africa-2026.html,/odds-comparison.html,live odds comparison tool
blog/yesplay-vs-playabets-south-africa-2026.html,/betting-calculator.html,accumulator calculator
blog/yesplay-vs-playabets-south-africa-2026.html,/blog/yesplay-review-south-africa-2026.html,YesPlay Full Review 2026
blog/yesplay-vs-playabets-south-africa-2026.html,/blog/playabets-review-south-africa-2026.html,PlayaBets Full Review 2026
blog/yesplay-vs-playabets-south-africa-2026.html,/blog/yesplay-vs-gbets-south-africa-2026.html,YesPlay vs GBets SA 2026
blog/yesplay-vs-playabets-south-africa-2026.html,/blog/playabets-vs-betway-south-africa-2026.html,PlayaBets vs Betway SA 2026
blog/yesplay-vs-playabets-south-africa-2026.html,/blog/playabets-vs-hollywoodbets-south-africa-2026.html,PlayaBets vs Hollywoodbets 2026
blog/yesplay-vs-playabets-south-africa-2026.html,/blog/fastest-paying-bookmakers-south-africa-2026.html,Fastest Paying Bookmakers SA 2026
blog/yesplay-vs-playabets-south-africa-2026.html,/blog/,← All Articles
blog/yesplay-vs-playabets-south-africa-2026.html,/blog/sunbet-vs-gbets-south-africa-2026.html,Sunbet vs GBets →
blog/yesplay-vs-playabets-south-africa-2026.html,/blog/best-betway-alternatives-south-africa-june-2026.html,Best Betway Alternatives for South African Bettors (June 2026)
blog/yesplay-vs-playabets-south-africa-2026.html,/blog/betfred-vs-10bet-south-africa-2026.html,Betfred vs 10bet South Africa 2026: International Bookmaker Showdown
blog/yesplay-vs-playabets-south-africa-2026.html,/blog/category-bookmaker-comparisons.html,Bookmaker Comparisons
blog/yesplay-vs-playabets-south-africa-2026.html,/blog/gbets-vs-10bet-south-africa-2026.html,Gbets vs 10bet South Africa 2026 — Which Bookmaker Wins?
blog/yesplay-vs-playabets-south-africa-2026.html,/editorial-policy.html,Editorial Policy
blog/yesplay-vs-playabets-south-africa-2026.html,/responsible-gambling.html,Responsible Gambling
blog/yesplay-vs-playabets-south-africa-2026.html,/privacy.html,Privacy
blog/yesplay-vs-sunbet-south-africa-2026.html,/,BetSorted
blog/yesplay-vs-sunbet-south-africa-2026.html,/#comparison,Compare
blog/yesplay-vs-sunbet-south-africa-2026.html,/bookmakers/,Bookmakers
blog/yesplay-vs-sunbet-south-africa-2026.html,/glossary.html,Glossary
blog/yesplay-vs-sunbet-south-africa-2026.html,/calculators.html,Calculators
blog/yesplay-vs-sunbet-south-africa-2026.html,/blog/,Blog
blog/yesplay-vs-sunbet-south-africa-2026.html,/psl-match-centre.html,⚽ PSL Live
blog/yesplay-vs-sunbet-south-africa-2026.html,/prediction-markets.html,💰 Smart Money
blog/yesplay-vs-sunbet-south-africa-2026.html,/,Home
blog/yesplay-vs-sunbet-south-africa-2026.html,/blog/,Blog
blog/yesplay-vs-sunbet-south-africa-2026.html,/blog/yesplay-review-south-africa-2026.html,YesPlay
blog/yesplay-vs-sunbet-south-africa-2026.html,/blog/sunbet-review-south-africa-2026.html,Sunbet
blog/yesplay-vs-sunbet-south-africa-2026.html,/blog/betway-review-south-africa-2026.html,Betway
blog/yesplay-vs-sunbet-south-africa-2026.html,/betting-calculator.html,betting calculator
blog/yesplay-vs-sunbet-south-africa-2026.html,/blog/hollywoodbets-review-south-africa-2026.html,Hollywoodbets
blog/yesplay-vs-sunbet-south-africa-2026.html,/bookmakers/,Gbets
blog/yesplay-vs-sunbet-south-africa-2026.html,/blog/best-bookmaker-lucky-numbers-south-africa-2026.html,best bookmakers for Lucky Numbers
blog/yesplay-vs-sunbet-south-africa-2026.html,/blog/hollywoodbets-review-south-africa-2026.html,Hollywoodbets
blog/yesplay-vs-sunbet-south-africa-2026.html,/blog/betway-review-south-africa-2026.html,Betway
blog/yesplay-vs-sunbet-south-africa-2026.html,/blog/hollywoodbets-review-south-africa-2026.html,Hollywoodbets
blog/yesplay-vs-sunbet-south-africa-2026.html,/blog/betway-review-south-africa-2026.html,Betway
blog/yesplay-vs-sunbet-south-africa-2026.html,/blog/gbets-review-south-africa-2026.html,Gbets
blog/yesplay-vs-sunbet-south-africa-2026.html,/blog/best-betting-sites-beginners-south-africa-2026.html,Full SA bookmaker comparison
blog/yesplay-vs-sunbet-south-africa-2026.html,/best-odds-finder.html,Find Best Odds Now →
blog/yesplay-vs-sunbet-south-africa-2026.html,/best-odds-finder.html,best odds finder
blog/yesplay-vs-sunbet-south-africa-2026.html,/blog/gbets-review-south-africa-2026.html,Gbets
blog/yesplay-vs-sunbet-south-africa-2026.html,/blog/yesplay-review-south-africa-2026.html,← YesPlay Full Review
blog/yesplay-vs-sunbet-south-africa-2026.html,/blog/sunbet-review-south-africa-2026.html,Sunbet Full Review →
blog/yesplay-vs-sunbet-south-africa-2026.html,/blog/,← All Articles
blog/yesplay-vs-sunbet-south-africa-2026.html,/blog/best-betting-sites-beginners-south-africa-2026.html,Best SA Bookmakers 2026 →
blog/yesplay-vs-sunbet-south-africa-2026.html,/blog/best-betway-alternatives-south-africa-june-2026.html,Best Betway Alternatives for South African Bettors (June 2026)
blog/yesplay-vs-sunbet-south-africa-2026.html,/blog/betfred-vs-10bet-south-africa-2026.html,Betfred vs 10bet South Africa 2026: International Bookmaker Showdown
blog/yesplay-vs-sunbet-south-africa-2026.html,/blog/category-bookmaker-comparisons.html,Bookmaker Comparisons
blog/yesplay-vs-sunbet-south-africa-2026.html,/blog/gbets-vs-10bet-south-africa-2026.html,Gbets vs 10bet South Africa 2026 — Which Bookmaker Wins?
blog/yesplay-vs-sunbet-south-africa-2026.html,/responsible-gambling.html,Responsible Gambling
blog/yesplay-vs-sunbet-south-africa-2026.html,/terms.html,Terms
blog/yesplay-vs-sunbet-south-africa-2026.html,/about.html,About
blog/yesplay-vs-sunbet-south-africa-2026.html,/about.html,About
blog/yesplay-vs-sunbet-south-africa-2026.html,/editorial-policy.html,Editorial Policy
blog/yesplay-vs-sunbet-south-africa-2026.html,/responsible-gambling.html,Responsible Gambling
blog/yesplay-vs-sunbet-south-africa-2026.html,/privacy.html,Privacy
blog/yesplay-vs-sunbet-south-africa-2026.html,/contact.html,Contact
blog/yesplay-vs-sunbet-south-africa-2026.html,/blog/,Blog
blog/yesplay-vs-sunbet-south-africa-2026.html,/blog/category-bookmaker-comparisons.html,Bookmaker Comparisons
blog/yesplay-vs-supabets-south-africa-2026.html,/,BetSorted
blog/yesplay-vs-supabets-south-africa-2026.html,/#comparison,Compare
blog/yesplay-vs-supabets-south-africa-2026.html,/bookmakers/,Bookmakers
blog/yesplay-vs-supabets-south-africa-2026.html,/glossary.html,Glossary
blog/yesplay-vs-supabets-south-africa-2026.html,/calculators.html,Calculators
blog/yesplay-vs-supabets-south-africa-2026.html,/blog/,Blog
blog/yesplay-vs-supabets-south-africa-2026.html,/psl-match-centre.html,⚽ PSL Live
blog/yesplay-vs-supabets-south-africa-2026.html,/prediction-markets.html,💰 Smart Money
blog/yesplay-vs-supabets-south-africa-2026.html,/,Home
blog/yesplay-vs-supabets-south-africa-2026.html,/blog/,Blog
blog/yesplay-vs-supabets-south-africa-2026.html,/,Home
blog/yesplay-vs-supabets-south-africa-2026.html,/blog/,Blog
blog/yesplay-vs-supabets-south-africa-2026.html,/blog/supabets-review-south-africa-2026.html,Supabets
blog/yesplay-vs-supabets-south-africa-2026.html,/blog/betway-review-south-africa-2026.html,Betway
blog/yesplay-vs-supabets-south-africa-2026.html,/blog/10bet-review-south-africa-2026.html,10bet
blog/yesplay-vs-supabets-south-africa-2026.html,/odds-comparison.html,BetSorted's odds comparison tool
blog/yesplay-vs-supabets-south-africa-2026.html,/blog/category-rugby.html,Nations Championship
blog/yesplay-vs-supabets-south-africa-2026.html,/free-bet-calculator.html,free bet calculator
blog/yesplay-vs-supabets-south-africa-2026.html,/blog/how-to-withdraw-betting-sites-south-africa-2026.html,withdrawal guide
blog/yesplay-vs-supabets-south-africa-2026.html,/blog/data-free-betting-apps-south-africa-2026.html,data-free betting guide
blog/yesplay-vs-supabets-south-africa-2026.html,/odds-comparison.html,BetSorted's odds comparison
blog/yesplay-vs-supabets-south-africa-2026.html,/odds-comparison.html,BetSorted's odds comparison
blog/yesplay-vs-supabets-south-africa-2026.html,/blog/how-to-withdraw-betting-sites-south-africa-2026.html,FICA verification
blog/yesplay-vs-supabets-south-africa-2026.html,/blog/yesplay-vs-easybet-south-africa-2026.html,YesPlay vs Easybet 2026
blog/yesplay-vs-supabets-south-africa-2026.html,/blog/yesplay-vs-hollywoodbets-south-africa-2026.html,Yesplay vs Hollywoodbets 2026
blog/yesplay-vs-supabets-south-africa-2026.html,/blog/yesplay-vs-betway-south-africa-2026.html,Yesplay vs Betway 2026
blog/yesplay-vs-supabets-south-africa-2026.html,/blog/supabets-review-south-africa-2026.html,Supabets Review 2026
blog/yesplay-vs-supabets-south-africa-2026.html,/blog/yesplay-review-south-africa-2026.html,Yesplay Review 2026
blog/yesplay-vs-supabets-south-africa-2026.html,/blog/hollywoodbets-vs-supabets-2026.html,Hollywoodbets vs Supabets 2026
blog/yesplay-vs-supabets-south-africa-2026.html,/,BetSorted
blog/yesplay-vs-supabets-south-africa-2026.html,/about.html,About
blog/yesplay-vs-supabets-south-africa-2026.html,/editorial-policy.html,Editorial Policy
blog/yesplay-vs-supabets-south-africa-2026.html,/responsible-gambling.html,Responsible Gambling
blog/yesplay-vs-wsb-south-africa-2026.html,/,BetSorted
blog/yesplay-vs-wsb-south-africa-2026.html,/#comparison,Compare
blog/yesplay-vs-wsb-south-africa-2026.html,/bookmakers/,Bookmakers
blog/yesplay-vs-wsb-south-africa-2026.html,/glossary.html,Glossary
blog/yesplay-vs-wsb-south-africa-2026.html,/calculators.html,Calculators
blog/yesplay-vs-wsb-south-africa-2026.html,/blog/,Blog
blog/yesplay-vs-wsb-south-africa-2026.html,/psl-match-centre.html,⚽ PSL Live
blog/yesplay-vs-wsb-south-africa-2026.html,/prediction-markets.html,💰 Smart Money
blog/yesplay-vs-wsb-south-africa-2026.html,/,Home
blog/yesplay-vs-wsb-south-africa-2026.html,/blog/,Blog
blog/yesplay-vs-wsb-south-africa-2026.html,/blog/wsb-review-south-africa-2026.html,WSB
blog/yesplay-vs-wsb-south-africa-2026.html,/blog/yesplay-review-south-africa-2026.html,YesPlay
blog/yesplay-vs-wsb-south-africa-2026.html,/blog/wsb-review-south-africa-2026.html,World Sports Betting (WSB)
blog/yesplay-vs-wsb-south-africa-2026.html,/blog/best-betting-bonuses-south-africa-2026.html,bonuses guide
blog/yesplay-vs-wsb-south-africa-2026.html,/best-odds-finder.html,Best Odds Finder
blog/yesplay-vs-wsb-south-africa-2026.html,/blog/best-horse-racing-betting-sites-south-africa-2026.html,best horse racing betting sites guide
blog/yesplay-vs-wsb-south-africa-2026.html,/best-odds-finder.html,Best Odds Finder
blog/yesplay-vs-wsb-south-africa-2026.html,/blog/best-betting-sites-beginners-south-africa-2026.html,View Full Bookmaker Rankings →
blog/yesplay-vs-wsb-south-africa-2026.html,/blog/yesplay-review-south-africa-2026.html,YesPlay Full Review 2026
blog/yesplay-vs-wsb-south-africa-2026.html,/blog/wsb-review-south-africa-2026.html,World Sports Betting Full Review 2026
blog/yesplay-vs-wsb-south-africa-2026.html,/blog/yesplay-vs-betway-south-africa-2026.html,YesPlay vs Betway South Africa 2026
blog/yesplay-vs-wsb-south-africa-2026.html,/blog/wsb-vs-hollywoodbets-south-africa-2026.html,WSB vs Hollywoodbets South Africa 2026
blog/yesplay-vs-wsb-south-africa-2026.html,/blog/easybet-vs-world-sports-betting-psl-2026.html,EasyBet vs WSB for PSL Betting 2026
blog/yesplay-vs-wsb-south-africa-2026.html,/blog/best-horse-racing-betting-sites-south-africa-2026.html,Best Horse Racing Betting Sites SA 2026
blog/yesplay-vs-wsb-south-africa-2026.html,/blog/,← Back to Blog
blog/yesplay-vs-wsb-south-africa-2026.html,/best-odds-finder.html,Compare Live Odds →
blog/yesplay-vs-wsb-south-africa-2026.html,/blog/best-betway-alternatives-south-africa-june-2026.html,Best Betway Alternatives for South African Bettors (June 2026)
blog/yesplay-vs-wsb-south-africa-2026.html,/blog/betfred-vs-10bet-south-africa-2026.html,Betfred vs 10bet South Africa 2026: International Bookmaker Showdown
blog/yesplay-vs-wsb-south-africa-2026.html,/blog/category-bookmaker-comparisons.html,Bookmaker Comparisons
blog/yesplay-vs-wsb-south-africa-2026.html,/blog/gbets-vs-10bet-south-africa-2026.html,Gbets vs 10bet South Africa 2026 — Which Bookmaker Wins?
blog/yesplay-vs-wsb-south-africa-2026.html,/responsible-gambling.html,Responsible Gambling Resources
blog/yesplay-vs-wsb-south-africa-2026.html,/terms.html,Terms
blog/yesplay-vs-wsb-south-africa-2026.html,/privacy.html,Privacy
blog/yesplay-vs-wsb-south-africa-2026.html,/editorial-policy.html,Editorial Policy
bonus-comparison.html,/,BetSorted
bonus-comparison.html,/#comparison,Compare
bonus-comparison.html,/bookmakers/,Bookmakers
bonus-comparison.html,/glossary.html,Glossary
bonus-comparison.html,/calculators.html,Calculators
bonus-comparison.html,/blog/,Blog
bonus-comparison.html,/psl-match-centre.html,⚽ PSL Live
bonus-comparison.html,/prediction-markets.html,💰 Smart Money
bonus-comparison.html,/,Home
bonus-comparison.html,/blog/south-africa-welcome-bonus-guide-2026.html,South Africa Welcome Bonus Guide 2026
bonus-comparison.html,/free-bet-calculator.html,Free Bet Calculator
bonus-comparison.html,/about.html,About
bonus-comparison.html,/editorial-policy.html,Editorial Policy
bonus-comparison.html,/responsible-gambling.html,Responsible Gambling
bonus-comparison.html,/blog/,Blog
bonus-comparison.html,/blog/category-bookmaker-comparisons.html,Bookmaker Comparisons
bonus-comparison.html,/psl-match-centre.html,⚽ PSL Live
bonus-value-calculator.html,/,BetSorted
bonus-value-calculator.html,/#comparison,Compare
bonus-value-calculator.html,/bookmakers/,Bookmakers
bonus-value-calculator.html,/glossary.html,Glossary
bonus-value-calculator.html,/calculators.html,Calculators
bonus-value-calculator.html,/blog/,Blog
bonus-value-calculator.html,/psl-match-centre.html,⚽ PSL Live
bonus-value-calculator.html,/prediction-markets.html,💰 Smart Money
bonus-value-calculator.html,/reward-calculator.html,Reward Calculator
bookmakers.html,/,BetSorted
bookmakers.html,/#comparison,Compare
bookmakers.html,/bookmakers/,Bookmakers
bookmakers.html,/glossary.html,Glossary
bookmakers.html,/calculators.html,Calculators
bookmakers.html,/blog/,Blog
bookmakers.html,/psl-match-centre.html,⚽ PSL Live
bookmakers.html,/prediction-markets.html,💰 Smart Money
bookmakers.html,/bookmakers/,Click here
bookmakers/10bet-review.html,/,BetSorted
bookmakers/10bet-review.html,/#comparison,Compare
bookmakers/10bet-review.html,/bookmakers/,Bookmakers
bookmakers/10bet-review.html,/glossary.html,Glossary
bookmakers/10bet-review.html,/calculators.html,Calculators
bookmakers/10bet-review.html,/blog/,Blog
bookmakers/10bet-review.html,/psl-match-centre.html,⚽ PSL Live
bookmakers/10bet-review.html,/prediction-markets.html,💰 Smart Money
bookmakers/10bet-review.html,/blog/10bet-review-south-africa-2026.html,the updated page
bookmakers/10bet.html,/,BetSorted
bookmakers/10bet.html,/#comparison,Compare
bookmakers/10bet.html,/bookmakers/,Bookmakers
bookmakers/10bet.html,/glossary.html,Glossary
bookmakers/10bet.html,/calculators.html,Calculators
bookmakers/10bet.html,/blog/,Blog
bookmakers/10bet.html,/psl-match-centre.html,⚽ PSL Live
bookmakers/10bet.html,/prediction-markets.html,💰 Smart Money
bookmakers/10bet.html,/blog/10bet-review-south-africa-2026.html,the updated page
bookmakers/bet-co-za-login.html,/,BetSorted
bookmakers/bet-co-za-login.html,/#comparison,Compare
bookmakers/bet-co-za-login.html,/bookmakers/,Bookmakers
bookmakers/bet-co-za-login.html,/glossary.html,Glossary
bookmakers/bet-co-za-login.html,/calculators.html,Calculators
bookmakers/bet-co-za-login.html,/blog/,Blog
bookmakers/bet-co-za-login.html,/psl-match-centre.html,⚽ PSL Live
bookmakers/bet-co-za-login.html,/prediction-markets.html,💰 Smart Money
bookmakers/bet-co-za-login.html,/bookmakers/,Bookmakers
bookmakers/bet-co-za-login.html,/blog/bet-co-za-review-south-africa-2026.html,BET.co.za review
bookmakers/bet-co-za-login.html,/blog/bet-co-za-review-south-africa-2026.html,Read the BET.co.za review
bookmakers/bet-co-za-login.html,/blog/bet-co-za-review-south-africa-2026.html,BET.co.za review
bookmakers/bet-co-za-login.html,/odds-comparison.html,odds comparison page
bookmakers/bet-co-za-login.html,/best-betting-apps.html,best betting apps in South Africa
bookmakers/bet-co-za-login.html,/responsible-gambling.html,Responsible Gambling
bookmakers/bet-co-za-login.html,/editorial-policy.html,Editorial Policy
bookmakers/bet-co-za-review.html,/,BetSorted
bookmakers/bet-co-za-review.html,/#comparison,Compare
bookmakers/bet-co-za-review.html,/bookmakers/,Bookmakers
bookmakers/bet-co-za-review.html,/glossary.html,Glossary
bookmakers/bet-co-za-review.html,/calculators.html,Calculators
bookmakers/bet-co-za-review.html,/blog/,Blog
bookmakers/bet-co-za-review.html,/psl-match-centre.html,⚽ PSL Live
bookmakers/bet-co-za-review.html,/prediction-markets.html,💰 Smart Money
bookmakers/bet-co-za-review.html,/blog/bet-co-za-review-south-africa-2026.html,the updated page
bookmakers/betfred-app.html,/,BetSorted
bookmakers/betfred-app.html,/#comparison,Compare
bookmakers/betfred-app.html,/bookmakers/,Bookmakers
bookmakers/betfred-app.html,/glossary.html,Glossary
bookmakers/betfred-app.html,/calculators.html,Calculators
bookmakers/betfred-app.html,/blog/,Blog
bookmakers/betfred-app.html,/psl-match-centre.html,⚽ PSL Live
bookmakers/betfred-app.html,/prediction-markets.html,💰 Smart Money
bookmakers/betfred-app.html,/bookmakers/,Bookmakers
bookmakers/betfred-app.html,/blog/betfred-review-south-africa-2026.html,Betfred review
bookmakers/betfred-app.html,/bookmakers/betfred-login.html,Betfred login guide
bookmakers/betfred-app.html,/bookmakers/betfred-login.html,Betfred login guide
bookmakers/betfred-app.html,/blog/betfred-review-south-africa-2026.html,Betfred review
bookmakers/betfred-app.html,/best-betting-apps.html,best betting apps in South Africa
bookmakers/betfred-app.html,/responsible-gambling.html,Responsible Gambling
bookmakers/betfred-app.html,/editorial-policy.html,Editorial Policy
bookmakers/betfred-login.html,/,BetSorted
bookmakers/betfred-login.html,/#comparison,Compare
bookmakers/betfred-login.html,/bookmakers/,Bookmakers
bookmakers/betfred-login.html,/glossary.html,Glossary
bookmakers/betfred-login.html,/calculators.html,Calculators
bookmakers/betfred-login.html,/blog/,Blog
bookmakers/betfred-login.html,/psl-match-centre.html,⚽ PSL Live
bookmakers/betfred-login.html,/prediction-markets.html,💰 Smart Money
bookmakers/betfred-login.html,/bookmakers/,Bookmakers
bookmakers/betfred-login.html,/blog/betfred-review-south-africa-2026.html,Betfred review
bookmakers/betfred-login.html,/blog/betfred-review-south-africa-2026.html,Read the Betfred review
bookmakers/betfred-login.html,/bookmakers/betfred-app.html,Betfred app guide
bookmakers/betfred-login.html,/bookmakers/betfred-app.html,Betfred app guide
bookmakers/betfred-login.html,/blog/betfred-review-south-africa-2026.html,Betfred review
bookmakers/betfred-login.html,/odds-comparison.html,odds comparison page
bookmakers/betfred-login.html,/responsible-gambling.html,Responsible Gambling
bookmakers/betfred-login.html,/editorial-policy.html,Editorial Policy
bookmakers/betolimp-app.html,/,BetSorted
bookmakers/betolimp-app.html,/#comparison,Compare
bookmakers/betolimp-app.html,/bookmakers/,Bookmakers
bookmakers/betolimp-app.html,/glossary.html,Glossary
bookmakers/betolimp-app.html,/calculators.html,Calculators
bookmakers/betolimp-app.html,/blog/,Blog
bookmakers/betolimp-app.html,/psl-match-centre.html,⚽ PSL Live
bookmakers/betolimp-app.html,/prediction-markets.html,💰 Smart Money
bookmakers/betolimp-app.html,/bookmakers/,Bookmakers
bookmakers/betolimp-app.html,/blog/betolimp-review-south-africa-2026.html,BetOlimp review
bookmakers/betolimp-app.html,/blog/betolimp-review-south-africa-2026.html,BetOlimp review
bookmakers/betolimp-app.html,/bookmakers/betolimp-login.html,BetOlimp login guide
bookmakers/betolimp-app.html,/best-betting-apps.html,best betting apps in South Africa
bookmakers/betolimp-app.html,/responsible-gambling.html,Responsible Gambling
bookmakers/betolimp-app.html,/editorial-policy.html,Editorial Policy
bookmakers/betolimp-login.html,/,BetSorted
bookmakers/betolimp-login.html,/#comparison,Compare
bookmakers/betolimp-login.html,/bookmakers/,Bookmakers
bookmakers/betolimp-login.html,/glossary.html,Glossary
bookmakers/betolimp-login.html,/calculators.html,Calculators
bookmakers/betolimp-login.html,/blog/,Blog
bookmakers/betolimp-login.html,/psl-match-centre.html,⚽ PSL Live
bookmakers/betolimp-login.html,/prediction-markets.html,💰 Smart Money
bookmakers/betolimp-login.html,/bookmakers/,Bookmakers
bookmakers/betolimp-login.html,/blog/betolimp-review-south-africa-2026.html,BetOlimp review
bookmakers/betolimp-login.html,/bookmakers/betolimp-app.html,BetOlimp Android app guide
bookmakers/betolimp-login.html,/blog/betolimp-review-south-africa-2026.html,BetOlimp review
bookmakers/betolimp-login.html,/bookmakers/betolimp-app.html,BetOlimp Android app guide
bookmakers/betolimp-login.html,/odds-comparison.html,odds comparison page
bookmakers/betolimp-login.html,/responsible-gambling.html,Responsible Gambling
bookmakers/betolimp-login.html,/editorial-policy.html,Editorial Policy
bookmakers/betway-app.html,/,BetSorted
bookmakers/betway-app.html,/#comparison,Compare
bookmakers/betway-app.html,/bookmakers/,Bookmakers
bookmakers/betway-app.html,/glossary.html,Glossary
bookmakers/betway-app.html,/calculators.html,Calculators
bookmakers/betway-app.html,/blog/,Blog
bookmakers/betway-app.html,/psl-match-centre.html,⚽ PSL Live
bookmakers/betway-app.html,/prediction-markets.html,💰 Smart Money
bookmakers/betway-app.html,/bookmakers/,Bookmakers
bookmakers/betway-app.html,/blog/betway-review-south-africa-2026.html,Betway review
bookmakers/betway-app.html,/blog/betway-review-south-africa-2026.html,Betway review
bookmakers/betway-app.html,/bookmakers/betway-login.html,Betway login guide
bookmakers/betway-app.html,/best-betting-apps.html,best betting apps in South Africa
bookmakers/betway-app.html,/responsible-gambling.html,Responsible Gambling
bookmakers/betway-app.html,/editorial-policy.html,Editorial Policy
bookmakers/betway-cricket-betting.html,/,BetSorted
bookmakers/betway-cricket-betting.html,/#comparison,Compare
bookmakers/betway-cricket-betting.html,/bookmakers/,Bookmakers
bookmakers/betway-cricket-betting.html,/glossary.html,Glossary
bookmakers/betway-cricket-betting.html,/calculators.html,Calculators
bookmakers/betway-cricket-betting.html,/blog/,Blog
bookmakers/betway-cricket-betting.html,/psl-match-centre.html,⚽ PSL Live
bookmakers/betway-cricket-betting.html,/prediction-markets.html,💰 Smart Money
bookmakers/betway-cricket-betting.html,/,Home
bookmakers/betway-cricket-betting.html,/bookmakers/,Bookmakers
bookmakers/betway-cricket-betting.html,/blog/betway-review-south-africa-2026.html,Read the Betway review
bookmakers/betway-cricket-betting.html,/bookmakers/,Compare more bookmakers
bookmakers/betway-cricket-betting.html,/glossary.html,Betting glossary for South Africa
bookmakers/betway-login.html,/,BetSorted
bookmakers/betway-login.html,/#comparison,Compare
bookmakers/betway-login.html,/bookmakers/,Bookmakers
bookmakers/betway-login.html,/glossary.html,Glossary
bookmakers/betway-login.html,/calculators.html,Calculators
bookmakers/betway-login.html,/blog/,Blog
bookmakers/betway-login.html,/psl-match-centre.html,⚽ PSL Live
bookmakers/betway-login.html,/prediction-markets.html,💰 Smart Money
bookmakers/betway-login.html,/bookmakers/,Bookmakers
bookmakers/betway-login.html,/blog/betway-review-south-africa-2026.html,Betway review
bookmakers/betway-login.html,/blog/betway-review-south-africa-2026.html,Read the Betway review
bookmakers/betway-login.html,/blog/betway-review-south-africa-2026.html,Betway review
bookmakers/betway-login.html,/bookmakers/betway-app.html,Betway app guide
bookmakers/betway-login.html,/blog/betway-review-south-africa-2026.html,Betway review
bookmakers/betway-login.html,/bookmakers/betway-app.html,Betway app guide
bookmakers/betway-login.html,/odds-comparison.html,odds comparison page
bookmakers/betway-login.html,/responsible-gambling.html,Responsible Gambling
bookmakers/betway-login.html,/editorial-policy.html,Editorial Policy
bookmakers/betway-psl-betting.html,/,BetSorted
bookmakers/betway-psl-betting.html,/#comparison,Compare
bookmakers/betway-psl-betting.html,/bookmakers/,Bookmakers
bookmakers/betway-psl-betting.html,/glossary.html,Glossary
bookmakers/betway-psl-betting.html,/calculators.html,Calculators
bookmakers/betway-psl-betting.html,/blog/,Blog
bookmakers/betway-psl-betting.html,/psl-match-centre.html,⚽ PSL Live
bookmakers/betway-psl-betting.html,/prediction-markets.html,💰 Smart Money
bookmakers/betway-psl-betting.html,/,Home
bookmakers/betway-psl-betting.html,/bookmakers/,Bookmakers
bookmakers/betway-psl-betting.html,/blog/betway-review-south-africa-2026.html,Read the Betway review
bookmakers/betway-psl-betting.html,/bookmakers/,Compare more bookmakers
bookmakers/betway-psl-betting.html,/glossary.html,Betting glossary for South Africa
bookmakers/betway-review.html,/,BetSorted
bookmakers/betway-review.html,/#comparison,Compare
bookmakers/betway-review.html,/bookmakers/,Bookmakers
bookmakers/betway-review.html,/glossary.html,Glossary
bookmakers/betway-review.html,/calculators.html,Calculators
bookmakers/betway-review.html,/blog/,Blog
bookmakers/betway-review.html,/psl-match-centre.html,⚽ PSL Live
bookmakers/betway-review.html,/prediction-markets.html,💰 Smart Money
bookmakers/betway-review.html,/blog/betway-review-south-africa-2026.html,the updated page
bookmakers/betway-rugby-betting.html,/,BetSorted
bookmakers/betway-rugby-betting.html,/#comparison,Compare
bookmakers/betway-rugby-betting.html,/bookmakers/,Bookmakers
bookmakers/betway-rugby-betting.html,/glossary.html,Glossary
bookmakers/betway-rugby-betting.html,/calculators.html,Calculators
bookmakers/betway-rugby-betting.html,/blog/,Blog
bookmakers/betway-rugby-betting.html,/psl-match-centre.html,⚽ PSL Live
bookmakers/betway-rugby-betting.html,/prediction-markets.html,💰 Smart Money
bookmakers/betway-rugby-betting.html,/,Home
bookmakers/betway-rugby-betting.html,/bookmakers/,Bookmakers
bookmakers/betway-rugby-betting.html,/blog/betway-review-south-africa-2026.html,Read the Betway review
bookmakers/betway-rugby-betting.html,/bookmakers/,Compare more bookmakers
bookmakers/betway-rugby-betting.html,/glossary.html,Betting glossary for South Africa
bookmakers/betway.html,/,BetSorted
bookmakers/betway.html,/#comparison,Compare
bookmakers/betway.html,/bookmakers/,Bookmakers
bookmakers/betway.html,/glossary.html,Glossary
bookmakers/betway.html,/calculators.html,Calculators
bookmakers/betway.html,/blog/,Blog
bookmakers/betway.html,/psl-match-centre.html,⚽ PSL Live
bookmakers/betway.html,/prediction-markets.html,💰 Smart Money
bookmakers/betway.html,/blog/betway-review-south-africa-2026.html,the updated page
bookmakers/easybet-cricket-betting.html,/,BetSorted
bookmakers/easybet-cricket-betting.html,/#comparison,Compare
bookmakers/easybet-cricket-betting.html,/bookmakers/,Bookmakers
bookmakers/easybet-cricket-betting.html,/glossary.html,Glossary
bookmakers/easybet-cricket-betting.html,/calculators.html,Calculators
bookmakers/easybet-cricket-betting.html,/blog/,Blog
bookmakers/easybet-cricket-betting.html,/psl-match-centre.html,⚽ PSL Live
bookmakers/easybet-cricket-betting.html,/prediction-markets.html,💰 Smart Money
bookmakers/easybet-cricket-betting.html,/,Home
bookmakers/easybet-cricket-betting.html,/bookmakers/,Bookmakers
bookmakers/easybet-cricket-betting.html,/blog/easybet-review-south-africa-2026.html,Read the Easybet review
bookmakers/easybet-cricket-betting.html,/bookmakers/,Compare more bookmakers
bookmakers/easybet-cricket-betting.html,/glossary.html,Betting glossary for South Africa
bookmakers/easybet-psl-betting.html,/,BetSorted
bookmakers/easybet-psl-betting.html,/#comparison,Compare
bookmakers/easybet-psl-betting.html,/bookmakers/,Bookmakers
bookmakers/easybet-psl-betting.html,/glossary.html,Glossary
bookmakers/easybet-psl-betting.html,/calculators.html,Calculators
bookmakers/easybet-psl-betting.html,/blog/,Blog
bookmakers/easybet-psl-betting.html,/psl-match-centre.html,⚽ PSL Live
bookmakers/easybet-psl-betting.html,/prediction-markets.html,💰 Smart Money
bookmakers/easybet-psl-betting.html,/,Home
bookmakers/easybet-psl-betting.html,/bookmakers/,Bookmakers
bookmakers/easybet-psl-betting.html,/blog/easybet-review-south-africa-2026.html,Read the Easybet review
bookmakers/easybet-psl-betting.html,/bookmakers/,Compare more bookmakers
bookmakers/easybet-psl-betting.html,/glossary.html,Betting glossary for South Africa
bookmakers/easybet-review.html,/,BetSorted
bookmakers/easybet-review.html,/#comparison,Compare
bookmakers/easybet-review.html,/bookmakers/,Bookmakers
bookmakers/easybet-review.html,/glossary.html,Glossary
bookmakers/easybet-review.html,/calculators.html,Calculators
bookmakers/easybet-review.html,/blog/,Blog
bookmakers/easybet-review.html,/psl-match-centre.html,⚽ PSL Live
bookmakers/easybet-review.html,/prediction-markets.html,💰 Smart Money
bookmakers/easybet-review.html,/blog/easybet-review-south-africa-2026.html,the updated page
bookmakers/easybet-rugby-betting.html,/,BetSorted
bookmakers/easybet-rugby-betting.html,/#comparison,Compare
bookmakers/easybet-rugby-betting.html,/bookmakers/,Bookmakers
bookmakers/easybet-rugby-betting.html,/glossary.html,Glossary
bookmakers/easybet-rugby-betting.html,/calculators.html,Calculators
bookmakers/easybet-rugby-betting.html,/blog/,Blog
bookmakers/easybet-rugby-betting.html,/psl-match-centre.html,⚽ PSL Live
bookmakers/easybet-rugby-betting.html,/prediction-markets.html,💰 Smart Money
bookmakers/easybet-rugby-betting.html,/,Home
bookmakers/easybet-rugby-betting.html,/bookmakers/,Bookmakers
bookmakers/easybet-rugby-betting.html,/blog/easybet-review-south-africa-2026.html,Read the Easybet review
bookmakers/easybet-rugby-betting.html,/bookmakers/,Compare more bookmakers
bookmakers/easybet-rugby-betting.html,/glossary.html,Betting glossary for South Africa
bookmakers/easybet.html,/,BetSorted
bookmakers/easybet.html,/#comparison,Compare
bookmakers/easybet.html,/bookmakers/,Bookmakers
bookmakers/easybet.html,/glossary.html,Glossary
bookmakers/easybet.html,/calculators.html,Calculators
bookmakers/easybet.html,/blog/,Blog
bookmakers/easybet.html,/psl-match-centre.html,⚽ PSL Live
bookmakers/easybet.html,/prediction-markets.html,💰 Smart Money
bookmakers/easybet.html,/blog/easybet-review-south-africa-2026.html,the updated page
bookmakers/gbets-app.html,/,BetSorted
bookmakers/gbets-app.html,/#comparison,Compare
bookmakers/gbets-app.html,/bookmakers/,Bookmakers
bookmakers/gbets-app.html,/glossary.html,Glossary
bookmakers/gbets-app.html,/calculators.html,Calculators
bookmakers/gbets-app.html,/blog/,Blog
bookmakers/gbets-app.html,/psl-match-centre.html,⚽ PSL Live
bookmakers/gbets-app.html,/prediction-markets.html,💰 Smart Money
bookmakers/gbets-app.html,/bookmakers/,Bookmakers
bookmakers/gbets-app.html,/blog/gbets-review-south-africa-2026.html,Gbets review
bookmakers/gbets-app.html,/bookmakers/gbets-login.html,Gbets login guide
bookmakers/gbets-app.html,/bookmakers/gbets-login.html,Gbets login guide
bookmakers/gbets-app.html,/blog/gbets-review-south-africa-2026.html,Gbets review
bookmakers/gbets-app.html,/best-betting-apps.html,best betting apps in South Africa
bookmakers/gbets-app.html,/responsible-gambling.html,Responsible Gambling
bookmakers/gbets-app.html,/editorial-policy.html,Editorial Policy
bookmakers/gbets-login.html,/,BetSorted
bookmakers/gbets-login.html,/#comparison,Compare
bookmakers/gbets-login.html,/bookmakers/,Bookmakers
bookmakers/gbets-login.html,/glossary.html,Glossary
bookmakers/gbets-login.html,/calculators.html,Calculators
bookmakers/gbets-login.html,/blog/,Blog
bookmakers/gbets-login.html,/psl-match-centre.html,⚽ PSL Live
bookmakers/gbets-login.html,/prediction-markets.html,💰 Smart Money
bookmakers/gbets-login.html,/bookmakers/,Bookmakers
bookmakers/gbets-login.html,/blog/gbets-review-south-africa-2026.html,Gbets review
bookmakers/gbets-login.html,/blog/gbets-review-south-africa-2026.html,Read the Gbets review
bookmakers/gbets-login.html,/bookmakers/gbets-app.html,Gbets app guide
bookmakers/gbets-login.html,/bookmakers/gbets-app.html,Gbets app guide
bookmakers/gbets-login.html,/blog/gbets-review-south-africa-2026.html,Gbets review
bookmakers/gbets-login.html,/odds-comparison.html,odds comparison page
bookmakers/gbets-login.html,/responsible-gambling.html,Responsible Gambling
bookmakers/gbets-login.html,/editorial-policy.html,Editorial Policy
bookmakers/gbets-review.html,/,BetSorted
bookmakers/gbets-review.html,/#comparison,Compare
bookmakers/gbets-review.html,/bookmakers/,Bookmakers
bookmakers/gbets-review.html,/glossary.html,Glossary
bookmakers/gbets-review.html,/calculators.html,Calculators
bookmakers/gbets-review.html,/blog/,Blog
bookmakers/gbets-review.html,/psl-match-centre.html,⚽ PSL Live
bookmakers/gbets-review.html,/prediction-markets.html,💰 Smart Money
bookmakers/gbets-review.html,/blog/gbets-review-south-africa-2026.html,the updated page
bookmakers/gbets.html,/,BetSorted
bookmakers/gbets.html,/#comparison,Compare
bookmakers/gbets.html,/bookmakers/,Bookmakers
bookmakers/gbets.html,/glossary.html,Glossary
bookmakers/gbets.html,/calculators.html,Calculators
bookmakers/gbets.html,/blog/,Blog
bookmakers/gbets.html,/psl-match-centre.html,⚽ PSL Live
bookmakers/gbets.html,/prediction-markets.html,💰 Smart Money
bookmakers/gbets.html,/blog/gbets-review-south-africa-2026.html,the updated page
bookmakers/hollywoodbets-cricket-betting.html,/,BetSorted
bookmakers/hollywoodbets-cricket-betting.html,/#comparison,Compare
bookmakers/hollywoodbets-cricket-betting.html,/bookmakers/,Bookmakers
bookmakers/hollywoodbets-cricket-betting.html,/glossary.html,Glossary
bookmakers/hollywoodbets-cricket-betting.html,/calculators.html,Calculators
bookmakers/hollywoodbets-cricket-betting.html,/blog/,Blog
bookmakers/hollywoodbets-cricket-betting.html,/psl-match-centre.html,⚽ PSL Live
bookmakers/hollywoodbets-cricket-betting.html,/prediction-markets.html,💰 Smart Money
bookmakers/hollywoodbets-cricket-betting.html,/,Home
bookmakers/hollywoodbets-cricket-betting.html,/bookmakers/,Bookmakers
bookmakers/hollywoodbets-cricket-betting.html,/blog/hollywoodbets-review-south-africa-2026.html,Read the Hollywoodbets review
bookmakers/hollywoodbets-cricket-betting.html,/bookmakers/,Compare more bookmakers
bookmakers/hollywoodbets-cricket-betting.html,/glossary.html,Betting glossary for South Africa
bookmakers/hollywoodbets-psl-betting.html,/,BetSorted
bookmakers/hollywoodbets-psl-betting.html,/#comparison,Compare
bookmakers/hollywoodbets-psl-betting.html,/bookmakers/,Bookmakers
bookmakers/hollywoodbets-psl-betting.html,/glossary.html,Glossary
bookmakers/hollywoodbets-psl-betting.html,/calculators.html,Calculators
bookmakers/hollywoodbets-psl-betting.html,/blog/,Blog
bookmakers/hollywoodbets-psl-betting.html,/psl-match-centre.html,⚽ PSL Live
bookmakers/hollywoodbets-psl-betting.html,/prediction-markets.html,💰 Smart Money
bookmakers/hollywoodbets-psl-betting.html,/,Home
bookmakers/hollywoodbets-psl-betting.html,/bookmakers/,Bookmakers
bookmakers/hollywoodbets-psl-betting.html,/blog/hollywoodbets-review-south-africa-2026.html,Read the Hollywoodbets review
bookmakers/hollywoodbets-psl-betting.html,/bookmakers/,Compare more bookmakers
bookmakers/hollywoodbets-psl-betting.html,/glossary.html,Betting glossary for South Africa
bookmakers/hollywoodbets-review.html,/,BetSorted
bookmakers/hollywoodbets-review.html,/#comparison,Compare
bookmakers/hollywoodbets-review.html,/bookmakers/,Bookmakers
bookmakers/hollywoodbets-review.html,/glossary.html,Glossary
bookmakers/hollywoodbets-review.html,/calculators.html,Calculators
bookmakers/hollywoodbets-review.html,/blog/,Blog
bookmakers/hollywoodbets-review.html,/psl-match-centre.html,⚽ PSL Live
bookmakers/hollywoodbets-review.html,/prediction-markets.html,💰 Smart Money
bookmakers/hollywoodbets-review.html,/blog/hollywoodbets-review-south-africa-2026.html,the updated page
bookmakers/hollywoodbets-rugby-betting.html,/,BetSorted
bookmakers/hollywoodbets-rugby-betting.html,/#comparison,Compare
bookmakers/hollywoodbets-rugby-betting.html,/bookmakers/,Bookmakers
bookmakers/hollywoodbets-rugby-betting.html,/glossary.html,Glossary
bookmakers/hollywoodbets-rugby-betting.html,/calculators.html,Calculators
bookmakers/hollywoodbets-rugby-betting.html,/blog/,Blog
bookmakers/hollywoodbets-rugby-betting.html,/psl-match-centre.html,⚽ PSL Live
bookmakers/hollywoodbets-rugby-betting.html,/prediction-markets.html,💰 Smart Money
bookmakers/hollywoodbets-rugby-betting.html,/,Home
bookmakers/hollywoodbets-rugby-betting.html,/bookmakers/,Bookmakers
bookmakers/hollywoodbets-rugby-betting.html,/blog/hollywoodbets-review-south-africa-2026.html,Read the Hollywoodbets review
bookmakers/hollywoodbets-rugby-betting.html,/bookmakers/,Compare more bookmakers
bookmakers/hollywoodbets-rugby-betting.html,/glossary.html,Betting glossary for South Africa
bookmakers/hollywoodbets.html,/,BetSorted
bookmakers/hollywoodbets.html,/#comparison,Compare
bookmakers/hollywoodbets.html,/bookmakers/,Bookmakers
bookmakers/hollywoodbets.html,/glossary.html,Glossary
bookmakers/hollywoodbets.html,/calculators.html,Calculators
bookmakers/hollywoodbets.html,/blog/,Blog
bookmakers/hollywoodbets.html,/psl-match-centre.html,⚽ PSL Live
bookmakers/hollywoodbets.html,/prediction-markets.html,💰 Smart Money
bookmakers/hollywoodbets.html,/blog/hollywoodbets-review-south-africa-2026.html,the updated page
bookmakers/index.html,/,BetSorted
bookmakers/index.html,/#comparison,Compare
bookmakers/index.html,/bookmakers/,Bookmakers
bookmakers/index.html,/glossary.html,Glossary
bookmakers/index.html,/calculators.html,Calculators
bookmakers/index.html,/blog/,Blog
bookmakers/index.html,/psl-match-centre.html,⚽ PSL Live
bookmakers/index.html,/prediction-markets.html,💰 Smart Money
bookmakers/index.html,/,Home
bookmakers/index.html,/ongoing-betting-rewards-south-africa.html,Compare loyalty programs
bookmakers/index.html,/blog/best-cashback-loyalty-programs-sa-bookmakers-2026.html,Read the blog version
bookmakers/index.html,/blog/betway-review-south-africa-2026.html,Read review
bookmakers/index.html,/go/betway.html?subid=post-bookmakers-hub,Open Betway
bookmakers/index.html,/blog/hollywoodbets-review-south-africa-2026.html,Read review
bookmakers/index.html,/go/hollywoodbets.html?subid=post-bookmakers-hub,Open Hollywoodbets
bookmakers/index.html,/blog/sportingbet-review-south-africa-2026.html,Read review
bookmakers/index.html,/bookmakers/sportingbet-login.html,Login guide
bookmakers/index.html,/go/sportingbet.html?subid=post-bookmakers-hub,Open Sportingbet
bookmakers/index.html,/blog/supabets-review-south-africa-2026.html,Read review
bookmakers/index.html,/go/supabets.html?subid=post-bookmakers-hub,Open Supabets
bookmakers/index.html,/blog/10bet-review-south-africa-2026.html,Read review
bookmakers/index.html,/go/10bet.html?subid=post-bookmakers-hub,Open 10bet
bookmakers/index.html,/bookmakers/play-co-za-review.html,Read review
bookmakers/index.html,/bookmakers/play-co-za-login.html,Login guide
bookmakers/index.html,/go/play-co-za.html?subid=post-bookmakers-hub,Open Play.co.za
bookmakers/index.html,/blog/wsb-review-south-africa-2026.html,Read review
bookmakers/index.html,/bookmakers/world-sports-betting-login.html,Login guide
bookmakers/index.html,/go/world-sports-betting.html?subid=post-bookmakers-hub,Open World Sports Betting
bookmakers/index.html,/blog/easybet-review-south-africa-2026.html,Read review
bookmakers/index.html,/go/easybet.html?subid=post-bookmakers-hub,Open Easybet
bookmakers/index.html,/blog/gbets-review-south-africa-2026.html,Read review
bookmakers/index.html,/go/gbets.html?subid=post-bookmakers-hub,Open Gbets
bookmakers/index.html,/blog/sunbet-review-south-africa-2026.html,Read review
bookmakers/index.html,/go/sunbet.html?subid=post-bookmakers-hub,Open Sunbet
bookmakers/index.html,/blog/bet-co-za-review-south-africa-2026.html,Read review
bookmakers/index.html,/go/bet-co-za.html?subid=post-bookmakers-hub,Open BET.co.za
bookmakers/index.html,/blog/betfred-review-south-africa-2026.html,Read review
bookmakers/index.html,/go/betfred.html?subid=post-bookmakers-hub,Open Betfred
bookmakers/index.html,/blog/betolimp-review-south-africa-2026.html,Read review
bookmakers/index.html,/go/betolimp.html?subid=post-bookmakers-hub,Open BetOlimp
bookmakers/index.html,/blog/betshezi-review-south-africa-2026.html,Read review
bookmakers/index.html,/go/betshezi.html?subid=post-bookmakers-hub,Open Betshezi
bookmakers/index.html,/blog/lottostar-review-south-africa-2026.html,Read review
bookmakers/index.html,/go/lottostar.html?subid=post-bookmakers-hub,Open LottoStar
bookmakers/index.html,/blog/playabets-review-south-africa-2026.html,Read review
bookmakers/index.html,/go/playabets.html?subid=post-bookmakers-hub,Open Playabets
bookmakers/index.html,/blog/yesplay-review-south-africa-2026.html,Read review
bookmakers/index.html,/go/yesplay.html?subid=post-bookmakers-hub,Open YesPlay
bookmakers/index.html,/blog/betway-review-south-africa-2026.html,Review
bookmakers/index.html,/go/betway.html?subid=post-bookmakers-hub,Open
bookmakers/index.html,/blog/hollywoodbets-review-south-africa-2026.html,Review
bookmakers/index.html,/go/hollywoodbets.html?subid=post-bookmakers-hub,Open
bookmakers/index.html,/blog/sportingbet-review-south-africa-2026.html,Review
bookmakers/index.html,/go/sportingbet.html?subid=post-bookmakers-hub,Open
bookmakers/index.html,/blog/supabets-review-south-africa-2026.html,Review
bookmakers/index.html,/go/supabets.html?subid=post-bookmakers-hub,Open
bookmakers/index.html,/blog/10bet-review-south-africa-2026.html,Review
bookmakers/index.html,/go/10bet.html?subid=post-bookmakers-hub,Open
bookmakers/index.html,/bookmakers/play-co-za-review.html,Review
bookmakers/index.html,/go/play-co-za.html?subid=post-bookmakers-hub,Open
bookmakers/index.html,/blog/wsb-review-south-africa-2026.html,Review
bookmakers/index.html,/go/world-sports-betting.html?subid=post-bookmakers-hub,Open
bookmakers/index.html,/blog/easybet-review-south-africa-2026.html,Review
bookmakers/index.html,/go/easybet.html?subid=post-bookmakers-hub,Open
bookmakers/index.html,/blog/gbets-review-south-africa-2026.html,Review
bookmakers/index.html,/go/gbets.html?subid=post-bookmakers-hub,Open
bookmakers/index.html,/blog/sunbet-review-south-africa-2026.html,Review
bookmakers/index.html,/go/sunbet.html?subid=post-bookmakers-hub,Open
bookmakers/index.html,/blog/bet-co-za-review-south-africa-2026.html,Review
bookmakers/index.html,/go/bet-co-za.html?subid=post-bookmakers-hub,Open
bookmakers/index.html,/blog/betfred-review-south-africa-2026.html,Review
bookmakers/index.html,/go/betfred.html?subid=post-bookmakers-hub,Open
bookmakers/index.html,/blog/betolimp-review-south-africa-2026.html,Review
bookmakers/index.html,/go/betolimp.html?subid=post-bookmakers-hub,Open
bookmakers/index.html,/blog/betshezi-review-south-africa-2026.html,Review
bookmakers/index.html,/go/betshezi.html?subid=post-bookmakers-hub,Open
bookmakers/index.html,/blog/lottostar-review-south-africa-2026.html,Review
bookmakers/index.html,/go/lottostar.html?subid=post-bookmakers-hub,Open
bookmakers/index.html,/blog/playabets-review-south-africa-2026.html,Review
bookmakers/index.html,/go/playabets.html?subid=post-bookmakers-hub,Open
bookmakers/index.html,/blog/yesplay-review-south-africa-2026.html,Review
bookmakers/index.html,/go/yesplay.html?subid=post-bookmakers-hub,Open
bookmakers/play-co-za-app.html,/,BetSorted
bookmakers/play-co-za-app.html,/#comparison,Compare
bookmakers/play-co-za-app.html,/bookmakers/,Bookmakers
bookmakers/play-co-za-app.html,/glossary.html,Glossary
bookmakers/play-co-za-app.html,/calculators.html,Calculators
bookmakers/play-co-za-app.html,/blog/,Blog
bookmakers/play-co-za-app.html,/psl-match-centre.html,⚽ PSL Live
bookmakers/play-co-za-app.html,/prediction-markets.html,💰 Smart Money
bookmakers/play-co-za-app.html,/bookmakers/,Bookmakers
bookmakers/play-co-za-app.html,/bookmakers/play-co-za-review.html,Play.co.za review
bookmakers/play-co-za-app.html,/bookmakers/play-co-za-login.html,Play.co.za login guide
bookmakers/play-co-za-app.html,/bookmakers/play-co-za-review.html,Play.co.za review
bookmakers/play-co-za-app.html,/bookmakers/play-co-za-login.html,Play.co.za login guide
bookmakers/play-co-za-app.html,/best-betting-apps.html,best betting apps in South Africa
bookmakers/play-co-za-app.html,/responsible-gambling.html,Responsible Gambling
bookmakers/play-co-za-app.html,/editorial-policy.html,Editorial Policy
bookmakers/play-co-za-login.html,/,BetSorted
bookmakers/play-co-za-login.html,/#comparison,Compare
bookmakers/play-co-za-login.html,/bookmakers/,Bookmakers
bookmakers/play-co-za-login.html,/glossary.html,Glossary
bookmakers/play-co-za-login.html,/calculators.html,Calculators
bookmakers/play-co-za-login.html,/blog/,Blog
bookmakers/play-co-za-login.html,/psl-match-centre.html,⚽ PSL Live
bookmakers/play-co-za-login.html,/prediction-markets.html,💰 Smart Money
bookmakers/play-co-za-login.html,/bookmakers/,Bookmakers
bookmakers/play-co-za-login.html,/bookmakers/play-co-za-review.html,Play.co.za review
bookmakers/play-co-za-login.html,/bookmakers/play-co-za-review.html,Read the Play.co.za review
bookmakers/play-co-za-login.html,/bookmakers/play-co-za-review.html,Play.co.za review
bookmakers/play-co-za-login.html,/odds-comparison.html,odds comparison page
bookmakers/play-co-za-login.html,/best-betting-apps.html,best betting apps in South Africa
bookmakers/play-co-za-login.html,/responsible-gambling.html,Responsible Gambling
bookmakers/play-co-za-login.html,/editorial-policy.html,Editorial Policy
bookmakers/play-co-za-review.html,/,BetSorted
bookmakers/play-co-za-review.html,/#comparison,Compare
bookmakers/play-co-za-review.html,/bookmakers/,Bookmakers
bookmakers/play-co-za-review.html,/glossary.html,Glossary
bookmakers/play-co-za-review.html,/calculators.html,Calculators
bookmakers/play-co-za-review.html,/blog/,Blog
bookmakers/play-co-za-review.html,/psl-match-centre.html,⚽ PSL Live
bookmakers/play-co-za-review.html,/prediction-markets.html,💰 Smart Money
bookmakers/play-co-za-review.html,/,Home
bookmakers/play-co-za-review.html,/bookmakers/,Bookmakers
bookmakers/play-co-za-review.html,/go/play-co-za.html?subid=review-play-co-za,Claim Bonus at Play.co.za →
bookmakers/play-co-za-review.html,/go/play-co-za.html?subid=review-play-co-za,Join Play.co.za Now →
bookmakers/play-co-za-review.html,/bookmakers/play-co-za-login.html,Play.co.za login guide
bookmakers/play-co-za-review.html,/bookmakers/play-co-za-app.html,Play.co.za app guide
bookmakers/play-co-za-review.html,/bookmakers/play-co-za-app.html,Play.co.za app guide
bookmakers/playabets-review.html,/,BetSorted
bookmakers/playabets-review.html,/#comparison,Compare
bookmakers/playabets-review.html,/bookmakers/,Bookmakers
bookmakers/playabets-review.html,/glossary.html,Glossary
bookmakers/playabets-review.html,/calculators.html,Calculators
bookmakers/playabets-review.html,/blog/,Blog
bookmakers/playabets-review.html,/psl-match-centre.html,⚽ PSL Live
bookmakers/playabets-review.html,/prediction-markets.html,💰 Smart Money
bookmakers/playabets-review.html,/blog/playabets-review-south-africa-2026.html,the updated page
bookmakers/playabets.html,/,BetSorted
bookmakers/playabets.html,/#comparison,Compare
bookmakers/playabets.html,/bookmakers/,Bookmakers
bookmakers/playabets.html,/glossary.html,Glossary
bookmakers/playabets.html,/calculators.html,Calculators
bookmakers/playabets.html,/blog/,Blog
bookmakers/playabets.html,/psl-match-centre.html,⚽ PSL Live
bookmakers/playabets.html,/prediction-markets.html,💰 Smart Money
bookmakers/playabets.html,/blog/playabets-review-south-africa-2026.html,the updated page
bookmakers/sportingbet-app.html,/,BetSorted
bookmakers/sportingbet-app.html,/#comparison,Compare
bookmakers/sportingbet-app.html,/bookmakers/,Bookmakers
bookmakers/sportingbet-app.html,/glossary.html,Glossary
bookmakers/sportingbet-app.html,/calculators.html,Calculators
bookmakers/sportingbet-app.html,/blog/,Blog
bookmakers/sportingbet-app.html,/psl-match-centre.html,⚽ PSL Live
bookmakers/sportingbet-app.html,/prediction-markets.html,💰 Smart Money
bookmakers/sportingbet-app.html,/bookmakers/,Bookmakers
bookmakers/sportingbet-app.html,/blog/sportingbet-review-south-africa-2026.html,Sportingbet review
bookmakers/sportingbet-app.html,/bookmakers/sportingbet-login.html,Sportingbet login guide
bookmakers/sportingbet-app.html,/blog/sportingbet-review-south-africa-2026.html,Sportingbet review
bookmakers/sportingbet-app.html,/bookmakers/sportingbet-login.html,Sportingbet login guide
bookmakers/sportingbet-app.html,/best-betting-apps.html,best betting apps in South Africa
bookmakers/sportingbet-app.html,/responsible-gambling.html,Responsible Gambling
bookmakers/sportingbet-app.html,/editorial-policy.html,Editorial Policy
bookmakers/sportingbet-cricket-betting.html,/,BetSorted
bookmakers/sportingbet-cricket-betting.html,/#comparison,Compare
bookmakers/sportingbet-cricket-betting.html,/bookmakers/,Bookmakers
bookmakers/sportingbet-cricket-betting.html,/glossary.html,Glossary
bookmakers/sportingbet-cricket-betting.html,/calculators.html,Calculators
bookmakers/sportingbet-cricket-betting.html,/blog/,Blog
bookmakers/sportingbet-cricket-betting.html,/psl-match-centre.html,⚽ PSL Live
bookmakers/sportingbet-cricket-betting.html,/prediction-markets.html,💰 Smart Money
bookmakers/sportingbet-cricket-betting.html,/,Home
bookmakers/sportingbet-cricket-betting.html,/bookmakers/,Bookmakers
bookmakers/sportingbet-cricket-betting.html,/blog/sportingbet-review-south-africa-2026.html,Read the Sportingbet review
bookmakers/sportingbet-cricket-betting.html,/bookmakers/,Compare more bookmakers
bookmakers/sportingbet-cricket-betting.html,/glossary.html,Betting glossary for South Africa
bookmakers/sportingbet-login.html,/,BetSorted
bookmakers/sportingbet-login.html,/#comparison,Compare
bookmakers/sportingbet-login.html,/bookmakers/,Bookmakers
bookmakers/sportingbet-login.html,/glossary.html,Glossary
bookmakers/sportingbet-login.html,/calculators.html,Calculators
bookmakers/sportingbet-login.html,/blog/,Blog
bookmakers/sportingbet-login.html,/psl-match-centre.html,⚽ PSL Live
bookmakers/sportingbet-login.html,/prediction-markets.html,💰 Smart Money
bookmakers/sportingbet-login.html,/bookmakers/,Bookmakers
bookmakers/sportingbet-login.html,/blog/sportingbet-review-south-africa-2026.html,Sportingbet review
bookmakers/sportingbet-login.html,/blog/sportingbet-review-south-africa-2026.html,Read the Sportingbet review
bookmakers/sportingbet-login.html,/blog/sportingbet-review-south-africa-2026.html,Sportingbet review
bookmakers/sportingbet-login.html,/odds-comparison.html,odds comparison page
bookmakers/sportingbet-login.html,/best-betting-apps.html,best betting apps in South Africa
bookmakers/sportingbet-login.html,/responsible-gambling.html,Responsible Gambling
bookmakers/sportingbet-login.html,/editorial-policy.html,Editorial Policy
bookmakers/sportingbet-psl-betting.html,/,BetSorted
bookmakers/sportingbet-psl-betting.html,/#comparison,Compare
bookmakers/sportingbet-psl-betting.html,/bookmakers/,Bookmakers
bookmakers/sportingbet-psl-betting.html,/glossary.html,Glossary
bookmakers/sportingbet-psl-betting.html,/calculators.html,Calculators
bookmakers/sportingbet-psl-betting.html,/blog/,Blog
bookmakers/sportingbet-psl-betting.html,/psl-match-centre.html,⚽ PSL Live
bookmakers/sportingbet-psl-betting.html,/prediction-markets.html,💰 Smart Money
bookmakers/sportingbet-psl-betting.html,/,Home
bookmakers/sportingbet-psl-betting.html,/bookmakers/,Bookmakers
bookmakers/sportingbet-psl-betting.html,/blog/sportingbet-review-south-africa-2026.html,Read the Sportingbet review
bookmakers/sportingbet-psl-betting.html,/bookmakers/,Compare more bookmakers
bookmakers/sportingbet-psl-betting.html,/glossary.html,Betting glossary for South Africa
bookmakers/sportingbet-review.html,/,BetSorted
bookmakers/sportingbet-review.html,/#comparison,Compare
bookmakers/sportingbet-review.html,/bookmakers/,Bookmakers
bookmakers/sportingbet-review.html,/glossary.html,Glossary
bookmakers/sportingbet-review.html,/calculators.html,Calculators
bookmakers/sportingbet-review.html,/blog/,Blog
bookmakers/sportingbet-review.html,/psl-match-centre.html,⚽ PSL Live
bookmakers/sportingbet-review.html,/prediction-markets.html,💰 Smart Money
bookmakers/sportingbet-review.html,/blog/sportingbet-review-south-africa-2026.html,the updated page
bookmakers/sportingbet-rugby-betting.html,/,BetSorted
bookmakers/sportingbet-rugby-betting.html,/#comparison,Compare
bookmakers/sportingbet-rugby-betting.html,/bookmakers/,Bookmakers
bookmakers/sportingbet-rugby-betting.html,/glossary.html,Glossary
bookmakers/sportingbet-rugby-betting.html,/calculators.html,Calculators
bookmakers/sportingbet-rugby-betting.html,/blog/,Blog
bookmakers/sportingbet-rugby-betting.html,/psl-match-centre.html,⚽ PSL Live
bookmakers/sportingbet-rugby-betting.html,/prediction-markets.html,💰 Smart Money
bookmakers/sportingbet-rugby-betting.html,/,Home
bookmakers/sportingbet-rugby-betting.html,/bookmakers/,Bookmakers
bookmakers/sportingbet-rugby-betting.html,/blog/sportingbet-review-south-africa-2026.html,Read the Sportingbet review
bookmakers/sportingbet-rugby-betting.html,/bookmakers/,Compare more bookmakers
bookmakers/sportingbet-rugby-betting.html,/glossary.html,Betting glossary for South Africa
bookmakers/sportingbet.html,/,BetSorted
bookmakers/sportingbet.html,/#comparison,Compare
bookmakers/sportingbet.html,/bookmakers/,Bookmakers
bookmakers/sportingbet.html,/glossary.html,Glossary
bookmakers/sportingbet.html,/calculators.html,Calculators
bookmakers/sportingbet.html,/blog/,Blog
bookmakers/sportingbet.html,/psl-match-centre.html,⚽ PSL Live
bookmakers/sportingbet.html,/prediction-markets.html,💰 Smart Money
bookmakers/sportingbet.html,/blog/sportingbet-review-south-africa-2026.html,the updated page
bookmakers/sunbet-review.html,/,BetSorted
bookmakers/sunbet-review.html,/#comparison,Compare
bookmakers/sunbet-review.html,/bookmakers/,Bookmakers
bookmakers/sunbet-review.html,/glossary.html,Glossary
bookmakers/sunbet-review.html,/calculators.html,Calculators
bookmakers/sunbet-review.html,/blog/,Blog
bookmakers/sunbet-review.html,/psl-match-centre.html,⚽ PSL Live
bookmakers/sunbet-review.html,/prediction-markets.html,💰 Smart Money
bookmakers/sunbet-review.html,/blog/sunbet-review-south-africa-2026.html,the updated page
bookmakers/sunbet.html,/,BetSorted
bookmakers/sunbet.html,/#comparison,Compare
bookmakers/sunbet.html,/bookmakers/,Bookmakers
bookmakers/sunbet.html,/glossary.html,Glossary
bookmakers/sunbet.html,/calculators.html,Calculators
bookmakers/sunbet.html,/blog/,Blog
bookmakers/sunbet.html,/psl-match-centre.html,⚽ PSL Live
bookmakers/sunbet.html,/prediction-markets.html,💰 Smart Money
bookmakers/sunbet.html,/blog/sunbet-review-south-africa-2026.html,the updated page
bookmakers/supabets-app.html,/,BetSorted
bookmakers/supabets-app.html,/#comparison,Compare
bookmakers/supabets-app.html,/bookmakers/,Bookmakers
bookmakers/supabets-app.html,/glossary.html,Glossary
bookmakers/supabets-app.html,/calculators.html,Calculators
bookmakers/supabets-app.html,/blog/,Blog
bookmakers/supabets-app.html,/psl-match-centre.html,⚽ PSL Live
bookmakers/supabets-app.html,/prediction-markets.html,💰 Smart Money
bookmakers/supabets-app.html,/bookmakers/,Bookmakers
bookmakers/supabets-app.html,/blog/supabets-review-south-africa-2026.html,Supabets review
bookmakers/supabets-app.html,/bookmakers/supabets-login.html,Supabets login guide
bookmakers/supabets-app.html,/blog/supabets-review-south-africa-2026.html,Supabets review
bookmakers/supabets-app.html,/best-betting-apps.html,best betting apps in South Africa
bookmakers/supabets-app.html,/responsible-gambling.html,Responsible Gambling
bookmakers/supabets-app.html,/editorial-policy.html,Editorial Policy
bookmakers/supabets-cricket-betting.html,/,BetSorted
bookmakers/supabets-cricket-betting.html,/#comparison,Compare
bookmakers/supabets-cricket-betting.html,/bookmakers/,Bookmakers
bookmakers/supabets-cricket-betting.html,/glossary.html,Glossary
bookmakers/supabets-cricket-betting.html,/calculators.html,Calculators
bookmakers/supabets-cricket-betting.html,/blog/,Blog
bookmakers/supabets-cricket-betting.html,/psl-match-centre.html,⚽ PSL Live
bookmakers/supabets-cricket-betting.html,/prediction-markets.html,💰 Smart Money
bookmakers/supabets-cricket-betting.html,/,Home
bookmakers/supabets-cricket-betting.html,/bookmakers/,Bookmakers
bookmakers/supabets-cricket-betting.html,/blog/supabets-review-south-africa-2026.html,Read the Supabets review
bookmakers/supabets-cricket-betting.html,/bookmakers/,Compare more bookmakers
bookmakers/supabets-cricket-betting.html,/glossary.html,Betting glossary for South Africa
bookmakers/supabets-login.html,/,BetSorted
bookmakers/supabets-login.html,/#comparison,Compare
bookmakers/supabets-login.html,/bookmakers/,Bookmakers
bookmakers/supabets-login.html,/glossary.html,Glossary
bookmakers/supabets-login.html,/calculators.html,Calculators
bookmakers/supabets-login.html,/blog/,Blog
bookmakers/supabets-login.html,/psl-match-centre.html,⚽ PSL Live
bookmakers/supabets-login.html,/prediction-markets.html,💰 Smart Money
bookmakers/supabets-login.html,/bookmakers/,Bookmakers
bookmakers/supabets-login.html,/blog/supabets-review-south-africa-2026.html,Supabets review
bookmakers/supabets-login.html,/blog/supabets-review-south-africa-2026.html,Read the Supabets review
bookmakers/supabets-login.html,/bookmakers/supabets-app.html,Supabets app guide
bookmakers/supabets-login.html,/blog/supabets-review-south-africa-2026.html,Supabets review
bookmakers/supabets-login.html,/odds-comparison.html,odds comparison page
bookmakers/supabets-login.html,/responsible-gambling.html,Responsible Gambling
bookmakers/supabets-login.html,/editorial-policy.html,Editorial Policy
bookmakers/supabets-psl-betting.html,/,BetSorted
bookmakers/supabets-psl-betting.html,/#comparison,Compare
bookmakers/supabets-psl-betting.html,/bookmakers/,Bookmakers
bookmakers/supabets-psl-betting.html,/glossary.html,Glossary
bookmakers/supabets-psl-betting.html,/calculators.html,Calculators
bookmakers/supabets-psl-betting.html,/blog/,Blog
bookmakers/supabets-psl-betting.html,/psl-match-centre.html,⚽ PSL Live
bookmakers/supabets-psl-betting.html,/prediction-markets.html,💰 Smart Money
bookmakers/supabets-psl-betting.html,/,Home
bookmakers/supabets-psl-betting.html,/bookmakers/,Bookmakers
bookmakers/supabets-psl-betting.html,/blog/supabets-review-south-africa-2026.html,Read the Supabets review
bookmakers/supabets-psl-betting.html,/bookmakers/,Compare more bookmakers
bookmakers/supabets-psl-betting.html,/glossary.html,Betting glossary for South Africa
bookmakers/supabets-review.html,/,BetSorted
bookmakers/supabets-review.html,/#comparison,Compare
bookmakers/supabets-review.html,/bookmakers/,Bookmakers
bookmakers/supabets-review.html,/glossary.html,Glossary
bookmakers/supabets-review.html,/calculators.html,Calculators
bookmakers/supabets-review.html,/blog/,Blog
bookmakers/supabets-review.html,/psl-match-centre.html,⚽ PSL Live
bookmakers/supabets-review.html,/prediction-markets.html,💰 Smart Money
bookmakers/supabets-review.html,/blog/supabets-review-south-africa-2026.html,the updated page
bookmakers/supabets-rugby-betting.html,/,BetSorted
bookmakers/supabets-rugby-betting.html,/#comparison,Compare
bookmakers/supabets-rugby-betting.html,/bookmakers/,Bookmakers
bookmakers/supabets-rugby-betting.html,/glossary.html,Glossary
bookmakers/supabets-rugby-betting.html,/calculators.html,Calculators
bookmakers/supabets-rugby-betting.html,/blog/,Blog
bookmakers/supabets-rugby-betting.html,/psl-match-centre.html,⚽ PSL Live
bookmakers/supabets-rugby-betting.html,/prediction-markets.html,💰 Smart Money
bookmakers/supabets-rugby-betting.html,/,Home
bookmakers/supabets-rugby-betting.html,/bookmakers/,Bookmakers
bookmakers/supabets-rugby-betting.html,/blog/supabets-review-south-africa-2026.html,Read the Supabets review
bookmakers/supabets-rugby-betting.html,/bookmakers/,Compare more bookmakers
bookmakers/supabets-rugby-betting.html,/glossary.html,Betting glossary for South Africa
bookmakers/supabets.html,/,BetSorted
bookmakers/supabets.html,/#comparison,Compare
bookmakers/supabets.html,/bookmakers/,Bookmakers
bookmakers/supabets.html,/glossary.html,Glossary
bookmakers/supabets.html,/calculators.html,Calculators
bookmakers/supabets.html,/blog/,Blog
bookmakers/supabets.html,/psl-match-centre.html,⚽ PSL Live
bookmakers/supabets.html,/prediction-markets.html,💰 Smart Money
bookmakers/supabets.html,/blog/supabets-review-south-africa-2026.html,the updated page
bookmakers/world-sports-betting-app.html,/,BetSorted
bookmakers/world-sports-betting-app.html,/#comparison,Compare
bookmakers/world-sports-betting-app.html,/bookmakers/,Bookmakers
bookmakers/world-sports-betting-app.html,/glossary.html,Glossary
bookmakers/world-sports-betting-app.html,/calculators.html,Calculators
bookmakers/world-sports-betting-app.html,/blog/,Blog
bookmakers/world-sports-betting-app.html,/psl-match-centre.html,⚽ PSL Live
bookmakers/world-sports-betting-app.html,/prediction-markets.html,💰 Smart Money
bookmakers/world-sports-betting-app.html,/bookmakers/,Bookmakers
bookmakers/world-sports-betting-app.html,/blog/wsb-review-south-africa-2026.html,World Sports Betting review
bookmakers/world-sports-betting-app.html,/bookmakers/world-sports-betting-login.html,WSB login guide
bookmakers/world-sports-betting-app.html,/bookmakers/world-sports-betting-login.html,World Sports Betting login guide
bookmakers/world-sports-betting-app.html,/blog/wsb-review-south-africa-2026.html,World Sports Betting review
bookmakers/world-sports-betting-app.html,/best-betting-apps.html,best betting apps in South Africa
bookmakers/world-sports-betting-app.html,/responsible-gambling.html,Responsible Gambling
bookmakers/world-sports-betting-app.html,/editorial-policy.html,Editorial Policy
bookmakers/world-sports-betting-cricket-betting.html,/,BetSorted
bookmakers/world-sports-betting-cricket-betting.html,/#comparison,Compare
bookmakers/world-sports-betting-cricket-betting.html,/bookmakers/,Bookmakers
bookmakers/world-sports-betting-cricket-betting.html,/glossary.html,Glossary
bookmakers/world-sports-betting-cricket-betting.html,/calculators.html,Calculators
bookmakers/world-sports-betting-cricket-betting.html,/blog/,Blog
bookmakers/world-sports-betting-cricket-betting.html,/psl-match-centre.html,⚽ PSL Live
bookmakers/world-sports-betting-cricket-betting.html,/prediction-markets.html,💰 Smart Money
bookmakers/world-sports-betting-cricket-betting.html,/,Home
bookmakers/world-sports-betting-cricket-betting.html,/bookmakers/,Bookmakers
bookmakers/world-sports-betting-cricket-betting.html,/blog/wsb-review-south-africa-2026.html,Read the World Sports Betting review
bookmakers/world-sports-betting-cricket-betting.html,/bookmakers/,Compare more bookmakers
bookmakers/world-sports-betting-cricket-betting.html,/glossary.html,Betting glossary for South Africa
bookmakers/world-sports-betting-login.html,/,BetSorted
bookmakers/world-sports-betting-login.html,/#comparison,Compare
bookmakers/world-sports-betting-login.html,/bookmakers/,Bookmakers
bookmakers/world-sports-betting-login.html,/glossary.html,Glossary
bookmakers/world-sports-betting-login.html,/calculators.html,Calculators
bookmakers/world-sports-betting-login.html,/blog/,Blog
bookmakers/world-sports-betting-login.html,/psl-match-centre.html,⚽ PSL Live
bookmakers/world-sports-betting-login.html,/prediction-markets.html,💰 Smart Money
bookmakers/world-sports-betting-login.html,/bookmakers/,Bookmakers
bookmakers/world-sports-betting-login.html,/blog/wsb-review-south-africa-2026.html,World Sports Betting review
bookmakers/world-sports-betting-login.html,/blog/wsb-review-south-africa-2026.html,Read the World Sports Betting review
bookmakers/world-sports-betting-login.html,/blog/wsb-review-south-africa-2026.html,World Sports Betting review
bookmakers/world-sports-betting-login.html,/odds-comparison.html,odds comparison page
bookmakers/world-sports-betting-login.html,/responsible-gambling.html,responsible gambling guidance
bookmakers/world-sports-betting-login.html,/responsible-gambling.html,Responsible Gambling
bookmakers/world-sports-betting-login.html,/editorial-policy.html,Editorial Policy
bookmakers/world-sports-betting-psl-betting.html,/,BetSorted
bookmakers/world-sports-betting-psl-betting.html,/#comparison,Compare
bookmakers/world-sports-betting-psl-betting.html,/bookmakers/,Bookmakers
bookmakers/world-sports-betting-psl-betting.html,/glossary.html,Glossary
bookmakers/world-sports-betting-psl-betting.html,/calculators.html,Calculators
bookmakers/world-sports-betting-psl-betting.html,/blog/,Blog
bookmakers/world-sports-betting-psl-betting.html,/psl-match-centre.html,⚽ PSL Live
bookmakers/world-sports-betting-psl-betting.html,/prediction-markets.html,💰 Smart Money
bookmakers/world-sports-betting-psl-betting.html,/,Home
bookmakers/world-sports-betting-psl-betting.html,/bookmakers/,Bookmakers
bookmakers/world-sports-betting-psl-betting.html,/blog/wsb-review-south-africa-2026.html,Read the World Sports Betting review
bookmakers/world-sports-betting-psl-betting.html,/bookmakers/,Compare more bookmakers
bookmakers/world-sports-betting-psl-betting.html,/glossary.html,Betting glossary for South Africa
bookmakers/world-sports-betting-review.html,/,BetSorted
bookmakers/world-sports-betting-review.html,/#comparison,Compare
bookmakers/world-sports-betting-review.html,/bookmakers/,Bookmakers
bookmakers/world-sports-betting-review.html,/glossary.html,Glossary
bookmakers/world-sports-betting-review.html,/calculators.html,Calculators
bookmakers/world-sports-betting-review.html,/blog/,Blog
bookmakers/world-sports-betting-review.html,/psl-match-centre.html,⚽ PSL Live
bookmakers/world-sports-betting-review.html,/prediction-markets.html,💰 Smart Money
bookmakers/world-sports-betting-review.html,/blog/wsb-review-south-africa-2026.html,the updated page
bookmakers/world-sports-betting-rugby-betting.html,/,BetSorted
bookmakers/world-sports-betting-rugby-betting.html,/#comparison,Compare
bookmakers/world-sports-betting-rugby-betting.html,/bookmakers/,Bookmakers
bookmakers/world-sports-betting-rugby-betting.html,/glossary.html,Glossary
bookmakers/world-sports-betting-rugby-betting.html,/calculators.html,Calculators
bookmakers/world-sports-betting-rugby-betting.html,/blog/,Blog
bookmakers/world-sports-betting-rugby-betting.html,/psl-match-centre.html,⚽ PSL Live
bookmakers/world-sports-betting-rugby-betting.html,/prediction-markets.html,💰 Smart Money
bookmakers/world-sports-betting-rugby-betting.html,/,Home
bookmakers/world-sports-betting-rugby-betting.html,/bookmakers/,Bookmakers
bookmakers/world-sports-betting-rugby-betting.html,/blog/wsb-review-south-africa-2026.html,Read the World Sports Betting review
bookmakers/world-sports-betting-rugby-betting.html,/bookmakers/,Compare more bookmakers
bookmakers/world-sports-betting-rugby-betting.html,/glossary.html,Betting glossary for South Africa
bookmakers/world-sports-betting.html,/,BetSorted
bookmakers/world-sports-betting.html,/#comparison,Compare
bookmakers/world-sports-betting.html,/bookmakers/,Bookmakers
bookmakers/world-sports-betting.html,/glossary.html,Glossary
bookmakers/world-sports-betting.html,/calculators.html,Calculators
bookmakers/world-sports-betting.html,/blog/,Blog
bookmakers/world-sports-betting.html,/psl-match-centre.html,⚽ PSL Live
bookmakers/world-sports-betting.html,/prediction-markets.html,💰 Smart Money
bookmakers/world-sports-betting.html,/blog/wsb-review-south-africa-2026.html,the updated page
bookmakers/wsb.html,/,BetSorted
bookmakers/wsb.html,/#comparison,Compare
bookmakers/wsb.html,/bookmakers/,Bookmakers
bookmakers/wsb.html,/glossary.html,Glossary
bookmakers/wsb.html,/calculators.html,Calculators
bookmakers/wsb.html,/blog/,Blog
bookmakers/wsb.html,/psl-match-centre.html,⚽ PSL Live
bookmakers/wsb.html,/prediction-markets.html,💰 Smart Money
bookmakers/wsb.html,/blog/wsb-review-south-africa-2026.html,the updated page
brand-facts.html,/,BetSorted
brand-facts.html,/#comparison,Compare
brand-facts.html,/bookmakers/,Bookmakers
brand-facts.html,/glossary.html,Glossary
brand-facts.html,/calculators.html,Calculators
brand-facts.html,/blog/,Blog
brand-facts.html,/psl-match-centre.html,⚽ PSL Live
brand-facts.html,/prediction-markets.html,💰 Smart Money
brand-facts.html,/,Home
brand-facts.html,/,Bet Sorted
brand-facts.html,/odds-comparison.html,Odds
brand-facts.html,/betting-calculator.html,Calculator
brand-facts.html,/best-betting-apps.html,Apps
brand-facts.html,/blog/,Blog
brand-facts.html,/best-betting-apps.html,Best Betting Apps SA 2026 Guide
brand-facts.html,/odds-comparison.html,Live Odds Comparison
brand-facts.html,/betting-calculator.html,Betting Calculator
brand-facts.html,/blog/,Blog
brand-facts.html,/about.html,About
brand-facts.html,/editorial-policy.html,Editorial Policy
brand-facts.html,/responsible-gambling.html,Responsible Gambling
brand-facts.html,/privacy.html,Privacy
brand-facts.html,/contact.html,Contact
brand-facts.html,/blog/,Blog
brand-facts.html,/blog/category-bookmaker-comparisons.html,Bookmaker Comparisons
calculators.html,/,BetSorted
calculators.html,/#comparison,Compare
calculators.html,/bookmakers/,Bookmakers
calculators.html,/glossary.html,Glossary
calculators.html,/calculators.html,Calculators
calculators.html,/blog/,Blog
calculators.html,/psl-match-centre.html,⚽ PSL Live
calculators.html,/prediction-markets.html,💰 Smart Money
calculators.html,/,Home
calculators.html,/reward-calculator.html,"🧮 Reward Calculator We analysed the welcome-bonus T&Cs so you do not have to. See which SA bonus is actually worth it after rollover, payout caps, and expiry rules. Featured 🇿🇦 Workbook-backed"
calculators.html,/free-bet-calculator.html,🎁 Free Bet & Bonus Calculator Find the real cash value of any SA bookmaker welcome bonus after wagering requirements. Compare custom or pre-loaded SA offers. New 🇿🇦 SA Bookmakers
calculators.html,/bonus-comparison.html,"🏆 Bonus Comparison Enter your deposit amount and instantly see the ranked real value of welcome bonuses at Betway, Hollywoodbets, Sportingbet and more. New 🇿🇦 SA Only"
calculators.html,/psl-match-centre.html,"🔴 LIVE 📺 PSL Match Centre Live scores, match stats, goal events, H2H records, and betting odds for every Betway Premiership match. Auto-refreshes every 30s. 🔴 Live Scores 🇿🇦 SA Sport"
calculators.html,/psl-fixtures.html,⚽ PSL Fixtures & Odds 2025/26 Premier Soccer League fixture list with kickoff times and indicative odds for every upcoming match. 🔴 Live Data 🇿🇦 SA Sport
calculators.html,/best-odds-finder.html,🔍 Best Odds Finder Compare live odds across SA bookmakers + Polymarket reference prices. Find the best value on any match. 🔴 Updates 2×/day
calculators.html,/odds-comparison.html,📊 Odds Comparison Tool Side-by-side odds comparison across bookmakers. See exactly how much extra profit better odds earn you. Free
calculators.html,/odds-converter.html,"🔄 Odds Format Converter Convert between decimal, fractional, American and implied probability instantly. SA bookmakers use decimal — this shows you everything. New Free"
calculators.html,/betting-calculator.html,"💰 Betting Calculator Enter stake and odds — get instant returns and profit. Supports all odds formats including decimal, fractional and American. Free"
calculators.html,/accumulator-calculator.html,🎯 Accumulator Calculator Calculate returns on multi-leg accas. Add unlimited selections and see combined odds and total payout. Free
calculators.html,/system-bet-calculator.html,"🎰 System Bet Calculator Lucky 15, Lucky 31, Lucky 63, Yankee, Trixie, Patent — calculate all combinations and partial returns instantly. New Free"
calculators.html,/each-way-calculator.html,"🏇 Each-Way Calculator Win and place returns for each-way bets. Built for SA horse racing — Durban July, Sun Met, and Gold Cup. Free 🇿🇦 Racing"
calculators.html,/value-bet-calculator.html,💡 Value Bet Calculator Does the bookmaker's price offer positive expected value? Enter your probability estimate and get an EV score instantly. New Free
calculators.html,/arbitrage-calculator.html,"📈 Arbitrage Calculator Find guaranteed profit by backing all outcomes across SA bookmakers. Enter odds, get exact stakes and locked-in return. New Free"
calculators.html,/outright-value-tracker.html,"🎯 Outright Value Tracker Track outright prices against prediction-market-derived fair odds with visible timestamps, source URLs and stale-price warnings. New 🇿🇦 Evidence-backed"
calculators.html,/kelly-criterion-calculator.html,"📐 Kelly Criterion Calculator Mathematically optimal stake sizing. Enter your bankroll, odds, and edge — get the exact amount you should bet. New Free"
calculators.html,/withdrawal-speed-comparison.html,"⚡ Withdrawal Speed Comparison Filter by EFT, Ozow, Capitec Pay, FNB or Absa to find which SA bookmaker pays out fastest on your preferred method. New 🇿🇦 SA Banking"
calculators.html,/data-free-betting-apps.html,"📱 Data-Free Betting Apps Which SA betting apps are zero-rated on MTN, Vodacom, Cell C or Telkom? Filter by your network to find apps that don't use data. New 🇿🇦 SA Networks"
calculators.html,/bankroll-tracker.html,"📒 Bankroll Tracker Log your bets, track P&L and ROI over time. Saved locally in your browser — no account needed, fully private. New Private"
calculators.html,/about.html,About
calculators.html,/editorial-policy.html,Editorial Policy
calculators.html,/responsible-gambling.html,Responsible Gambling
calculators.html,/glossary.html,Glossary
calculators.html,/blog/,Blog
calculators.html,/blog/category-bookmaker-comparisons.html,Bookmaker Comparisons
calculators.html,/psl-match-centre.html,⚽ PSL Live
calculators/accumulator.html,/,BetSorted
calculators/accumulator.html,/#comparison,Compare
calculators/accumulator.html,/bookmakers/,Bookmakers
calculators/accumulator.html,/glossary.html,Glossary
calculators/accumulator.html,/calculators.html,Calculators
calculators/accumulator.html,/blog/,Blog
calculators/accumulator.html,/psl-match-centre.html,⚽ PSL Live
calculators/accumulator.html,/prediction-markets.html,💰 Smart Money
calculators/accumulator.html,/calculators.html,Click here
calculators/betting.html,/,BetSorted
calculators/betting.html,/#comparison,Compare
calculators/betting.html,/bookmakers/,Bookmakers
calculators/betting.html,/glossary.html,Glossary
calculators/betting.html,/calculators.html,Calculators
calculators/betting.html,/blog/,Blog
calculators/betting.html,/psl-match-centre.html,⚽ PSL Live
calculators/betting.html,/prediction-markets.html,💰 Smart Money
calculators/betting.html,/calculators.html,Click here
calculators/each-way.html,/,BetSorted
calculators/each-way.html,/#comparison,Compare
calculators/each-way.html,/bookmakers/,Bookmakers
calculators/each-way.html,/glossary.html,Glossary
calculators/each-way.html,/calculators.html,Calculators
calculators/each-way.html,/blog/,Blog
calculators/each-way.html,/psl-match-centre.html,⚽ PSL Live
calculators/each-way.html,/prediction-markets.html,💰 Smart Money
calculators/each-way.html,/calculators.html,Click here
calculators/odds-comparison.html,/,BetSorted
calculators/odds-comparison.html,/#comparison,Compare
calculators/odds-comparison.html,/bookmakers/,Bookmakers
calculators/odds-comparison.html,/glossary.html,Glossary
calculators/odds-comparison.html,/calculators.html,Calculators
calculators/odds-comparison.html,/blog/,Blog
calculators/odds-comparison.html,/psl-match-centre.html,⚽ PSL Live
calculators/odds-comparison.html,/prediction-markets.html,💰 Smart Money
calculators/odds-comparison.html,/calculators.html,Click here
contact.html,/,BetSorted
contact.html,/#comparison,Compare
contact.html,/bookmakers/,Bookmakers
contact.html,/glossary.html,Glossary
contact.html,/calculators.html,Calculators
contact.html,/blog/,Blog
contact.html,/psl-match-centre.html,⚽ PSL Live
contact.html,/prediction-markets.html,💰 Smart Money
contact.html,/,Home
contact.html,/about.html,About
contact.html,/editorial-policy.html,Editorial Policy
contact.html,/responsible-gambling.html,Responsible Gambling
contact.html,/privacy.html,Privacy
contact.html,/contact.html,Contact
contact.html,/blog/,Blog
contact.html,/blog/category-bookmaker-comparisons.html,Bookmaker Comparisons
data-free-betting-apps.html,/,BetSorted
data-free-betting-apps.html,/#comparison,Compare
data-free-betting-apps.html,/bookmakers/,Bookmakers
data-free-betting-apps.html,/glossary.html,Glossary
data-free-betting-apps.html,/calculators.html,Calculators
data-free-betting-apps.html,/blog/,Blog
data-free-betting-apps.html,/psl-match-centre.html,⚽ PSL Live
data-free-betting-apps.html,/prediction-markets.html,💰 Smart Money
data-free-betting-apps.html,/,Home
data-free-betting-apps.html,/about.html,About
data-free-betting-apps.html,/editorial-policy.html,Editorial Policy
data-free-betting-apps.html,/responsible-gambling.html,Responsible Gambling
data-free-betting-apps.html,/blog/,Blog
data-free-betting-apps.html,/blog/category-bookmaker-comparisons.html,Bookmaker Comparisons
data-free-betting-apps.html,/psl-match-centre.html,⚽ PSL Live
each-way-calculator.html,/,BetSorted
each-way-calculator.html,/#comparison,Compare
each-way-calculator.html,/bookmakers/,Bookmakers
each-way-calculator.html,/glossary.html,Glossary
each-way-calculator.html,/calculators.html,Calculators
each-way-calculator.html,/blog/,Blog
each-way-calculator.html,/psl-match-centre.html,⚽ PSL Live
each-way-calculator.html,/prediction-markets.html,💰 Smart Money
each-way-calculator.html,/,Home
each-way-calculator.html,/betting-calculator.html,betting calculator South Africa
each-way-calculator.html,/accumulator-calculator.html,accumulator calculator
each-way-calculator.html,/odds-comparison.html,sports betting odds comparison SA
each-way-calculator.html,/accumulator-calculator.html,accumulator calculator
each-way-calculator.html,/accumulator-calculator.html,🎲 Build a Racing Accumulator Combine multiple race selections for bigger returns
each-way-calculator.html,/system-bet-calculator.html,🎰 Lucky 15 Calculator Perfect for racing — coverage even if some horses lose
each-way-calculator.html,/betting-calculator.html,🧮 Betting Calculator Calculate returns for single bets and convert odds
each-way-calculator.html,/,"🏇 Best Bookmakers for Racing Hollywoodbets, Betway, and Sportingbet compared"
each-way-calculator.html,/,Back to BetSorted
each-way-calculator.html,/about.html,About
each-way-calculator.html,/editorial-policy.html,Editorial Policy
each-way-calculator.html,/responsible-gambling.html,Responsible Gambling
each-way-calculator.html,/privacy.html,Privacy
each-way-calculator.html,/contact.html,Contact
each-way-calculator.html,/blog/,Blog
each-way-calculator.html,/blog/category-bookmaker-comparisons.html,Bookmaker Comparisons
editorial-policy.html,/,BetSorted
editorial-policy.html,/#comparison,Compare
editorial-policy.html,/bookmakers/,Bookmakers
editorial-policy.html,/glossary.html,Glossary
editorial-policy.html,/calculators.html,Calculators
editorial-policy.html,/blog/,Blog
editorial-policy.html,/psl-match-centre.html,⚽ PSL Live
editorial-policy.html,/prediction-markets.html,💰 Smart Money
editorial-policy.html,/,Home
editorial-policy.html,/responsible-gambling.html,see our responsible gambling page
editorial-policy.html,/about.html,About
editorial-policy.html,/editorial-policy.html,Editorial Policy
editorial-policy.html,/responsible-gambling.html,Responsible Gambling
editorial-policy.html,/privacy.html,Privacy
editorial-policy.html,/contact.html,Contact
editorial-policy.html,/blog/,Blog
editorial-policy.html,/blog/category-bookmaker-comparisons.html,Bookmaker Comparisons
epl-odds-south-africa.html,/,BetSorted
epl-odds-south-africa.html,/#comparison,Compare
epl-odds-south-africa.html,/bookmakers/,Bookmakers
epl-odds-south-africa.html,/glossary.html,Glossary
epl-odds-south-africa.html,/calculators.html,Calculators
epl-odds-south-africa.html,/blog/,Blog
epl-odds-south-africa.html,/psl-match-centre.html,⚽ PSL Live
epl-odds-south-africa.html,/prediction-markets.html,💰 Smart Money
epl-odds-south-africa.html,/,Home
epl-odds-south-africa.html,/,🎲 BetSorted
epl-odds-south-africa.html,/#odds,Live Odds
epl-odds-south-africa.html,/calculators.html,Calculators
epl-odds-south-africa.html,/blog/,Blog
epl-odds-south-africa.html,/best-betting-apps.html,Betting Apps
epl-odds-south-africa.html,/best-odds-finder.html,Best Odds Finder
epl-odds-south-africa.html,/best-odds-finder.html,Check today’s best odds →
epl-odds-south-africa.html,/about.html,About
epl-odds-south-africa.html,/editorial-policy.html,Editorial Policy
epl-odds-south-africa.html,/responsible-gambling.html,Responsible Gambling
epl-odds-south-africa.html,/privacy.html,Privacy
epl-odds-south-africa.html,/contact.html,Contact
epl-odds-south-africa.html,/blog/,Blog
epl-odds-south-africa.html,/blog/category-bookmaker-comparisons.html,Bookmaker Comparisons
fast-withdrawal-betting-sites-south-africa.html,/,BetSorted
fast-withdrawal-betting-sites-south-africa.html,/#comparison,Compare
fast-withdrawal-betting-sites-south-africa.html,/bookmakers/,Bookmakers
fast-withdrawal-betting-sites-south-africa.html,/glossary.html,Glossary
fast-withdrawal-betting-sites-south-africa.html,/calculators.html,Calculators
fast-withdrawal-betting-sites-south-africa.html,/blog/,Blog
fast-withdrawal-betting-sites-south-africa.html,/psl-match-centre.html,⚽ PSL Live
fast-withdrawal-betting-sites-south-africa.html,/prediction-markets.html,💰 Smart Money
fast-withdrawal-betting-sites-south-africa.html,/blog/fastest-paying-bookmakers-south-africa-2026.html,Click here
free-bet-calculator.html,/,BetSorted
free-bet-calculator.html,/#comparison,Compare
free-bet-calculator.html,/bookmakers/,Bookmakers
free-bet-calculator.html,/glossary.html,Glossary
free-bet-calculator.html,/calculators.html,Calculators
free-bet-calculator.html,/blog/,Blog
free-bet-calculator.html,/psl-match-centre.html,⚽ PSL Live
free-bet-calculator.html,/prediction-markets.html,💰 Smart Money
free-bet-calculator.html,/,Home
free-bet-calculator.html,/about.html,About
free-bet-calculator.html,/editorial-policy.html,Editorial Policy
free-bet-calculator.html,/responsible-gambling.html,Responsible Gambling
free-bet-calculator.html,/glossary.html,Glossary
free-bet-calculator.html,/blog/,Blog
free-bet-calculator.html,/blog/category-bookmaker-comparisons.html,Bookmaker Comparisons
free-bet-calculator.html,/psl-match-centre.html,⚽ PSL Live
glossary.html,/,BetSorted
glossary.html,/#comparison,Compare
glossary.html,/bookmakers/,Bookmakers
glossary.html,/glossary.html,Glossary
glossary.html,/calculators.html,Calculators
glossary.html,/blog/,Blog
glossary.html,/psl-match-centre.html,⚽ PSL Live
glossary.html,/prediction-markets.html,💰 Smart Money
glossary.html,/,Home
glossary.html,/bookmakers/,Bookmakers hub
glossary.html,/blog/hollywoodbets-review-south-africa-2026.html,Hollywoodbets
glossary.html,/blog/sportingbet-review-south-africa-2026.html,Sportingbet
glossary.html,/bookmakers/,Bookmakers hub
go/betfred.html,/blog/betfred-review-south-africa-2026.html,Betfred review
go/betolimp.html,/blog/betolimp-review-south-africa-2026.html,BetOlimp review
go/betshezi.html,/blog/betshezi-review-south-africa-2026.html,Betshezi review
go/lottostar.html,/blog/lottostar-review-south-africa-2026.html,LottoStar review
go/yesplay.html,/blog/yesplay-review-south-africa-2026.html,YesPlay review
guides/best-betting-apps-south-africa-2026.html,/,BetSorted
guides/best-betting-apps-south-africa-2026.html,/#comparison,Compare
guides/best-betting-apps-south-africa-2026.html,/bookmakers/,Bookmakers
guides/best-betting-apps-south-africa-2026.html,/glossary.html,Glossary
guides/best-betting-apps-south-africa-2026.html,/calculators.html,Calculators
guides/best-betting-apps-south-africa-2026.html,/blog/,Blog
guides/best-betting-apps-south-africa-2026.html,/psl-match-centre.html,⚽ PSL Live
guides/best-betting-apps-south-africa-2026.html,/prediction-markets.html,💰 Smart Money
guides/best-betting-apps-south-africa-2026.html,/best-betting-apps.html,Click here
how-to-bet-south-africa.html,/,BetSorted
how-to-bet-south-africa.html,/#comparison,Compare
how-to-bet-south-africa.html,/bookmakers/,Bookmakers
how-to-bet-south-africa.html,/glossary.html,Glossary
how-to-bet-south-africa.html,/calculators.html,Calculators
how-to-bet-south-africa.html,/blog/,Blog
how-to-bet-south-africa.html,/psl-match-centre.html,⚽ PSL Live
how-to-bet-south-africa.html,/prediction-markets.html,💰 Smart Money
how-to-bet-south-africa.html,/,Home
how-to-bet-south-africa.html,/,🎲 BetSorted
how-to-bet-south-africa.html,/#odds,Live Odds
how-to-bet-south-africa.html,/calculators.html,Calculators
how-to-bet-south-africa.html,/blog/,Blog
how-to-bet-south-africa.html,/best-betting-apps.html,Betting Apps
how-to-bet-south-africa.html,/betting-calculator.html,Betting Calculator
how-to-bet-south-africa.html,/epl-odds-south-africa.html,EPL odds South Africa guide
how-to-bet-south-africa.html,/best-odds-finder.html,Check today’s best odds →
how-to-bet-south-africa.html,/about.html,About
how-to-bet-south-africa.html,/editorial-policy.html,Editorial Policy
how-to-bet-south-africa.html,/responsible-gambling.html,Responsible Gambling
how-to-bet-south-africa.html,/privacy.html,Privacy
how-to-bet-south-africa.html,/contact.html,Contact
how-to-bet-south-africa.html,/blog/,Blog
how-to-bet-south-africa.html,/blog/category-bookmaker-comparisons.html,Bookmaker Comparisons
index.html,/,BetSorted
index.html,/#comparison,Compare
index.html,/bookmakers/,Bookmakers
index.html,/glossary.html,Glossary
index.html,/calculators.html,Calculators
index.html,/blog/,Blog
index.html,/psl-match-centre.html,⚽ PSL Live
index.html,/prediction-markets.html,💰 Smart Money
index.html,/best-betting-sites-south-africa.html,All SA Betting Sites Ranked 2026
index.html,/how-to-bet-south-africa.html,How to Bet in South Africa
index.html,/blog/springboks-vs-argentina-august-2026-betting-guide.html,Rugby Championship
index.html,/blog/betway-premiership-2026-27-opening-weekend-betting-guide.html,PSL season
index.html,/blog/currie-cup-betting-odds-south-africa-2026.html,Currie Cup
index.html,/blog/south-africa-welcome-bonus-guide-2026.html#comparison-table,See full catch
index.html,/blog/betway-review-south-africa-2026.html,Read review
index.html,/go/betway.html?subid=home-table,Open Betway
index.html,/blog/south-africa-welcome-bonus-guide-2026.html#bcgame,See full catch
index.html,/go/bcgame.html?subid=home-table,Open BC.Game
index.html,/blog/south-africa-welcome-bonus-guide-2026.html#hollywoodbets,See full catch
index.html,/blog/hollywoodbets-review-south-africa-2026.html,Read review
index.html,/go/hollywoodbets.html?subid=home-table,Open Hollywoodbets
index.html,/blog/south-africa-welcome-bonus-guide-2026.html#sportingbet,See full catch
index.html,/blog/sportingbet-review-south-africa-2026.html,Read review
index.html,/go/sportingbet.html?subid=home-table,Open Sportingbet
index.html,/blog/south-africa-welcome-bonus-guide-2026.html#10bet,See full catch
index.html,/blog/10bet-review-south-africa-2026.html,Read review
index.html,/go/10bet.html?subid=home-table,Open 10bet
index.html,/blog/south-africa-welcome-bonus-guide-2026.html#playcoza,See full catch
index.html,/bookmakers/play-co-za-review.html,Read review
index.html,/go/play-co-za.html?subid=home-table,Open Play.co.za
index.html,/blog/south-africa-welcome-bonus-guide-2026.html#playabets,See full catch
index.html,/blog/playabets-review-south-africa-2026.html,Read review
index.html,/blog/yesplay-review-south-africa-2026.html,See full review
index.html,/blog/yesplay-review-south-africa-2026.html,Read review
index.html,/blog/lottostar-review-south-africa-2026.html,See full review
index.html,/blog/lottostar-review-south-africa-2026.html,Read review
index.html,/blog/south-africa-welcome-bonus-guide-2026.html#supabets,See full catch
index.html,/blog/supabets-review-south-africa-2026.html,Read review
index.html,/go/supabets.html?subid=home-table,Open Supabets
index.html,/blog/easybet-review-south-africa-2026.html,See full review
index.html,/blog/easybet-review-south-africa-2026.html,Read review
index.html,/go/easybet.html?subid=home-table,Open Easybet
index.html,/blog/bet-co-za-review-south-africa-2026.html,See full review
index.html,/blog/bet-co-za-review-south-africa-2026.html,Read review
index.html,/go/bet-co-za.html?subid=home-table,Open BET.co.za
index.html,/blog/betfred-review-south-africa-2026.html,See full review
index.html,/blog/betfred-review-south-africa-2026.html,Read review
index.html,/go/betfred.html?subid=home-table,Open Betfred
index.html,/blog/betolimp-review-south-africa-2026.html,See full review
index.html,/blog/betolimp-review-south-africa-2026.html,Read review
index.html,/go/betolimp.html?subid=home-table,Open BetOlimp
index.html,/blog/betshezi-review-south-africa-2026.html,See full review
index.html,/blog/betshezi-review-south-africa-2026.html,Read review
index.html,/go/betshezi.html?subid=home-table,Open Betshezi
index.html,/blog/south-africa-welcome-bonus-guide-2026.html#world-sports-betting,See full catch
index.html,/blog/wsb-review-south-africa-2026.html,Read review
index.html,/go/world-sports-betting.html?subid=home-table,Open World Sports Betting
index.html,/blog/south-africa-welcome-bonus-guide-2026.html#gbets,See full catch
index.html,/blog/gbets-review-south-africa-2026.html,Read review
index.html,/go/gbets.html?subid=home-table,Open Gbets
index.html,/blog/south-africa-welcome-bonus-guide-2026.html#sunbet,See full catch
index.html,/blog/sunbet-review-south-africa-2026.html,Read review
index.html,/go/sunbet.html?subid=home-table,Open Sunbet
index.html,/blog/betway-review-south-africa-2026.html,Read Betway review
index.html,/go/bcgame.html?subid=home-card,Open BC.Game
index.html,/go/hollywoodbets.html?subid=home-table,Join Hollywoodbets
index.html,/blog/sportingbet-review-south-africa-2026.html,Read Sportingbet review
index.html,/go/10bet.html?subid=home-table,Join 10bet
index.html,/go/play-co-za.html?subid=home-table,Join Play.co.za
index.html,/blog/yesplay-review-south-africa-2026.html,Read YesPlay review
index.html,/blog/lottostar-review-south-africa-2026.html,Read LottoStar review
index.html,/go/supabets.html?subid=home-card,Open Supabets
index.html,/go/easybet.html?subid=home-card,Open Easybet
index.html,/blog/bet-co-za-review-south-africa-2026.html,Read BET.co.za review
index.html,/blog/betfred-review-south-africa-2026.html,Read Betfred review
index.html,/blog/betolimp-review-south-africa-2026.html,Read BetOlimp review
index.html,/blog/betshezi-review-south-africa-2026.html,Read Betshezi review
index.html,/blog/wsb-review-south-africa-2026.html,Read World Sports Betting review
index.html,/blog/gbets-review-south-africa-2026.html,Read Gbets review
index.html,/blog/sunbet-review-south-africa-2026.html,Read Sunbet review
index.html,/bookmakers/,bookmaker review hub
index.html,/blog/crypto-casino-rewards-south-africa-2026.html,Read guide &rarr;
index.html,/blog/both-teams-to-score-betting-south-africa-2026.html,Read guide &rarr;
index.html,/blog/draw-no-bet-south-africa-2026.html,Read guide &rarr;
index.html,/blog/payshap-betting-deposits-withdrawals-south-africa-2026.html,Read guide &rarr;
index.html,/blog/mtn8-semi-final-betting-guide-south-africa-2026.html,Read guide &rarr;
index.html,/blog/psl-newly-promoted-clubs-betting-guide-2026-27.html,Read guide &rarr;
index.html,/blog/licensed-vs-illegal-betting-sites-south-africa-2026.html,Read guide &rarr;
index.html,/blog/springboks-vs-argentina-august-2026-betting-guide.html,Read guide &rarr;
index.html,/blog/currie-cup-betting-odds-south-africa-2026.html,Read guide &rarr;
index.html,/blog/,Browse all betting guides &rarr;
index.html,/psl-match-centre.html,View Live PSL Scores →
index.html,/psl-match-centre.html,Full Match Centre →
index.html,/psl-match-centre.html,${homeLogo?` `:''}${homeName} ${mid} ${awayName}${awayLogo?` `:''}
index.html,/best-odds-finder.html,View Odds Benchmarks →
index.html,/about.html,About
index.html,/editorial-policy.html,Editorial Policy
index.html,/responsible-gambling.html,Responsible Gambling
index.html,/privacy.html,Privacy
index.html,/contact.html,Contact
index.html,/blog/,Blog
index.html,/blog/category-bookmaker-comparisons.html,Bookmaker Comparisons
index.html,/glossary.html,Glossary
kelly-criterion-calculator.html,/,BetSorted
kelly-criterion-calculator.html,/#comparison,Compare
kelly-criterion-calculator.html,/bookmakers/,Bookmakers
kelly-criterion-calculator.html,/glossary.html,Glossary
kelly-criterion-calculator.html,/calculators.html,Calculators
kelly-criterion-calculator.html,/blog/,Blog
kelly-criterion-calculator.html,/psl-match-centre.html,⚽ PSL Live
kelly-criterion-calculator.html,/prediction-markets.html,💰 Smart Money
kelly-criterion-calculator.html,/,Home
kelly-criterion-calculator.html,/about.html,About
kelly-criterion-calculator.html,/editorial-policy.html,Editorial Policy
kelly-criterion-calculator.html,/responsible-gambling.html,Responsible Gambling
kelly-criterion-calculator.html,/blog/,Blog
kelly-criterion-calculator.html,/blog/category-bookmaker-comparisons.html,Bookmaker Comparisons
kelly-criterion-calculator.html,/psl-match-centre.html,⚽ PSL Live
odds-comparison.html,/,BetSorted
odds-comparison.html,/#comparison,Compare
odds-comparison.html,/bookmakers/,Bookmakers
odds-comparison.html,/glossary.html,Glossary
odds-comparison.html,/calculators.html,Calculators
odds-comparison.html,/blog/,Blog
odds-comparison.html,/psl-match-centre.html,⚽ PSL Live
odds-comparison.html,/prediction-markets.html,💰 Smart Money
odds-comparison.html,/,Home
odds-comparison.html,/betting-calculator.html,betting calculator South Africa
odds-comparison.html,/accumulator-calculator.html,accumulator calculator
odds-comparison.html,/,best bookmakers South Africa
odds-comparison.html,/accumulator-calculator.html,🎲 Build an Accumulator Combine the best odds into one multi-leg bet
odds-comparison.html,/betting-calculator.html,💰 Calculate Your Returns See exactly how much you'll win with different odds
odds-comparison.html,/,"🏆 Full Bookmaker Comparison Odds, bonuses, payouts, and live betting compared"
odds-comparison.html,/,Back to BetSorted
odds-comparison.html,/about.html,About
odds-comparison.html,/editorial-policy.html,Editorial Policy
odds-comparison.html,/responsible-gambling.html,Responsible Gambling
odds-comparison.html,/privacy.html,Privacy
odds-comparison.html,/contact.html,Contact
odds-comparison.html,/blog/,Blog
odds-comparison.html,/blog/category-bookmaker-comparisons.html,Bookmaker Comparisons
odds-converter.html,/,BetSorted
odds-converter.html,/#comparison,Compare
odds-converter.html,/bookmakers/,Bookmakers
odds-converter.html,/glossary.html,Glossary
odds-converter.html,/calculators.html,Calculators
odds-converter.html,/blog/,Blog
odds-converter.html,/psl-match-centre.html,⚽ PSL Live
odds-converter.html,/prediction-markets.html,💰 Smart Money
odds-converter.html,/,Home
odds-converter.html,/about.html,About
odds-converter.html,/editorial-policy.html,Editorial Policy
odds-converter.html,/responsible-gambling.html,Responsible Gambling
odds-converter.html,/blog/,Blog
odds-converter.html,/blog/category-bookmaker-comparisons.html,Bookmaker Comparisons
odds-converter.html,/psl-match-centre.html,⚽ PSL Live
ongoing-betting-rewards-south-africa.html,/,BetSorted
ongoing-betting-rewards-south-africa.html,/#comparison,Compare
ongoing-betting-rewards-south-africa.html,/bookmakers/,Bookmakers
ongoing-betting-rewards-south-africa.html,/glossary.html,Glossary
ongoing-betting-rewards-south-africa.html,/calculators.html,Calculators
ongoing-betting-rewards-south-africa.html,/blog/,Blog
ongoing-betting-rewards-south-africa.html,/psl-match-centre.html,⚽ PSL Live
ongoing-betting-rewards-south-africa.html,/prediction-markets.html,💰 Smart Money
ongoing-betting-rewards-south-africa.html,/,Home
ongoing-betting-rewards-south-africa.html,/blog/betway-review-south-africa-2026.html,Betway
ongoing-betting-rewards-south-africa.html,/go/hollywoodbets.html?subid=post-ongoing-rewards-operator-table,Hollywoodbets
ongoing-betting-rewards-south-africa.html,/bookmakers/,Compare licensed bookmakers
ongoing-betting-rewards-south-africa.html,/blog/south-africa-welcome-bonus-guide-2026.html,Read the welcome bonus guide
ongoing-betting-rewards-south-africa.html,/about.html,About
ongoing-betting-rewards-south-africa.html,/editorial-policy.html,Editorial Policy
ongoing-betting-rewards-south-africa.html,/responsible-gambling.html,Responsible Gambling
ongoing-betting-rewards-south-africa.html,/privacy.html,Privacy
ongoing-betting-rewards-south-africa.html,/contact.html,Contact
ongoing-betting-rewards-south-africa.html,/blog/,Blog
ongoing-betting-rewards-south-africa.html,/blog/category-bookmaker-comparisons.html,Bookmaker Comparisons
outright-value-tracker.html,/,BetSorted
outright-value-tracker.html,/#comparison,Compare
outright-value-tracker.html,/bookmakers/,Bookmakers
outright-value-tracker.html,/glossary.html,Glossary
outright-value-tracker.html,/calculators.html,Calculators
outright-value-tracker.html,/blog/,Blog
outright-value-tracker.html,/psl-match-centre.html,⚽ PSL Live
outright-value-tracker.html,/prediction-markets.html,💰 Smart Money
outright-value-tracker.html,/,Home
outright-value-tracker.html,/about.html,About
outright-value-tracker.html,/editorial-policy.html,Editorial Policy
outright-value-tracker.html,/responsible-gambling.html,Responsible Gambling
outright-value-tracker.html,/blog/,Blog
outright-value-tracker.html,/blog/category-bookmaker-comparisons.html,Bookmaker Comparisons
outright-value-tracker.html,/psl-match-centre.html,PSL Live
prediction-markets.html,/,BetSorted
prediction-markets.html,/#comparison,Compare
prediction-markets.html,/bookmakers/,Bookmakers
prediction-markets.html,/glossary.html,Glossary
prediction-markets.html,/calculators.html,Calculators
prediction-markets.html,/blog/,Blog
prediction-markets.html,/psl-match-centre.html,⚽ PSL Live
prediction-markets.html,/prediction-markets.html,💰 Smart Money
prediction-markets.html,/,Home
prediction-markets.html,/responsible-gambling.html,Need help?
prediction-markets.html,/about.html,About
prediction-markets.html,/editorial-policy.html,Editorial Policy
prediction-markets.html,/responsible-gambling.html,Responsible Gambling
prediction-markets.html,/blog/,Blog
prediction-markets.html,/blog/category-bookmaker-comparisons.html,Bookmaker Comparisons
prediction-markets.html,/psl-match-centre.html,⚽ PSL Live
prediction-markets.html,/best-odds-finder.html,Compare odds
prediction-markets.html,/best-odds-finder.html,Best Odds Finder feed
prediction-markets.html,/best-odds-finder.html,Best Odds Finder
prediction-markets.html,/value-bet-calculator.html,Calculate EV →
prediction-markets.html,/kelly-criterion-calculator.html,Calculate Stake →
prediction-markets.html,/calculators.html,visit our tools hub
prediction-markets.html,/value-bet-calculator.html,Calculate EV →
prediction-markets.html,/kelly-criterion-calculator.html,Calculate Stake →
privacy.html,/,BetSorted
privacy.html,/#comparison,Compare
privacy.html,/bookmakers/,Bookmakers
privacy.html,/glossary.html,Glossary
privacy.html,/calculators.html,Calculators
privacy.html,/blog/,Blog
privacy.html,/psl-match-centre.html,⚽ PSL Live
privacy.html,/prediction-markets.html,💰 Smart Money
privacy.html,/,Home
privacy.html,/contact.html,BetSorted
privacy.html,/about.html,About
privacy.html,/editorial-policy.html,Editorial Policy
privacy.html,/responsible-gambling.html,Responsible Gambling
privacy.html,/privacy.html,Privacy
privacy.html,/contact.html,Contact
privacy.html,/blog/,Blog
privacy.html,/blog/category-bookmaker-comparisons.html,Bookmaker Comparisons
psl-betting-guide.html,/,BetSorted
psl-betting-guide.html,/#comparison,Compare
psl-betting-guide.html,/bookmakers/,Bookmakers
psl-betting-guide.html,/glossary.html,Glossary
psl-betting-guide.html,/calculators.html,Calculators
psl-betting-guide.html,/blog/,Blog
psl-betting-guide.html,/psl-match-centre.html,⚽ PSL Live
psl-betting-guide.html,/prediction-markets.html,💰 Smart Money
psl-betting-guide.html,/,Home
psl-betting-guide.html,/,🎲 BetSorted
psl-betting-guide.html,/#odds,Live Odds
psl-betting-guide.html,/calculators.html,Calculators
psl-betting-guide.html,/blog/,Blog
psl-betting-guide.html,/best-betting-apps.html,Betting Apps
psl-betting-guide.html,/psl-match-centre.html,PSL Match Centre
psl-betting-guide.html,/best-odds-finder.html,Check today’s best odds →
psl-betting-guide.html,/about.html,About
psl-betting-guide.html,/editorial-policy.html,Editorial Policy
psl-betting-guide.html,/responsible-gambling.html,Responsible Gambling
psl-betting-guide.html,/privacy.html,Privacy
psl-betting-guide.html,/contact.html,Contact
psl-betting-guide.html,/blog/,Blog
psl-betting-guide.html,/blog/category-bookmaker-comparisons.html,Bookmaker Comparisons
psl-fixtures.html,/,BetSorted
psl-fixtures.html,/#comparison,Compare
psl-fixtures.html,/bookmakers/,Bookmakers
psl-fixtures.html,/glossary.html,Glossary
psl-fixtures.html,/calculators.html,Calculators
psl-fixtures.html,/blog/,Blog
psl-fixtures.html,/psl-match-centre.html,⚽ PSL Live
psl-fixtures.html,/prediction-markets.html,💰 Smart Money
psl-fixtures.html,/,Home
psl-fixtures.html,/best-odds-finder.html,🔍 Find Best Odds →
psl-fixtures.html,/best-odds-finder.html,Best Odds Finder
psl-fixtures.html,/blog/best-psl-betting-site-2026.html,Best PSL Betting Site 2026
psl-fixtures.html,/about.html,About
psl-fixtures.html,/editorial-policy.html,Editorial Policy
psl-fixtures.html,/responsible-gambling.html,Responsible Gambling
psl-fixtures.html,/blog/,Blog
psl-fixtures.html,/blog/category-bookmaker-comparisons.html,Bookmaker Comparisons
psl-fixtures.html,/psl-match-centre.html,⚽ PSL Live
psl-fixtures.html,/blog/best-psl-betting-site-2026.html,View our PSL betting guide →
psl-fixtures.html,/best-odds-finder.html,Compare all bookmakers →
psl-fixtures.html,/blog/best-psl-betting-site-2026.html,PSL Betting Guide →
psl-match-centre.html,/,BetSorted
psl-match-centre.html,/#comparison,Compare
psl-match-centre.html,/bookmakers/,Bookmakers
psl-match-centre.html,/glossary.html,Glossary
psl-match-centre.html,/calculators.html,Calculators
psl-match-centre.html,/blog/,Blog
psl-match-centre.html,/psl-match-centre.html,⚽ PSL Live
psl-match-centre.html,/prediction-markets.html,💰 Smart Money
psl-match-centre.html,/,Home
psl-match-centre.html,/about.html,About
psl-match-centre.html,/editorial-policy.html,Editorial Policy
psl-match-centre.html,/responsible-gambling.html,Responsible Gambling
psl-match-centre.html,/blog/,Blog
psl-match-centre.html,/blog/category-bookmaker-comparisons.html,Bookmaker Comparisons
psl-match-centre.html,/world-cup-zone.html,World Cup Zone
psl-match-centre.html,/psl-match-centre.html,⚽ PSL Live
psl-match-centre.html,/best-odds-finder.html,Compare live odds →
psl-match-centre.html,/responsible-gambling.html,Need help?
responsible-gambling.html,/,BetSorted
responsible-gambling.html,/#comparison,Compare
responsible-gambling.html,/bookmakers/,Bookmakers
responsible-gambling.html,/glossary.html,Glossary
responsible-gambling.html,/calculators.html,Calculators
responsible-gambling.html,/blog/,Blog
responsible-gambling.html,/psl-match-centre.html,⚽ PSL Live
responsible-gambling.html,/prediction-markets.html,💰 Smart Money
responsible-gambling.html,/,Home
responsible-gambling.html,/about.html,About
responsible-gambling.html,/editorial-policy.html,Editorial Policy
responsible-gambling.html,/responsible-gambling.html,Responsible Gambling
responsible-gambling.html,/privacy.html,Privacy
responsible-gambling.html,/contact.html,Contact
responsible-gambling.html,/blog/,Blog
responsible-gambling.html,/blog/category-bookmaker-comparisons.html,Bookmaker Comparisons
reward-calculator.html,/,BetSorted
reward-calculator.html,/#comparison,Compare
reward-calculator.html,/bookmakers/,Bookmakers
reward-calculator.html,/glossary.html,Glossary
reward-calculator.html,/calculators.html,Calculators
reward-calculator.html,/blog/,Blog
reward-calculator.html,/psl-match-centre.html,⚽ PSL Live
reward-calculator.html,/prediction-markets.html,💰 Smart Money
reward-calculator.html,/,Home
reward-calculator.html,/blog/south-africa-welcome-bonus-guide-2026.html,Welcome Bonus Guide
reward-calculator.html,/about.html,About
reward-calculator.html,/editorial-policy.html,Editorial Policy
reward-calculator.html,/responsible-gambling.html,Responsible Gambling
reward-calculator.html,/glossary.html,Glossary
reward-calculator.html,/blog/,Blog
reward-calculator.html,/blog/category-bookmaker-comparisons.html,Bookmaker Comparisons
reward-calculator.html,/psl-match-centre.html,PSL Live
social-templates/data-bomb.html,/,Home
social-templates/loss-slap.html,/,Home
social-templates/money-shot.html,/,Home
social-templates/odds-gap.html,/,Home
social-templates/tweet1-feb27.html,/,Home
social-templates/tweet1-odds-gap.html,/,Home
social-templates/tweet2-feb27.html,/,Home
social-templates/tweet2-money.html,/,Home
social-templates/tweet3-data.html,/,Home
social-templates/vs-battle.html,/,Home
social-templates/yearly-loss.html,/,Home
sportingbet-vs-hollywoodbets.html,/,BetSorted
sportingbet-vs-hollywoodbets.html,/#comparison,Compare
sportingbet-vs-hollywoodbets.html,/bookmakers/,Bookmakers
sportingbet-vs-hollywoodbets.html,/glossary.html,Glossary
sportingbet-vs-hollywoodbets.html,/calculators.html,Calculators
sportingbet-vs-hollywoodbets.html,/blog/,Blog
sportingbet-vs-hollywoodbets.html,/psl-match-centre.html,⚽ PSL Live
sportingbet-vs-hollywoodbets.html,/prediction-markets.html,💰 Smart Money
sportingbet-vs-hollywoodbets.html,/,Home
sportingbet-vs-hollywoodbets.html,/,🎲 BetSorted
sportingbet-vs-hollywoodbets.html,/#odds,Live Odds
sportingbet-vs-hollywoodbets.html,/calculators.html,Calculators
sportingbet-vs-hollywoodbets.html,/blog/,Blog
sportingbet-vs-hollywoodbets.html,/best-betting-apps.html,Betting Apps
sportingbet-vs-hollywoodbets.html,/odds-comparison.html,Odds Comparison
sportingbet-vs-hollywoodbets.html,/best-odds-finder.html,Check today’s best odds →
sportingbet-vs-hollywoodbets.html,/about.html,About
sportingbet-vs-hollywoodbets.html,/editorial-policy.html,Editorial Policy
sportingbet-vs-hollywoodbets.html,/responsible-gambling.html,Responsible Gambling
sportingbet-vs-hollywoodbets.html,/privacy.html,Privacy
sportingbet-vs-hollywoodbets.html,/contact.html,Contact
sportingbet-vs-hollywoodbets.html,/blog/,Blog
sportingbet-vs-hollywoodbets.html,/blog/category-bookmaker-comparisons.html,Bookmaker Comparisons
system-bet-calculator.html,/,BetSorted
system-bet-calculator.html,/#comparison,Compare
system-bet-calculator.html,/bookmakers/,Bookmakers
system-bet-calculator.html,/glossary.html,Glossary
system-bet-calculator.html,/calculators.html,Calculators
system-bet-calculator.html,/blog/,Blog
system-bet-calculator.html,/psl-match-centre.html,⚽ PSL Live
system-bet-calculator.html,/prediction-markets.html,💰 Smart Money
system-bet-calculator.html,/,Home
system-bet-calculator.html,/accumulator-calculator.html,accumulator calculator
system-bet-calculator.html,/betting-calculator.html,betting calculator
system-bet-calculator.html,/each-way-calculator.html,each-way calculator
system-bet-calculator.html,/accumulator-calculator.html,🎲 Accumulator Calculator Build a standard acca with unlimited legs
system-bet-calculator.html,/each-way-calculator.html,🏇 Each-Way Calculator Calculate win and place returns for horse racing
system-bet-calculator.html,/betting-calculator.html,🧮 Betting Calculator Calculate returns for single bets and convert odds
system-bet-calculator.html,/,🏆 Compare SA Bookmakers Find the best odds and bonuses for system bets
system-bet-calculator.html,/calculators.html,View All Calculators
system-bet-calculator.html,/about.html,About
system-bet-calculator.html,/editorial-policy.html,Editorial Policy
system-bet-calculator.html,/responsible-gambling.html,Responsible Gambling
system-bet-calculator.html,/privacy.html,Privacy
system-bet-calculator.html,/contact.html,Contact
system-bet-calculator.html,/blog/,Blog
system-bet-calculator.html,/blog/category-bookmaker-comparisons.html,Bookmaker Comparisons
templates/bookmaker-review.html,/,BetSorted
templates/bookmaker-review.html,/#comparison,Compare
templates/bookmaker-review.html,/bookmakers/,Bookmakers
templates/bookmaker-review.html,/glossary.html,Glossary
templates/bookmaker-review.html,/calculators.html,Calculators
templates/bookmaker-review.html,/blog/,Blog
templates/bookmaker-review.html,/psl-match-centre.html,⚽ PSL Live
templates/bookmaker-review.html,/prediction-markets.html,💰 Smart Money
templates/bookmaker-review.html,/glossary.html,South Africa betting glossary
templates/bookmaker-review.html,/bookmakers/,Bookmakers hub
templates/bookmaker-sport.html,/,BetSorted
templates/bookmaker-sport.html,/#comparison,Compare
templates/bookmaker-sport.html,/bookmakers/,Bookmakers
templates/bookmaker-sport.html,/glossary.html,Glossary
templates/bookmaker-sport.html,/calculators.html,Calculators
templates/bookmaker-sport.html,/blog/,Blog
templates/bookmaker-sport.html,/psl-match-centre.html,⚽ PSL Live
templates/bookmaker-sport.html,/prediction-markets.html,💰 Smart Money
templates/bookmaker-sport.html,/bookmakers/,Compare more bookmakers
templates/bookmaker-sport.html,/glossary.html,Betting glossary for South Africa
templates/partials/header.html,/,BetSorted
templates/partials/header.html,/#comparison,Compare
templates/partials/header.html,/bookmakers/,Bookmakers
templates/partials/header.html,/glossary.html,Glossary
templates/partials/header.html,/calculators.html,Calculators
templates/partials/header.html,/blog/,Blog
templates/partials/header.html,/psl-match-centre.html,⚽ PSL Live
templates/partials/header.html,/prediction-markets.html,💰 Smart Money
terms.html,/,BetSorted
terms.html,/#comparison,Compare
terms.html,/bookmakers/,Bookmakers
terms.html,/glossary.html,Glossary
terms.html,/calculators.html,Calculators
terms.html,/blog/,Blog
terms.html,/psl-match-centre.html,⚽ PSL Live
terms.html,/prediction-markets.html,💰 Smart Money
terms.html,/,Home
terms.html,/editorial-policy.html,editorial policy
terms.html,/responsible-gambling.html,responsible gambling page
terms.html,/contact.html,contact page
terms.html,/about.html,About
terms.html,/editorial-policy.html,Editorial Policy
terms.html,/responsible-gambling.html,Responsible Gambling
terms.html,/privacy.html,Privacy
terms.html,/contact.html,Contact
terms.html,/blog/,Blog
terms.html,/blog/category-bookmaker-comparisons.html,Bookmaker Comparisons
value-bet-calculator.html,/,BetSorted
value-bet-calculator.html,/#comparison,Compare
value-bet-calculator.html,/bookmakers/,Bookmakers
value-bet-calculator.html,/glossary.html,Glossary
value-bet-calculator.html,/calculators.html,Calculators
value-bet-calculator.html,/blog/,Blog
value-bet-calculator.html,/psl-match-centre.html,⚽ PSL Live
value-bet-calculator.html,/prediction-markets.html,💰 Smart Money
value-bet-calculator.html,/,Home
value-bet-calculator.html,/,homepage
value-bet-calculator.html,/about.html,About
value-bet-calculator.html,/editorial-policy.html,Editorial Policy
value-bet-calculator.html,/responsible-gambling.html,Responsible Gambling
value-bet-calculator.html,/blog/,Blog
value-bet-calculator.html,/blog/category-bookmaker-comparisons.html,Bookmaker Comparisons
value-bet-calculator.html,/psl-match-centre.html,⚽ PSL Live
withdrawal-speed-comparison.html,/,BetSorted
withdrawal-speed-comparison.html,/#comparison,Compare
withdrawal-speed-comparison.html,/bookmakers/,Bookmakers
withdrawal-speed-comparison.html,/glossary.html,Glossary
withdrawal-speed-comparison.html,/calculators.html,Calculators
withdrawal-speed-comparison.html,/blog/,Blog
withdrawal-speed-comparison.html,/psl-match-centre.html,⚽ PSL Live
withdrawal-speed-comparison.html,/prediction-markets.html,💰 Smart Money
withdrawal-speed-comparison.html,/,Home
withdrawal-speed-comparison.html,/about.html,About
withdrawal-speed-comparison.html,/editorial-policy.html,Editorial Policy
withdrawal-speed-comparison.html,/responsible-gambling.html,Responsible Gambling
withdrawal-speed-comparison.html,/blog/,Blog
withdrawal-speed-comparison.html,/blog/category-bookmaker-comparisons.html,Bookmaker Comparisons
withdrawal-speed-comparison.html,/psl-match-centre.html,⚽ PSL Live
world-cup-zone.html,/,BetSorted
world-cup-zone.html,/#comparison,Compare
world-cup-zone.html,/bookmakers/,Bookmakers
world-cup-zone.html,/glossary.html,Glossary
world-cup-zone.html,/calculators.html,Calculators
world-cup-zone.html,/blog/,Blog
world-cup-zone.html,/psl-match-centre.html,⚽ PSL Live
world-cup-zone.html,/prediction-markets.html,💰 Smart Money
world-cup-zone.html,/,Home
world-cup-zone.html,/go/hollywoodbets.html?subid=post-world-cup-zone,Bet World Cup with Hollywoodbets
world-cup-zone.html,/prediction-markets.html,Check smart money
world-cup-zone.html,/prediction-markets.html,Open full smart-money page
world-cup-zone.html,/blog/fifa-world-cup-2026-betting-guide-south-africa.html,Open guide
world-cup-zone.html,/blog/best-bookmakers-world-cup-2026-south-africa.html,Compare bookmakers
world-cup-zone.html,/prediction-markets.html,Check smart money
world-cup-zone.html,/blog/bafana-world-cup-betting-guide.html,Plan knockout bets
world-cup-zone.html,/go/hollywoodbets.html?subid=post-world-cup-zone,Open Hollywoodbets
world-cup-zone.html,/blog/psl-title-race-betting-guide.html,Read comparison
world-cup-zone.html,/blog/hollywoodbets-vs-supabets-2026.html,Read comparison
world-cup-zone.html,/prediction-markets.html,View probabilities
world-cup-zone.html,/value-bet-calculator.html,Open value calculator
world-cup-zone.html,/blog/bafana-world-cup-betting-guide.html,Read SA angle
world-cup-zone.html,/blog/bafana-world-cup-betting-guide.html,Read week 2 tips
world-cup-zone.html,/blog/bafana-world-cup-betting-guide.html,Read weekend preview
world-cup-zone.html,/calculators.html,Open calculators
world-cup-zone.html,/about.html,About
world-cup-zone.html,/editorial-policy.html,Editorial Policy
world-cup-zone.html,/responsible-gambling.html,Responsible Gambling
world-cup-zone.html,/blog/,Blog
world-cup-zone.html,/blog/category-bookmaker-comparisons.html,Bookmaker Comparisons
world-cup-zone.html,/psl-match-centre.html,PSL Live
