path,url,title,h1,meta_description,canonical,word_count,in_sitemap
about.html,https://betsorted.co.za/about.html,About BetSorted | Independent SA Betting Comparison,About BetSorted,About BetSorted: South Africa,https://betsorted.co.za/about.html,667,yes
accumulator-calculator.html,https://betsorted.co.za/accumulator-calculator.html,Accumulator Calculator South Africa | Free Acca Calculator,Accumulator Calculator South Africa,"Accumulator calculator South Africa: Build your acca, calculate total odds, potential returns and profit in Rands. Free acca calculator for SA punters.",https://betsorted.co.za/accumulator-calculator.html,1134,yes
arbitrage-calculator.html,https://betsorted.co.za/arbitrage-calculator.html,Arbitrage Calculator South Africa | BetSorted,📊 Arbitrage Calculator,Free arbitrage calculator for South Africa. Find guaranteed profits by backing all outcomes across SA bookmakers.,https://betsorted.co.za/arbitrage-calculator.html,281,yes
bankroll-tracker.html,https://betsorted.co.za/bankroll-tracker.html,Betting Bankroll Tracker South Africa | BetSorted,📒 Betting Bankroll Tracker,"Free betting bankroll tracker for South Africa. Log your bets, track profit and loss, calculate ROI. All data saved locally — no account needed.",https://betsorted.co.za/bankroll-tracker.html,178,yes
best-betting-apps.html,https://betsorted.co.za/best-betting-apps.html,7 Best Betting Apps South Africa (2026) | Tested & Ranked,Best Betting Apps South Africa 2026,"Best betting apps in South Africa for 2026. Tested and ranked with honest pros, cons, payout speed, and odds notes.",https://betsorted.co.za/best-betting-apps.html,3134,yes
best-betting-sites-south-africa.html,https://betsorted.co.za/best-betting-sites-south-africa.html,All SA Betting Sites Ranked 2026 | BetSorted,All SA Betting Sites Ranked 2026,"All SA betting sites ranked for 2026. Compare licensed South African bookmakers by minimum deposit, withdrawals, FICA, data-free access, sports coverage.",https://betsorted.co.za/best-betting-sites-south-africa.html,2022,yes
best-odds-finder.html,https://betsorted.co.za/best-odds-finder.html,Best Odds Finder SA | Odds Benchmark Tool | BetSorted,🎯 Best Odds Finder,Use exchange-derived fair odds and international reference prices as a benchmark before checking licensed South African bookmakers directly.,https://betsorted.co.za/best-odds-finder.html,12287,yes
betting-bonuses-south-africa.html,https://betsorted.co.za/betting-bonuses-south-africa.html,Betting Bonuses South Africa (2026) | What Actually Matters,Betting Bonuses South Africa: What Actually Matters,"A practical guide to betting bonuses in South Africa. Learn rollover rules, free bets, and how to avoid promo traps.",https://betsorted.co.za/betting-bonuses-south-africa.html,235,yes
betting-calculator.html,https://betsorted.co.za/betting-calculator.html,Betting Calculator South Africa | Free Odds Converter,Betting Calculator South Africa,"Betting calculator South Africa: calculate returns, convert decimal, fractional and American odds, and compare payouts in seconds. Free and mobile friendly.",https://betsorted.co.za/betting-calculator.html,620,yes
betway-vs-hollywoodbets.html,https://betsorted.co.za/betway-vs-hollywoodbets.html,Redirecting…,,,https://betsorted.co.za/blog/betway-vs-hollywoodbets.html,27,no
blog/10bet-review-south-africa-2026.html,https://betsorted.co.za/blog/10bet-review-south-africa-2026.html,10bet Review South Africa (2026) | BetSorted,10bet Review South Africa (2026): International Odds and SA Payment Options,"10bet review for SA bettors. We look at odds value, PSL markets, ZAR deposits, FICA checks, and how 10bet fits in a local betting mix.",https://betsorted.co.za/blog/10bet-review-south-africa-2026.html,1599,yes
blog/10bet-vs-supabets-south-africa-2026.html,https://betsorted.co.za/blog/10bet-vs-supabets-south-africa-2026.html,10Bet vs Supabets South Africa 2026 | BetSorted,10Bet vs Supabets South Africa 2026: Which Bookmaker Is Right for You?,Two of the most talked-about bookmakers in South Africa right now — and they could not be more different. 10Bet brings international pedigree and sharp...,https://betsorted.co.za/blog/10bet-vs-supabets-south-africa-2026.html,2095,yes
blog/5-common-betting-mistakes-south-africa-2026.html,https://betsorted.co.za/blog/5-common-betting-mistakes-south-africa-2026.html,5 Common Betting Mistakes South African Punters Make,5 Common Betting Mistakes South African Punters Make (And How to Avoid Them),"Avoid the 5 most common betting mistakes South African punters make. Learn smart bankroll management, value betting, and how to stop chasing losses at SA.",https://betsorted.co.za/blog/5-common-betting-mistakes-south-africa-2026.html,2092,yes
blog/accumulator-betting-guide-south-africa-2026.html,https://betsorted.co.za/blog/accumulator-betting-guide-south-africa-2026.html,Accumulator Betting Guide South Africa | BetSorted,"Accumulator Betting Guide South Africa: Strategy, Tips & Calculator","Complete guide to accumulator betting in South Africa. Learn how accas work, how odds multiply, see PSL &amp; rugby examples, and use our free calculator.",https://betsorted.co.za/blog/accumulator-betting-guide-south-africa-2026.html,2325,yes
blog/aviator-betting-sites-south-africa-2026.html,https://betsorted.co.za/blog/aviator-betting-sites-south-africa-2026.html,Aviator Betting Sites South Africa 2026 | BetSorted,Aviator Betting Sites South Africa 2026 — Best Apps & Strategy,"Best Aviator betting sites in South Africa 2026. Compare Hollywoodbets, Betway, Supabets &amp; more for Aviator — strategy tips, cash out timing, and minimum.",https://betsorted.co.za/blog/aviator-betting-sites-south-africa-2026.html,1468,yes
blog/bafana-bafana-vs-panama-betting-preview-march-2026.html,https://betsorted.co.za/blog/bafana-bafana-vs-panama-betting-preview-march-2026.html,Redirecting…,,,https://betsorted.co.za/blog/bafana-world-cup-betting-guide.html,27,no
blog/bafana-bafana-world-cup-2026-betting-guide-south-africa.html,https://betsorted.co.za/blog/bafana-bafana-world-cup-2026-betting-guide-south-africa.html,Redirecting…,,,https://betsorted.co.za/blog/bafana-world-cup-betting-guide.html,27,no
blog/bafana-group-a-world-cup-2026-betting-south-africa.html,https://betsorted.co.za/blog/bafana-group-a-world-cup-2026-betting-south-africa.html,Redirecting…,,,https://betsorted.co.za/blog/bafana-world-cup-betting-guide.html,27,no
blog/bafana-must-win-czechia-world-cup-2026-june-22.html,https://betsorted.co.za/blog/bafana-must-win-czechia-world-cup-2026-june-22.html,Redirecting…,,,https://betsorted.co.za/blog/bafana-world-cup-betting-guide.html,27,no
blog/bafana-vs-czechia-world-cup-2026-betting-preview.html,https://betsorted.co.za/blog/bafana-vs-czechia-world-cup-2026-betting-preview.html,Redirecting…,,,https://betsorted.co.za/blog/bafana-world-cup-betting-guide.html,27,no
blog/bafana-world-cup-2026-betting-guide-south-africa.html,https://betsorted.co.za/blog/bafana-world-cup-2026-betting-guide-south-africa.html,Redirecting…,,,https://betsorted.co.za/blog/bafana-world-cup-betting-guide.html,27,no
blog/bafana-world-cup-betting-guide.html,https://betsorted.co.za/blog/bafana-world-cup-betting-guide.html,Bafana World Cup Betting Guide for South Africans,Bafana World Cup Betting Guide for South Africans,"Bafana Bafana World Cup 2026 betting guide for South African punters: Mexico opener, PSL bias, bookmaker checks, odds examples and calculators.",https://betsorted.co.za/blog/bafana-world-cup-betting-guide.html,1477,yes
blog/bafana-world-cup-odds-calculator-guide-june-2026.html,https://betsorted.co.za/blog/bafana-world-cup-odds-calculator-guide-june-2026.html,Redirecting…,,,https://betsorted.co.za/blog/bafana-world-cup-betting-guide.html,27,no
blog/bankroll-management-guide-south-africa-2026.html,https://betsorted.co.za/blog/bankroll-management-guide-south-africa-2026.html,Bankroll Management Guide for SA Bettors 2026 | BetSorted,Bankroll Management Guide for South African Bettors 2026,"Bankroll management for South African bettors: staking plans, unit sizing, responsible gambling strategies, and how to protect your betting budget in 2026.",https://betsorted.co.za/blog/bankroll-management-guide-south-africa-2026.html,2301,yes
blog/best-betting-app-south-africa-2026.html,https://betsorted.co.za/blog/best-betting-app-south-africa-2026.html,Redirecting…,,,https://betsorted.co.za/best-betting-apps.html,35,no
blog/best-betting-apps-south-africa-2026.html,https://betsorted.co.za/blog/best-betting-apps-south-africa-2026.html,Redirecting...,,,https://betsorted.co.za/best-betting-apps.html,31,no
blog/best-betting-bonuses-south-africa-2026.html,https://betsorted.co.za/blog/best-betting-bonuses-south-africa-2026.html,Best Betting Bonuses South Africa 2026 | BetSorted,"Best Betting Bonuses South Africa 2026: Welcome Offers, Free Bets & No-Deposit Deals","Best betting bonuses and welcome offers in South Africa for 2026. Compare Hollywoodbets, Betway, Supabets, Easybet and more.",https://betsorted.co.za/blog/best-betting-bonuses-south-africa-2026.html,2191,yes
blog/best-betting-site-south-africa-2026.html,https://betsorted.co.za/blog/best-betting-site-south-africa-2026.html,Best Betting Site South Africa 2026 | BetSorted,Best Betting Site South Africa 2026: Which Bookmaker Is Best?,"Best betting site South Africa 2026 guide. Compare Hollywoodbets, Betway, Supabets, Sportingbet and Easybet for odds, payouts, PSL, rugby and beginner value.",https://betsorted.co.za/blog/best-betting-site-south-africa-2026.html,1365,yes
blog/best-betting-sites-beginners-south-africa-2026.html,https://betsorted.co.za/blog/best-betting-sites-beginners-south-africa-2026.html,Best Betting Sites for Beginners in South Africa 2026,Best Betting Sites for Beginners in South Africa 2026 — Start Here,"New to betting? Our beginner-friendly guide ranks the 5 easiest SA bookmakers to start with in 2026. Simple sign-up, low minimums, free bets — we tested them.",https://betsorted.co.za/blog/best-betting-sites-beginners-south-africa-2026.html,2009,yes
blog/best-betway-alternatives-south-africa-june-2026.html,https://betsorted.co.za/blog/best-betway-alternatives-south-africa-june-2026.html,Best Betway Alternatives for South African Bettors,Best Betway Alternatives for South African Bettors (June 2026),Betway is one of South Africa,https://betsorted.co.za/blog/best-betway-alternatives-south-africa-june-2026.html,1939,yes
blog/best-bookmaker-lucky-numbers-south-africa-2026.html,https://betsorted.co.za/blog/best-bookmaker-lucky-numbers-south-africa-2026.html,Best Bookmaker for Lucky Numbers in South Africa 2026,Best Bookmaker for Lucky Numbers in South Africa 2026: Where to Play and Win,"Compare the best bookmakers for Lucky Numbers in South Africa 2026. Hollywoodbets, Betway, Supabets, Easybet &amp;amp; more — draws, payouts, strategies.",https://betsorted.co.za/blog/best-bookmaker-lucky-numbers-south-africa-2026.html,3083,yes
blog/best-bookmakers-accumulator-bets-south-africa-2026.html,https://betsorted.co.za/blog/best-bookmakers-accumulator-bets-south-africa-2026.html,Best Bookmakers for Accumulator Bets South Africa 2026,Best Bookmakers for Accumulator Bets in South Africa 2026,"Best bookmakers for accumulator bets in South Africa 2026. Compare Betway, Hollywoodbets, Sportingbet, Supabets &amp; Gbets for accas, same game multis, acca.",https://betsorted.co.za/blog/best-bookmakers-accumulator-bets-south-africa-2026.html,2911,yes
blog/best-bookmakers-bafana-bafana-world-cup-2026.html,https://betsorted.co.za/blog/best-bookmakers-bafana-bafana-world-cup-2026.html,Redirecting…,,,https://betsorted.co.za/blog/best-bookmakers-world-cup-2026-south-africa.html,27,no
blog/best-bookmakers-live-streaming-south-africa-2026.html,https://betsorted.co.za/blog/best-bookmakers-live-streaming-south-africa-2026.html,Best Bookmakers for Live Streaming in South Africa (2026),Best Bookmakers for Live Streaming in South Africa (2026),"Best bookmakers for live streaming in South Africa. Compare which betting sites stream PSL, Springboks rugby, cricket, and international sports legally in SA.",https://betsorted.co.za/blog/best-bookmakers-live-streaming-south-africa-2026.html,1947,yes
blog/best-bookmakers-springboks-england-july-2026.html,https://betsorted.co.za/blog/best-bookmakers-springboks-england-july-2026.html,Redirecting…,,,https://betsorted.co.za/blog/springboks-vs-england-betting-guide.html,27,no
blog/best-bookmakers-world-cup-2026-south-africa.html,https://betsorted.co.za/blog/best-bookmakers-world-cup-2026-south-africa.html,Best Bookmakers for FIFA World Cup 2026 in South Africa,Best Bookmakers for FIFA World Cup 2026 in South Africa,"Best South African bookmakers for FIFA World Cup 2026 betting. Compare Betway, Hollywoodbets, Sportingbet &amp; more for World Cup odds, live betting, and Bafana.",https://betsorted.co.za/blog/best-bookmakers-world-cup-2026-south-africa.html,2020,yes
blog/best-cashback-loyalty-programs-sa-bookmakers-2026.html,https://betsorted.co.za/blog/best-cashback-loyalty-programs-sa-bookmakers-2026.html,Best Loyalty Programs and Cashback at SA Bookmakers 2026,Best Loyalty Programs And Cashback At SA Bookmakers,"Compare loyalty programs, cashback offers, and recurring betting promos at South African bookmakers in one clear operator table.",https://betsorted.co.za/blog/best-cashback-loyalty-programs-sa-bookmakers-2026.html,284,yes
blog/best-cricket-betting-sites-south-africa-2026.html,https://betsorted.co.za/blog/best-cricket-betting-sites-south-africa-2026.html,Best Betting Sites for Cricket in South Africa | BetSorted,Best Cricket Betting Sites in South Africa (2026),"Best betting sites for cricket in South Africa 2026. Compare odds, features, and bonuses for Proteas, IPL, T20 World Cup, and international cricket betting.",https://betsorted.co.za/blog/best-cricket-betting-sites-south-africa-2026.html,1581,yes
blog/best-currie-cup-betting-sites-south-africa-2026.html,https://betsorted.co.za/blog/best-currie-cup-betting-sites-south-africa-2026.html,Best Currie Cup Betting Sites South Africa 2026 | BetSorted,Best Currie Cup Betting Sites South Africa 2026: Which Bookmaker Is Best for Rugby?,"Best Currie Cup betting sites South Africa 2026: compare bookmakers for rugby odds, handicaps, live betting, payouts and smarter SA staking.",https://betsorted.co.za/blog/best-currie-cup-betting-sites-south-africa-2026.html,1964,yes
blog/best-deposit-methods-betting-south-africa-2026.html,https://betsorted.co.za/blog/best-deposit-methods-betting-south-africa-2026.html,Best Deposit Methods for Betting Sites in South Africa,Best Deposit Methods for Betting Sites in South Africa (2026 Guide),"Complete guide to deposit methods for SA betting sites in 2026. Compare Capitec Pay, Ozow, Instant EFT, standard EFT, Visa/Mastercard, and vouchers — speeds.",https://betsorted.co.za/blog/best-deposit-methods-betting-south-africa-2026.html,2445,yes
blog/best-f1-betting-sites-south-africa-2026.html,https://betsorted.co.za/blog/best-f1-betting-sites-south-africa-2026.html,Best F1 Betting Sites in South Africa 2026 | BetSorted,Best F1 Betting Sites in South Africa 2026 — Where to Bet on Formula 1,"Best F1 betting sites in South Africa for 2026. Compare Betway, Hollywoodbets, Sportingbet, 10bet and WSB for Formula 1 markets, odds, and motorsport coverage.",https://betsorted.co.za/blog/best-f1-betting-sites-south-africa-2026.html,2547,yes
blog/best-golf-betting-sites-south-africa-2026.html,https://betsorted.co.za/blog/best-golf-betting-sites-south-africa-2026.html,Best Golf Betting Sites in South Africa (2026) | BetSorted,Best Golf Betting Sites in South Africa (2026),"Best golf betting sites in South Africa for 2026. Compare Betway, Hollywoodbets, WSB, Sportingbet &amp; 10bet for SA Open, Joburg Open, and DP World Tour golf.",https://betsorted.co.za/blog/best-golf-betting-sites-south-africa-2026.html,2758,yes
blog/best-horse-racing-betting-sites-south-africa-2026.html,https://betsorted.co.za/blog/best-horse-racing-betting-sites-south-africa-2026.html,Best Horse Racing Betting Sites South Africa 2026,Best Horse Racing Betting Sites South Africa 2026,"Best horse racing betting sites South Africa 2026 — ranked and reviewed. Hollywoodbets, Betway, Sportingbet, Sunbet, WSB, Betfred compared for daily racing.",https://betsorted.co.za/blog/best-horse-racing-betting-sites-south-africa-2026.html,3170,yes
blog/best-live-betting-sites-south-africa-2026.html,https://betsorted.co.za/blog/best-live-betting-sites-south-africa-2026.html,Best Live Betting Sites in South Africa (2026 Comparison),Best Live Betting Sites in South Africa (2026 Comparison),Live betting (also called in-play betting) has exploded in South Africa. Whether you,https://betsorted.co.za/blog/best-live-betting-sites-south-africa-2026.html,1949,yes
blog/best-live-rugby-betting-sites-south-africa-2026.html,https://betsorted.co.za/blog/best-live-rugby-betting-sites-south-africa-2026.html,Best Live Rugby Betting Sites South Africa 2026 | BetSorted,Best Live Rugby Betting Sites in South Africa 2026,"Best live rugby betting sites South Africa 2026: Betway, Hollywoodbets, WSB, Sportingbet and Supabets compared for Springboks, URC, handicaps, cash out.",https://betsorted.co.za/blog/best-live-rugby-betting-sites-south-africa-2026.html,2292,yes
blog/best-low-deposit-betting-sites-south-africa-2026.html,https://betsorted.co.za/blog/best-low-deposit-betting-sites-south-africa-2026.html,Best Low Deposit Betting Sites in South Africa 2026,Best Low Deposit Betting Sites in South Africa 2026,"Best low deposit betting sites in South Africa for 2026. Compare bookmakers from R1 minimum deposit — Betway, Hollywoodbets, WSB, Supabets, Easybet &amp; more.",https://betsorted.co.za/blog/best-low-deposit-betting-sites-south-africa-2026.html,2203,yes
blog/best-psl-betting-site-2026.html,https://betsorted.co.za/blog/best-psl-betting-site-2026.html,Best PSL Betting Sites in South Africa (2026) | BetSorted,"Best PSL Betting Sites in South Africa (2026): Local Depth, Odds, and Payouts","Best PSL betting sites for 2026. Compare local market depth, odds, payments, and which SA bookmakers suit PSL punters.",https://betsorted.co.za/blog/best-psl-betting-site-2026.html,1302,yes
blog/best-rugby-betting-sites-south-africa-2026.html,https://betsorted.co.za/blog/best-rugby-betting-sites-south-africa-2026.html,Best Rugby Betting Sites South Africa 2026 | BetSorted,Best Rugby Betting Sites South Africa 2026: Top 5 Bookmakers Compared,"Best rugby betting sites in South Africa for 2026. Compare Betway, Hollywoodbets, Sportingbet, Supabets &amp; 10Bet for Springboks, URC, Rugby Championship.",https://betsorted.co.za/blog/best-rugby-betting-sites-south-africa-2026.html,2782,yes
blog/best-tennis-betting-sites-south-africa-2026.html,https://betsorted.co.za/blog/best-tennis-betting-sites-south-africa-2026.html,Best Tennis Betting Sites South Africa 2026 | BetSorted,"Best Tennis Betting Sites South Africa 2026: ATP, WTA & Grand Slam Betting","Best tennis betting sites in South Africa for 2026. Compare bookmakers for ATP, WTA, Grand Slams, and South African tennis.",https://betsorted.co.za/blog/best-tennis-betting-sites-south-africa-2026.html,2199,yes
blog/best-urc-betting-sites-south-africa-2026.html,https://betsorted.co.za/blog/best-urc-betting-sites-south-africa-2026.html,Best URC Betting Sites South Africa 2026 | BetSorted,Best URC Betting Sites in South Africa 2026,"Best URC betting sites South Africa 2026: Betway, Hollywoodbets, World Sports Betting, Sportingbet and Supabets compared for Bulls, Stormers and Lions.",https://betsorted.co.za/blog/best-urc-betting-sites-south-africa-2026.html,2121,yes
blog/bet-co-za-review-south-africa-2026.html,https://betsorted.co.za/blog/bet-co-za-review-south-africa-2026.html,Bet.co.za Review South Africa (2026) | BetSorted,"Bet.co.za Review South Africa (2026): Local Markets, ZAR Payouts, and Value","Bet.co.za review for South African punters. We cover PSL markets, ZAR payouts, FICA checks, and what Bet.co.za does well for locals.",https://betsorted.co.za/blog/bet-co-za-review-south-africa-2026.html,1584,yes
blog/bet-co-za-vs-betway-south-africa-2026.html,https://betsorted.co.za/blog/bet-co-za-vs-betway-south-africa-2026.html,Bet.co.za vs Betway South Africa 2026: Full Comparison,Bet.co.za vs Betway South Africa 2026: Full Comparison,This is the old guard versus the new powerhouse. Bet.co.za was one of the first online bookmakers in South Africa — they,https://betsorted.co.za/blog/bet-co-za-vs-betway-south-africa-2026.html,2461,yes
blog/bet-co-za-vs-easybet-south-africa-2026.html,https://betsorted.co.za/blog/bet-co-za-vs-easybet-south-africa-2026.html,Bet.co.za vs Easybet South Africa 2026 | BetSorted,Bet.co.za vs Easybet South Africa 2026,"Bet.co.za is the better fit if you want a broader sportsbook account for football, rugby and cricket. Easybet is the simpler choice for casual PSL punters.",https://betsorted.co.za/blog/bet-co-za-vs-easybet-south-africa-2026.html,1526,yes
blog/bet-co-za-vs-hollywoodbets-south-africa-2026.html,https://betsorted.co.za/blog/bet-co-za-vs-hollywoodbets-south-africa-2026.html,Bet.co.za vs Hollywoodbets South Africa 2026 | BetSorted,Bet.co.za vs Hollywoodbets South Africa 2026: The OG vs The People's Champ,,https://betsorted.co.za/blog/bet-co-za-vs-hollywoodbets-south-africa-2026.html,3028,yes
blog/betfred-review-south-africa-2026.html,https://betsorted.co.za/blog/betfred-review-south-africa-2026.html,Betfred South Africa Review 2026 | BetSorted,Betfred South Africa Review 2026: Is the UK Giant Worth Your Time?,Betfred South Africa review 2026. We cover Betfred,https://betsorted.co.za/blog/betfred-review-south-africa-2026.html,1788,yes
blog/betfred-vs-10bet-south-africa-2026.html,https://betsorted.co.za/blog/betfred-vs-10bet-south-africa-2026.html,Betfred vs 10bet South Africa 2026 | BetSorted,Betfred vs 10bet South Africa 2026: International Bookmaker Showdown,South Africa,https://betsorted.co.za/blog/betfred-vs-10bet-south-africa-2026.html,1556,yes
blog/betfred-vs-betway-south-africa-2026.html,https://betsorted.co.za/blog/betfred-vs-betway-south-africa-2026.html,Betfred vs Betway South Africa 2026 | BetSorted,Betfred vs Betway South Africa 2026: The UK Newcomer's Big Bonus vs SA's Favourite Bookmaker,"This is the comparison South African punters keep asking about. Betfred has landed in South Africa with an absurdly large welcome bonus — up to R21,000 —...",https://betsorted.co.za/blog/betfred-vs-betway-south-africa-2026.html,3443,yes
blog/betfred-vs-hollywoodbets-south-africa-2026.html,https://betsorted.co.za/blog/betfred-vs-hollywoodbets-south-africa-2026.html,Betfred vs Hollywoodbets South Africa 2026 | BetSorted,Betfred vs Hollywoodbets South Africa 2026: The UK Giant vs the People's Bookmaker,"This is one of the more interesting matchups in South African betting right now. In one corner, you",https://betsorted.co.za/blog/betfred-vs-hollywoodbets-south-africa-2026.html,2377,yes
blog/betfred-vs-sportingbet-south-africa-2026.html,https://betsorted.co.za/blog/betfred-vs-sportingbet-south-africa-2026.html,Betfred vs Sportingbet South Africa 2026 | BetSorted,Betfred vs Sportingbet South Africa 2026: International Pedigree Meets Local Muscle,,https://betsorted.co.za/blog/betfred-vs-sportingbet-south-africa-2026.html,2970,yes
blog/betmaster-review-south-africa-2026.html,https://betsorted.co.za/blog/betmaster-review-south-africa-2026.html,Betmaster Review South Africa 2026 — Is It Worth Signing Up?,Betmaster Review South Africa 2026 — Is It Worth Signing Up?,"Betmaster South Africa 2026 review: 150% up to R3,000 welcome bonus, live betting, casino, and how it compares to Hollywoodbets and Betway. Honest verdict.",https://betsorted.co.za/blog/betmaster-review-south-africa-2026.html,1802,yes
blog/betmaster-vs-betway-south-africa-2026.html,https://betsorted.co.za/blog/betmaster-vs-betway-south-africa-2026.html,Betmaster vs Betway South Africa 2026: Which Is Better?,Betmaster vs Betway South Africa 2026: Which Bookmaker Is Better?,Two bookmakers. One SA bettor trying to decide where to put their money. We,https://betsorted.co.za/blog/betmaster-vs-betway-south-africa-2026.html,1530,yes
blog/betmaster-vs-sunbet-south-africa-2026.html,https://betsorted.co.za/blog/betmaster-vs-sunbet-south-africa-2026.html,Betmaster vs Sunbet South Africa 2026 | BetSorted,Betmaster vs Sunbet South Africa 2026: Which Bookie Fits Your Slip?,Betmaster and Sunbet are not trying to be exactly the same bookmaker. Betmaster feels more like a sportsbook-first option for punters who want football...,https://betsorted.co.za/blog/betmaster-vs-sunbet-south-africa-2026.html,1315,yes
blog/betolimp-review-south-africa-2026.html,https://betsorted.co.za/blog/betolimp-review-south-africa-2026.html,BetOlimp Review South Africa 2026 | BetSorted,"BetOlimp Review South Africa 2026: Soccer, Live Betting, Bet Boosts and Payout Checks","BetOlimp review South Africa 2026: soccer odds, live betting, Bet Boosts, payouts, FICA checks, mobile use and whether SA punters should add it to their.",https://betsorted.co.za/blog/betolimp-review-south-africa-2026.html,2145,yes
blog/betshezi-review-south-africa-2026.html,https://betsorted.co.za/blog/betshezi-review-south-africa-2026.html,Betshezi Review South Africa 2026 | BetSorted,Betshezi Review South Africa 2026 — Is the New Bookmaker Worth It?,"Betshezi review for South African punters in 2026. We test the sportsbook, casino, deposits, withdrawals, mobile app, and R25 free bet.",https://betsorted.co.za/blog/betshezi-review-south-africa-2026.html,1707,yes
blog/betshezi-vs-betway-south-africa-2026.html,https://betsorted.co.za/blog/betshezi-vs-betway-south-africa-2026.html,BetShezi vs Betway South Africa 2026 | BetSorted,BetShezi vs Betway South Africa 2026 — KZN Challenger vs Market Leader,If you,https://betsorted.co.za/blog/betshezi-vs-betway-south-africa-2026.html,1642,yes
blog/betshezi-vs-hollywoodbets-south-africa-2026.html,https://betsorted.co.za/blog/betshezi-vs-hollywoodbets-south-africa-2026.html,Betshezi vs Hollywoodbets South Africa 2026 | BetSorted,Betshezi vs Hollywoodbets South Africa 2026 — Which Bookmaker Should You Choose?,"This is a proper David vs Goliath matchup. Hollywoodbets is the biggest bookmaker in South Africa — full stop. Over 100 retail branches, millions of active...",https://betsorted.co.za/blog/betshezi-vs-hollywoodbets-south-africa-2026.html,3118,yes
blog/betshezi-vs-supabets-mobile-betting-south-africa-2026.html,https://betsorted.co.za/blog/betshezi-vs-supabets-mobile-betting-south-africa-2026.html,Betshezi vs SupaBets: Best Mobile Betting App in SA (2026),Betshezi vs SupaBets: Best Mobile Betting App in SA (2026),If you,https://betsorted.co.za/blog/betshezi-vs-supabets-mobile-betting-south-africa-2026.html,1699,yes
blog/betting-tax-south-africa-2026.html,https://betsorted.co.za/blog/betting-tax-south-africa-2026.html,Betting Tax South Africa 2026: Are Gambling Winnings Taxed?,Betting Tax South Africa 2026: Are Your Winnings Taxed?,"Are betting winnings taxed in South Africa? Complete 2026 guide to gambling tax, SARS rules, VAT on bookmaker levies, and what punters actually need to declare.",https://betsorted.co.za/blog/betting-tax-south-africa-2026.html,1298,yes
blog/betway-premiership-2026-27-opening-weekend-betting-guide.html,https://betsorted.co.za/blog/betway-premiership-2026-27-opening-weekend-betting-guide.html,Betway Premiership 2026/27 Opening Weekend Betting Guide,Betway Premiership 2026/27 Opening Weekend Betting Guide,"Betway Premiership 2026/27 opening weekend betting guide for South African punters: fixtures, safer markets, odds shopping, calculators and staking tips.",https://betsorted.co.za/blog/betway-premiership-2026-27-opening-weekend-betting-guide.html,2152,yes
blog/betway-review-south-africa-2026.html,https://betsorted.co.za/blog/betway-review-south-africa-2026.html,Betway Review South Africa (2026) | BetSorted,Betway South Africa Review (2026),"Betway review for SA bettors. Compare bonus, payout speed, ZAR withdrawals, and FICA checks with BetSorted",https://betsorted.co.za/blog/betway-review-south-africa-2026.html,2453,yes
blog/betway-vs-10bet-south-africa-2026.html,https://betsorted.co.za/blog/betway-vs-10bet-south-africa-2026.html,Betway vs 10bet South Africa 2026 | BetSorted,"Betway vs 10bet South Africa 2026: Odds, App, Payouts & PSL Compared","Betway vs 10bet South Africa — two bookmakers that are both gunning for your attention in 2026, but with very different approaches. Betway is the...",https://betsorted.co.za/blog/betway-vs-10bet-south-africa-2026.html,2114,yes
blog/betway-vs-10bet-world-cup-psl-june-2026.html,https://betsorted.co.za/blog/betway-vs-10bet-world-cup-psl-june-2026.html,Redirecting…,,,https://betsorted.co.za/blog/psl-title-race-betting-guide.html,27,no
blog/betway-vs-easybet-psl-rugby-cricket-guide-2026.html,https://betsorted.co.za/blog/betway-vs-easybet-psl-rugby-cricket-guide-2026.html,"Betway vs Easybet PSL, Rugby and Cricket Guide 2026","Betway vs Easybet for PSL, Rugby and Cricket Betting in South Africa","Betway is the safer default if you want broad sports coverage, recognisable markets and a cleaner first bookmaker account. Easybet is worth checking if you...",https://betsorted.co.za/blog/betway-vs-easybet-psl-rugby-cricket-guide-2026.html,1558,yes
blog/betway-vs-easybet-south-africa-2026.html,https://betsorted.co.za/blog/betway-vs-easybet-south-africa-2026.html,Betway vs Easybet South Africa 2026 | BetSorted,"Betway vs Easybet South Africa 2026: Odds, App, Payouts & Features Compared",Betway and Easybet sit at opposite ends of the South African betting spectrum — and that,https://betsorted.co.za/blog/betway-vs-easybet-south-africa-2026.html,2334,yes
blog/betway-vs-hollywoodbets-withdrawals-south-africa-2026.html,https://betsorted.co.za/blog/betway-vs-hollywoodbets-withdrawals-south-africa-2026.html,Redirecting…,,,https://betsorted.co.za/blog/betway-vs-hollywoodbets.html,27,no
blog/betway-vs-hollywoodbets.html,https://betsorted.co.za/blog/betway-vs-hollywoodbets.html,Betway vs Hollywoodbets: Which is Better for SA Bettors,Betway vs Hollywoodbets: Which is Better for SA Bettors in 2026?,"Betway and Hollywoodbets are the two biggest names in South African betting, but they couldn",https://betsorted.co.za/blog/betway-vs-hollywoodbets.html,1811,yes
blog/betway-vs-sportingbet-fast-withdrawals-south-africa-2026.html,https://betsorted.co.za/blog/betway-vs-sportingbet-fast-withdrawals-south-africa-2026.html,Redirecting…,,,https://betsorted.co.za/blog/betway-vs-sportingbet-south-africa-2026.html,27,no
blog/betway-vs-sportingbet-south-africa-2026.html,https://betsorted.co.za/blog/betway-vs-sportingbet-south-africa-2026.html,Betway vs Sportingbet South Africa 2026 | BetSorted,Betway vs Sportingbet South Africa 2026,"Betway is the cleaner default for most South African punters because the app is simple, football markets are easy to find and withdrawals are familiar once...",https://betsorted.co.za/blog/betway-vs-sportingbet-south-africa-2026.html,1689,yes
blog/betway-vs-sportingbet.html,https://betsorted.co.za/blog/betway-vs-sportingbet.html,Redirecting…,,,https://betsorted.co.za/blog/betway-vs-sportingbet-south-africa-2026.html,27,no
blog/betway-vs-supabets-psl-rugby-cricket-2026.html,https://betsorted.co.za/blog/betway-vs-supabets-psl-rugby-cricket-2026.html,"Betway vs Supabets for PSL, Rugby and Cricket 2026","Betway vs Supabets for PSL, Rugby and Cricket in South Africa","Betway is the better default account for most South African punters because the app is simpler, the sports mix is broad, and it suits PSL, Springboks and...",https://betsorted.co.za/blog/betway-vs-supabets-psl-rugby-cricket-2026.html,1529,yes
blog/betway-vs-supabets-rugby-betting-south-africa-2026.html,https://betsorted.co.za/blog/betway-vs-supabets-rugby-betting-south-africa-2026.html,Betway vs Supabets Rugby Betting South Africa 2026,Betway vs Supabets for Rugby Betting in South Africa 2026,"Betway and Supabets both make sense for South African rugby punters, but they are not the same product. Betway is usually the cleaner pick for live rugby...",https://betsorted.co.za/blog/betway-vs-supabets-rugby-betting-south-africa-2026.html,1650,yes
blog/betway-vs-supabets-south-africa-2026.html,https://betsorted.co.za/blog/betway-vs-supabets-south-africa-2026.html,Betway vs SupaBets South Africa 2026 | BetSorted,Betway vs SupaBets South Africa 2026: Which Bookmaker is Better?,"Betway and SupaBets are two of the biggest bookmakers in South Africa, but they play very different games. Betway is the international operator with sharp...",https://betsorted.co.za/blog/betway-vs-supabets-south-africa-2026.html,2163,yes
blog/betway-vs-supersportbet-south-africa-2026.html,https://betsorted.co.za/blog/betway-vs-supersportbet-south-africa-2026.html,Betway vs SuperSportBet South Africa 2026 | BetSorted,Betway vs SuperSportBet South Africa 2026: Which Bookmaker Is Better?,"Betway vs SuperSportBet South Africa 2026 compares PSL and rugby value, app experience, withdrawals, bonuses and which bookmaker suits SA punters best.",https://betsorted.co.za/blog/betway-vs-supersportbet-south-africa-2026.html,2201,yes
blog/betway-vs-world-sports-betting-south-africa-2026.html,https://betsorted.co.za/blog/betway-vs-world-sports-betting-south-africa-2026.html,Betway vs World Sports Betting South Africa 2026 | BetSorted,Betway vs World Sports Betting South Africa 2026: Which Bookie Should You Use?,Betway is cleaner and faster for live betting. World Sports Betting is often the better odds-shopping account for local sport and horse racing.,https://betsorted.co.za/blog/betway-vs-world-sports-betting-south-africa-2026.html,1412,yes
blog/betway-vs-wsb-south-africa-2026.html,https://betsorted.co.za/blog/betway-vs-wsb-south-africa-2026.html,Betway vs WSB South Africa 2026 | BetSorted,"Betway vs WSB South Africa 2026: Odds, App, Horse Racing & More Compared","Betway and World Sports Betting (WSB) are both well-known names in South African sports betting, but they",https://betsorted.co.za/blog/betway-vs-wsb-south-africa-2026.html,2106,yes
blog/both-teams-to-score-betting-south-africa-2026.html,https://betsorted.co.za/blog/both-teams-to-score-betting-south-africa-2026.html,Both Teams to Score Betting South Africa 2026 | BetSorted,Both Teams to Score Betting South Africa 2026: PSL BTTS Guide,"Both Teams to Score betting South Africa 2026 guide for PSL, Bafana and major soccer. Learn BTTS odds, bookmaker fit, FICA realities and calculator examples.",https://betsorted.co.za/blog/both-teams-to-score-betting-south-africa-2026.html,1630,yes
blog/boxing-betting-guide-south-africa-2026.html,https://betsorted.co.za/blog/boxing-betting-guide-south-africa-2026.html,How to Bet on Boxing in South Africa 2026 | BetSorted,How to Bet on Boxing in South Africa 2026 — Complete Bookmaker Guide,"Complete guide to boxing betting in South Africa 2026. Best bookmakers for boxing odds, all betting markets explained, tips for SA punters, and our proud.",https://betsorted.co.za/blog/boxing-betting-guide-south-africa-2026.html,2555,yes
blog/bulls-vs-stormers-urc-betting-preview-march-14-2026.html,https://betsorted.co.za/blog/bulls-vs-stormers-urc-betting-preview-march-14-2026.html,Redirecting…,,,https://betsorted.co.za/blog/urc-playoffs-betting-guide.html,27,no
blog/capitec-pay-betting-payments-south-africa.html,https://betsorted.co.za/blog/capitec-pay-betting-payments-south-africa.html,Capitec Pay for Betting: Fast Deposits for SA Punters,Capitec Pay for Betting: Fast Deposits for SA Punters (2026 Guide),"Capitec Pay betting guide for South Africa. Learn how to deposit, how payouts work, limits, FICA requirements, and common troubleshooting tips.",https://betsorted.co.za/blog/capitec-pay-betting-payments-south-africa.html,1341,yes
blog/card-payments-betting-visa-mastercard-south-africa.html,https://betsorted.co.za/blog/card-payments-betting-visa-mastercard-south-africa.html,Card Payments for Betting in South Africa | BetSorted,Card Payments for Betting in South Africa: Visa and Mastercard Explained,"Card payment guide for SA bettors. Learn how Visa and Mastercard deposits work, verification rules, fees, and withdrawal limitations.",https://betsorted.co.za/blog/card-payments-betting-visa-mastercard-south-africa.html,1313,yes
blog/cash-out-betting-guide-south-africa-2026.html,https://betsorted.co.za/blog/cash-out-betting-guide-south-africa-2026.html,Cash Out Betting Guide South Africa (2026) | BetSorted,Cash Out Betting Guide South Africa (2026): When to Take Profit & When to Hold,"Complete guide to cash out betting in South Africa. Learn when to cash out, which SA bookmakers offer it, and how to use it without wrecking your bankroll.",https://betsorted.co.za/blog/cash-out-betting-guide-south-africa-2026.html,1902,yes
blog/category-betting-guides-strategy.html,https://betsorted.co.za/blog/category-betting-guides-strategy.html,Betting Guides &amp; Strategy | BetSorted,Betting Guides & Strategy,Betting Guides &amp; Strategy guides from BetSorted for South African bettors.,https://betsorted.co.za/blog/category-betting-guides-strategy.html,2030,yes
blog/category-bookmaker-comparisons.html,https://betsorted.co.za/blog/category-bookmaker-comparisons.html,Bookmaker Comparisons | BetSorted,Bookmaker Comparisons,Bookmaker Comparisons guides from BetSorted for South African bettors.,https://betsorted.co.za/blog/category-bookmaker-comparisons.html,4008,yes
blog/category-bookmaker-reviews.html,https://betsorted.co.za/blog/category-bookmaker-reviews.html,Bookmaker Reviews | BetSorted,Bookmaker Reviews,Bookmaker Reviews guides from BetSorted for South African bettors.,https://betsorted.co.za/blog/category-bookmaker-reviews.html,750,yes
blog/category-cricket.html,https://betsorted.co.za/blog/category-cricket.html,Cricket | BetSorted,Cricket,Cricket guides from BetSorted for South African bettors.,https://betsorted.co.za/blog/category-cricket.html,318,yes
blog/category-payments-fica.html,https://betsorted.co.za/blog/category-payments-fica.html,Payments &amp; FICA | BetSorted,Payments & FICA,Payments &amp; FICA guides from BetSorted for South African bettors.,https://betsorted.co.za/blog/category-payments-fica.html,705,yes
blog/category-psl.html,https://betsorted.co.za/blog/category-psl.html,PSL | BetSorted,PSL,PSL guides from BetSorted for South African bettors.,https://betsorted.co.za/blog/category-psl.html,977,yes
blog/category-rugby.html,https://betsorted.co.za/blog/category-rugby.html,Rugby | BetSorted,Rugby,Rugby guides from BetSorted for South African bettors.,https://betsorted.co.za/blog/category-rugby.html,690,yes
blog/category-world-cup.html,https://betsorted.co.za/blog/category-world-cup.html,World Cup | BetSorted,World Cup,World Cup guides from BetSorted for South African bettors.,https://betsorted.co.za/blog/category-world-cup.html,380,yes
blog/champions-league-round-of-16-betting-guide-south-africa-2026.html,https://betsorted.co.za/blog/champions-league-round-of-16-betting-guide-south-africa-2026.html,Redirecting…,,,https://betsorted.co.za/blog/category-betting-guides-strategy.html,27,no
blog/chiefs-vs-pirates-derby-betting-guide-2026.html,https://betsorted.co.za/blog/chiefs-vs-pirates-derby-betting-guide-2026.html,Soweto Derby Betting Guide (Chiefs vs Pirates) 2026,Soweto Derby Betting Guide (Chiefs vs Pirates) 2026: Markets and Angles,"Soweto Derby betting guide for Chiefs vs Pirates. Learn the best PSL markets, odds angles, and where to bet in South Africa.",https://betsorted.co.za/blog/chiefs-vs-pirates-derby-betting-guide-2026.html,1288,yes
blog/comrades-marathon-2026-betting-guide.html,https://betsorted.co.za/blog/comrades-marathon-2026-betting-guide.html,Comrades Marathon 2026 Betting Guide | BetSorted,"Comrades Marathon 2026 Betting Guide: Odds, Markets & Tips for the Down Run","Comrades Marathon 2026 betting guide: best bookmakers, betting markets, odds, tips for Down Run race from Durban to PMB.",https://betsorted.co.za/blog/comrades-marathon-2026-betting-guide.html,2319,yes
blog/cricket-betting-guide-south-africa-2026.html,https://betsorted.co.za/blog/cricket-betting-guide-south-africa-2026.html,Cricket Betting Guide South Africa 2026 | BetSorted,"Cricket Betting Guide South Africa 2026: Markets, Tips & Best Bookmakers | BetSorted","Cricket betting South Africa guide for 2026 covering Proteas, SA20, IPL, ICC events, markets, live betting tips, and the best bookmakers to compare.",https://betsorted.co.za/blog/cricket-betting-guide-south-africa-2026.html,2596,yes
blog/crypto-casino-rewards-south-africa-2026.html,https://betsorted.co.za/blog/crypto-casino-rewards-south-africa-2026.html,Crypto Casino Rewards South Africa 2026 | BetSorted,"Crypto Casino Rewards South Africa 2026: Legal Status, Rakeback and the ZAR On-Ramp","Crypto casino rewards South Africa 2026 guide: legality, SARS tax angles, rakeback, cashback, VIP value and the practical ZAR-to-crypto on-ramp.",https://betsorted.co.za/blog/crypto-casino-rewards-south-africa-2026.html,2057,yes
blog/currie-cup-betting-odds-south-africa-2026.html,https://betsorted.co.za/blog/currie-cup-betting-odds-south-africa-2026.html,Currie Cup Betting Odds South Africa 2026 | BetSorted,Currie Cup Betting Odds South Africa 2026,"Currie Cup betting odds South Africa 2026 guide: August fixtures, bookmaker checks, handicap examples, accumulator maths and live rugby betting angles.",https://betsorted.co.za/blog/currie-cup-betting-odds-south-africa-2026.html,1770,yes
blog/currie-cup-toyota-challenge-weekend-preview-june-14-2026.html,https://betsorted.co.za/blog/currie-cup-toyota-challenge-weekend-preview-june-14-2026.html,Redirecting…,,,https://betsorted.co.za/blog/category-rugby.html,27,no
blog/czechia-vs-south-africa-june-18-2026-betting-preview.html,https://betsorted.co.za/blog/czechia-vs-south-africa-june-18-2026-betting-preview.html,Redirecting…,,,https://betsorted.co.za/blog/bafana-world-cup-betting-guide.html,27,no
blog/data-free-betting-apps-south-africa-2026.html,https://betsorted.co.za/blog/data-free-betting-apps-south-africa-2026.html,Data-Free Betting Apps in South Africa 2026 | BetSorted,Data-Free Betting Apps in South Africa 2026: Which Bookmakers Won't Eat Your Data?,"Compare data-free betting apps and USSD codes for South African bookmakers in 2026. Find out which apps are zero-rated, how much data each uses, and tips.",https://betsorted.co.za/blog/data-free-betting-apps-south-africa-2026.html,3277,yes
blog/draw-no-bet-south-africa-2026.html,https://betsorted.co.za/blog/draw-no-bet-south-africa-2026.html,Draw No Bet South Africa 2026: Safer PSL Betting Guide,Draw No Bet South Africa 2026: Safer PSL Betting Guide,"Draw No Bet South Africa 2026 guide for PSL and soccer punters. Learn DNB odds, refunds, bookmaker fit, FICA realities and calculator-backed examples.",https://betsorted.co.za/blog/draw-no-bet-south-africa-2026.html,1603,yes
blog/durban-july-2026-betting-guide.html,https://betsorted.co.za/blog/durban-july-2026-betting-guide.html,Durban July 2026: Best Betting Sites & Winning Strategy,Durban July 2026: Best Betting Sites & Winning Strategy,"Your complete Durban July 2026 betting guide. Best bookmakers for horse racing, each-way strategy, tote vs fixed odds, exotic bets &amp; tips for first-time.",https://betsorted.co.za/blog/durban-july-2026-betting-guide.html,2120,yes
blog/each-way-betting-explained-south-africa-2026.html,https://betsorted.co.za/blog/each-way-betting-explained-south-africa-2026.html,Each-Way Betting Explained: Complete Guide for SA Punters,Each-Way Betting Explained: Complete Guide for South African Punters (2026),"Each-way betting explained for South African punters. Learn how EW bets work, when to use them, payout calculations, and which bookmakers offer the best.",https://betsorted.co.za/blog/each-way-betting-explained-south-africa-2026.html,1946,yes
blog/easybet-review-south-africa-2026.html,https://betsorted.co.za/blog/easybet-review-south-africa-2026.html,Easybet Review South Africa (2026) | BetSorted,Easybet Review for South Africa,"Easybet review for SA bettors. Compare bonus, payout speed, ZAR withdrawals, and FICA checks with BetSorted",https://betsorted.co.za/blog/easybet-review-south-africa-2026.html,1662,yes
blog/easybet-vs-10bet-south-africa-2026.html,https://betsorted.co.za/blog/easybet-vs-10bet-south-africa-2026.html,Easybet vs 10bet South Africa 2026 | BetSorted,Easybet vs 10bet South Africa 2026: The Budget Bookmaker Showdown,Easybet and 10bet occupy a similar space in SA betting — they,https://betsorted.co.za/blog/easybet-vs-10bet-south-africa-2026.html,2046,yes
blog/easybet-vs-hollywoodbets-fast-payouts-south-africa-2026.html,https://betsorted.co.za/blog/easybet-vs-hollywoodbets-fast-payouts-south-africa-2026.html,Easybet vs Hollywoodbets South Africa 2026 | BetSorted,"Easybet vs Hollywoodbets South Africa 2026: Fast Payouts, PSL and Rugby","Easybet vs Hollywoodbets is a practical comparison, not a brand popularity contest. South African punters usually care about three things once the weekend...",https://betsorted.co.za/blog/easybet-vs-hollywoodbets-fast-payouts-south-africa-2026.html,1784,yes
blog/easybet-vs-sportingbet-south-africa-2026.html,https://betsorted.co.za/blog/easybet-vs-sportingbet-south-africa-2026.html,Easybet vs Sportingbet South Africa 2026 | BetSorted,Easybet vs Sportingbet South Africa 2026: The Honest Comparison,"Two licensed SA bookmakers, two very different propositions. Easybet has positioned itself as the accessible, no-nonsense option for casual bettors...",https://betsorted.co.za/blog/easybet-vs-sportingbet-south-africa-2026.html,1710,yes
blog/easybet-vs-world-sports-betting-psl-2026.html,https://betsorted.co.za/blog/easybet-vs-world-sports-betting-psl-2026.html,Easybet vs World Sports Betting (WSB) | BetSorted,Easybet vs World Sports Betting (WSB): Best for PSL Betting in SA (2026),"Easybet and World Sports Betting (WSB) are two of the most popular local bookmakers for PSL action, but they feel very different once you actually bet on...",https://betsorted.co.za/blog/easybet-vs-world-sports-betting-psl-2026.html,1412,yes
blog/eft-betting-payments-south-africa.html,https://betsorted.co.za/blog/eft-betting-payments-south-africa.html,EFT Betting Payments in South Africa | BetSorted,"EFT Betting Payments in South Africa: How It Works, Fees, and Payout Times","A complete guide to EFT betting payments in South Africa. Learn how EFT deposits and withdrawals work, typical timelines, FICA rules, and best practices.",https://betsorted.co.za/blog/eft-betting-payments-south-africa.html,1316,yes
blog/esports-betting-guide-south-africa-2026.html,https://betsorted.co.za/blog/esports-betting-guide-south-africa-2026.html,Esports Betting South Africa 2026: Complete Beginner's Guide,Esports Betting South Africa 2026: Complete Beginner's Guide,"Complete guide to esports betting in South Africa 2026. CS2, Dota 2, League of Legends &amp; more — which SA bookmakers offer esports markets, how odds work.",https://betsorted.co.za/blog/esports-betting-guide-south-africa-2026.html,2638,yes
blog/fa-cup-fifth-round-weekend-accumulator-tips-march-2026.html,https://betsorted.co.za/blog/fa-cup-fifth-round-weekend-accumulator-tips-march-2026.html,Redirecting…,,,https://betsorted.co.za/blog/category-betting-guides-strategy.html,27,no
blog/fastest-paying-betting-sites-rugby-psl-june-2026.html,https://betsorted.co.za/blog/fastest-paying-betting-sites-rugby-psl-june-2026.html,Redirecting…,,,https://betsorted.co.za/blog/psl-title-race-betting-guide.html,27,no
blog/fastest-paying-bookmakers-south-africa-2026.html,https://betsorted.co.za/blog/fastest-paying-bookmakers-south-africa-2026.html,Fastest Paying Bookmakers in South Africa | BetSorted,Fastest Paying Bookmakers in South Africa: Which Betting Site Pays Quickest? (2026),"Which South African bookmaker pays out fastest? We compare withdrawal speeds, payment methods, and payout times from Betway, Hollywoodbets, SupaBets.",https://betsorted.co.za/blog/fastest-paying-bookmakers-south-africa-2026.html,2046,yes
blog/fastest-paying-bookmakers-south-africa-may-2026.html,https://betsorted.co.za/blog/fastest-paying-bookmakers-south-africa-may-2026.html,Fastest Paying Bookmakers South Africa May 2026 | BetSorted,Fastest Paying Bookmakers in South Africa: May 2026 Withdrawal Guide,"Fastest paying bookmakers South Africa May 2026: compare Betway, Hollywoodbets, WSB, Sportingbet and Supabets withdrawal workflows, FICA friction and payout.",https://betsorted.co.za/blog/fastest-paying-bookmakers-south-africa-may-2026.html,1533,yes
blog/fica-verification-guide-south-africa-2026.html,https://betsorted.co.za/blog/fica-verification-guide-south-africa-2026.html,How to FICA Verify Your Betting Account in South Africa,How to FICA Verify Your Betting Account in South Africa (2026 Guide),"Complete FICA verification guide for South African betting accounts. Learn what documents you need, how long it takes, and avoid common verification mistakes.",https://betsorted.co.za/blog/fica-verification-guide-south-africa-2026.html,2004,yes
blog/fifa-world-cup-2026-betting-guide-south-africa.html,https://betsorted.co.za/blog/fifa-world-cup-2026-betting-guide-south-africa.html,FIFA World Cup 2026 Betting Guide South Africa | BetSorted,FIFA World Cup 2026 Betting Guide: Everything SA Punters Need to Know,"Complete FIFA World Cup 2026 betting guide for South African punters. Outright odds, group stage previews, best bookmakers, Bafana Bafana chances, and where.",https://betsorted.co.za/blog/fifa-world-cup-2026-betting-guide-south-africa.html,1590,yes
blog/fnb-standard-bank-transfer-betting.html,https://betsorted.co.za/blog/fnb-standard-bank-transfer-betting.html,FNB and Standard Bank Transfers for Betting | BetSorted,FNB and Standard Bank Transfers for Betting: SA Deposit and Withdrawal Guide,"Guide to FNB and Standard Bank transfers for betting in South Africa. Learn timelines, proof of payment tips, and how transfers compare to Instant EFT.",https://betsorted.co.za/blog/fnb-standard-bank-transfer-betting.html,1343,yes
blog/gbets-review-south-africa-2026.html,https://betsorted.co.za/blog/gbets-review-south-africa-2026.html,Gbets Review South Africa 2026 | BetSorted,Gbets Review South Africa 2026 — Full Sportsbook & Casino Breakdown,"Gbets review for South African punters in 2026. We test the sportsbook, casino, deposits, withdrawals, R50 free bet, and Lucky Numbers.",https://betsorted.co.za/blog/gbets-review-south-africa-2026.html,2500,yes
blog/gbets-vs-10bet-south-africa-2026.html,https://betsorted.co.za/blog/gbets-vs-10bet-south-africa-2026.html,Gbets vs 10bet South Africa 2026 — Which Bookmaker Wins?,Gbets vs 10bet South Africa 2026 — Which Bookmaker Wins?,,https://betsorted.co.za/blog/gbets-vs-10bet-south-africa-2026.html,2360,yes
blog/gbets-vs-betway-south-africa-2026.html,https://betsorted.co.za/blog/gbets-vs-betway-south-africa-2026.html,Gbets vs Betway South Africa 2026 | BetSorted,Gbets vs Betway South Africa 2026 — Which Bookmaker Should You Choose?,If you,https://betsorted.co.za/blog/gbets-vs-betway-south-africa-2026.html,2579,yes
blog/gbets-vs-easybet-south-africa-2026.html,https://betsorted.co.za/blog/gbets-vs-easybet-south-africa-2026.html,Gbets vs Easybet South Africa 2026 | BetSorted,Gbets vs Easybet South Africa 2026: Which Budget Bookmaker Wins?,If you,https://betsorted.co.za/blog/gbets-vs-easybet-south-africa-2026.html,1758,yes
blog/gbets-vs-hollywoodbets-south-africa-2026.html,https://betsorted.co.za/blog/gbets-vs-hollywoodbets-south-africa-2026.html,Gbets vs Hollywoodbets South Africa 2026 — Honest Comparison,Gbets vs Hollywoodbets South Africa 2026 — Which Bookmaker Deserves Your Money?,This is one of the most-requested comparisons we,https://betsorted.co.za/blog/gbets-vs-hollywoodbets-south-africa-2026.html,2074,yes
blog/gbets-vs-playabets-south-africa-2026.html,https://betsorted.co.za/blog/gbets-vs-playabets-south-africa-2026.html,Gbets vs PlayaBets South Africa 2026 — Which SA Bookie Wins?,Gbets vs PlayaBets South Africa 2026 — Which SA Bookie Wins?,,https://betsorted.co.za/blog/gbets-vs-playabets-south-africa-2026.html,2105,yes
blog/gbets-vs-sportingbet-south-africa-2026.html,https://betsorted.co.za/blog/gbets-vs-sportingbet-south-africa-2026.html,Gbets vs Sportingbet South Africa 2026 | BetSorted,Gbets vs Sportingbet South Africa 2026 — Which One Is Worth Your Rands?,"In a market where Betway and Hollywoodbets get all the marketing spend and column inches, Gbets and Sportingbet quietly serve millions of South African...",https://betsorted.co.za/blog/gbets-vs-sportingbet-south-africa-2026.html,1872,yes
blog/gbets-vs-supabets-south-africa-2026.html,https://betsorted.co.za/blog/gbets-vs-supabets-south-africa-2026.html,Gbets vs SupaBets South Africa 2026 | BetSorted,Gbets vs SupaBets South Africa 2026 — The Mid-Tier Bookmaker Battle,Two alternatives to the Big Three — but which is actually better?,https://betsorted.co.za/blog/gbets-vs-supabets-south-africa-2026.html,1692,yes
blog/gbets-vs-world-sports-betting-rugby-horse-racing-2026.html,https://betsorted.co.za/blog/gbets-vs-world-sports-betting-rugby-horse-racing-2026.html,Redirecting…,,,https://betsorted.co.za/blog/gbets-vs-wsb-south-africa-2026.html,27,no
blog/gbets-vs-wsb-south-africa-2026.html,https://betsorted.co.za/blog/gbets-vs-wsb-south-africa-2026.html,Gbets vs World Sports Betting (WSB) 2026 | BetSorted,Gbets vs World Sports Betting (WSB) 2026: Which SA Bookmaker Wins?,Two of South Africa,https://betsorted.co.za/blog/gbets-vs-wsb-south-africa-2026.html,1899,yes
blog/hollywoodbets-review-south-africa-2026.html,https://betsorted.co.za/blog/hollywoodbets-review-south-africa-2026.html,Hollywoodbets Review South Africa (2026) | BetSorted,Hollywoodbets Review for South Africa,"Hollywoodbets review for SA bettors. Compare bonus, payout speed, ZAR withdrawals, and FICA checks with BetSorted",https://betsorted.co.za/blog/hollywoodbets-review-south-africa-2026.html,1697,yes
blog/hollywoodbets-vs-10bet-south-africa-2026.html,https://betsorted.co.za/blog/hollywoodbets-vs-10bet-south-africa-2026.html,Hollywoodbets vs 10bet: Which SA Bookmaker is Better,Hollywoodbets vs 10bet: Which SA Bookmaker is Better in 2026?,Hollywoodbets and 10bet represent two very different approaches to the South African betting market. Hollywoodbets is the local champion — proudly SA...,https://betsorted.co.za/blog/hollywoodbets-vs-10bet-south-africa-2026.html,1647,yes
blog/hollywoodbets-vs-betway-comparison-2026.html,https://betsorted.co.za/blog/hollywoodbets-vs-betway-comparison-2026.html,Redirecting…,,,https://betsorted.co.za/blog/betway-vs-hollywoodbets.html,27,no
blog/hollywoodbets-vs-betway-south-africa.html,https://betsorted.co.za/blog/hollywoodbets-vs-betway-south-africa.html,Redirecting…,,,https://betsorted.co.za/blog/betway-vs-hollywoodbets.html,27,no
blog/hollywoodbets-vs-easybet-south-africa-2026.html,https://betsorted.co.za/blog/hollywoodbets-vs-easybet-south-africa-2026.html,Hollywoodbets vs Easybet South Africa 2026 | BetSorted,Hollywoodbets vs Easybet South Africa 2026: Which Bookmaker is Better?,"Hollywoodbets is the undisputed king of South African betting — the biggest bookmaker in the country with branches in every township, Lucky Numbers mania...",https://betsorted.co.za/blog/hollywoodbets-vs-easybet-south-africa-2026.html,2461,yes
blog/hollywoodbets-vs-playabets-psl-playoffs-2026.html,https://betsorted.co.za/blog/hollywoodbets-vs-playabets-psl-playoffs-2026.html,Hollywoodbets vs Playabets: Best for PSL Playoffs 2026?,Hollywoodbets vs Playabets: Which is Better for PSL Playoffs 2026?,"The PSL playoffs are here, and if you",https://betsorted.co.za/blog/hollywoodbets-vs-playabets-psl-playoffs-2026.html,1399,yes
blog/hollywoodbets-vs-playabets-psl-rugby-cricket-june-2026.html,https://betsorted.co.za/blog/hollywoodbets-vs-playabets-psl-rugby-cricket-june-2026.html,Redirecting…,,,https://betsorted.co.za/blog/psl-title-race-betting-guide.html,27,no
blog/hollywoodbets-vs-sportingbet-2026.html,https://betsorted.co.za/blog/hollywoodbets-vs-sportingbet-2026.html,Hollywoodbets vs Sportingbet | BetSorted,Hollywoodbets vs Sportingbet: Which SA Bookmaker Should You Choose in 2026?,"In South Africa, betting isn’t just a hobby — it’s part of the weekend rhythm. PSL on a Saturday, the Springboks on a big test weekend, and the Durban July...",https://betsorted.co.za/blog/hollywoodbets-vs-sportingbet-2026.html,2189,yes
blog/hollywoodbets-vs-sportingbet-south-africa-2026.html,https://betsorted.co.za/blog/hollywoodbets-vs-sportingbet-south-africa-2026.html,Hollywoodbets vs Sportingbet South Africa 2026 | BetSorted,Hollywoodbets vs Sportingbet South Africa 2026: Which Bookmaker Is Better?,"Hollywoodbets vs Sportingbet South Africa 2026 comparison. We compare PSL coverage, rugby odds, payouts, banking, bonuses and which bookmaker fits SA punters.",https://betsorted.co.za/blog/hollywoodbets-vs-sportingbet-south-africa-2026.html,2053,yes
blog/hollywoodbets-vs-supabets-2026.html,https://betsorted.co.za/blog/hollywoodbets-vs-supabets-2026.html,Hollywoodbets vs SupaBets | BetSorted,Hollywoodbets vs SupaBets: Best for PSL & Soccer Betting in SA (2026),"Hollywoodbets and SupaBets are two of the biggest homegrown bookmakers in South Africa, and if you",https://betsorted.co.za/blog/hollywoodbets-vs-supabets-2026.html,1771,yes
blog/hollywoodbets-vs-supabets-psl-payouts-may-2026.html,https://betsorted.co.za/blog/hollywoodbets-vs-supabets-psl-payouts-may-2026.html,Redirecting…,,,https://betsorted.co.za/blog/hollywoodbets-vs-supabets-2026.html,27,no
blog/hollywoodbets-vs-supabets-world-cup-2026.html,https://betsorted.co.za/blog/hollywoodbets-vs-supabets-world-cup-2026.html,Redirecting…,,,https://betsorted.co.za/blog/hollywoodbets-vs-supabets-2026.html,27,no
blog/hollywoodbets-vs-supersportbet-south-africa-2026.html,https://betsorted.co.za/blog/hollywoodbets-vs-supersportbet-south-africa-2026.html,Hollywoodbets vs SuperSportBet South Africa 2026 | BetSorted,Hollywoodbets vs SuperSportBet South Africa 2026: Which Bookmaker Wins?,"Hollywoodbets vs SuperSportBet South Africa 2026 compares payouts, local football and rugby fit, app feel, promos and which SA bookmaker deserves your bankroll.",https://betsorted.co.za/blog/hollywoodbets-vs-supersportbet-south-africa-2026.html,1998,yes
blog/hollywoodbets-vs-world-sports-betting-fast-payouts-2026.html,https://betsorted.co.za/blog/hollywoodbets-vs-world-sports-betting-fast-payouts-2026.html,Redirecting…,,,https://betsorted.co.za/blog/wsb-vs-hollywoodbets-south-africa-2026.html,27,no
blog/hollywoodbets-vs-world-sports-betting-rugby-cricket-2026.html,https://betsorted.co.za/blog/hollywoodbets-vs-world-sports-betting-rugby-cricket-2026.html,Redirecting…,,,https://betsorted.co.za/blog/wsb-vs-hollywoodbets-south-africa-2026.html,27,no
blog/horse-racing-betting-guide-south-africa-2026.html,https://betsorted.co.za/blog/horse-racing-betting-guide-south-africa-2026.html,Horse Racing Betting Guide South Africa 2026 | BetSorted,Horse Racing Betting Guide South Africa 2026,"Horse racing betting South Africa 2026 guide. Best bookmakers, bet types, tote vs fixed odds, track tips for Turffontein, Kenilworth, Greyville, Durban July.",https://betsorted.co.za/blog/horse-racing-betting-guide-south-africa-2026.html,2440,yes
blog/how-to-bet-fifa-world-cup-2026-south-africa.html,https://betsorted.co.za/blog/how-to-bet-fifa-world-cup-2026-south-africa.html,How to Bet on the 2026 FIFA World Cup — South Africa Guide,How to Bet on the 2026 FIFA World Cup — South Africa Guide,"How to bet on the 2026 FIFA World Cup from South Africa. Bafana Bafana qualified! Best bookmakers, betting markets, odds, strategies &amp; tips for SA punters.",https://betsorted.co.za/blog/how-to-bet-fifa-world-cup-2026-south-africa.html,3369,yes
blog/how-to-bet-nations-championship-2026.html,https://betsorted.co.za/blog/how-to-bet-nations-championship-2026.html,How to Bet on the Nations Championship 2026 | BetSorted,How to Bet on the Nations Championship 2026 — Your Springboks Betting Guide,"How to bet on the Nations Championship 2026. Springboks betting guide with odds, markets, accumulator strategies, and the best rugby bookmakers in South Africa.",https://betsorted.co.za/blog/how-to-bet-nations-championship-2026.html,2862,yes
blog/how-to-bet-on-basketball-nba-south-africa-2026.html,https://betsorted.co.za/blog/how-to-bet-on-basketball-nba-south-africa-2026.html,How to Bet on NBA Basketball in South Africa | BetSorted,How to Bet on NBA Basketball in South Africa: Complete Guide for 2026,"Complete guide to NBA basketball betting in South Africa. Bet types explained, best SA bookmakers for NBA, live betting strategies, time zone tips, and tools.",https://betsorted.co.za/blog/how-to-bet-on-basketball-nba-south-africa-2026.html,2985,yes
blog/how-to-bet-on-currie-cup-south-africa-2026.html,https://betsorted.co.za/blog/how-to-bet-on-currie-cup-south-africa-2026.html,How to Bet on Currie Cup Matches in South Africa | BetSorted,How to Bet on Currie Cup Matches in South Africa (2026 Guide),"How to bet on Currie Cup matches in South Africa in 2026. Markets, teams, bookmaker picks, handicap tips, live betting angles and calculator-backed staking.",https://betsorted.co.za/blog/how-to-bet-on-currie-cup-south-africa-2026.html,1409,yes
blog/how-to-bet-on-ipl-2026-south-africa.html,https://betsorted.co.za/blog/how-to-bet-on-ipl-2026-south-africa.html,How to Bet on the IPL 2026 from South Africa | BetSorted,How to Bet on the IPL 2026 from South Africa — Complete Guide,"How to bet on IPL 2026 from South Africa. Best bookmakers, betting markets, SA players, live betting tips, accumulator strategies &amp; calculator tools.",https://betsorted.co.za/blog/how-to-bet-on-ipl-2026-south-africa.html,3810,yes
blog/how-to-bet-on-psl-relegation-promotion-south-africa-2026.html,https://betsorted.co.za/blog/how-to-bet-on-psl-relegation-promotion-south-africa-2026.html,How to Bet on PSL Relegation and Promotion Markets,How to Bet on PSL Relegation and Promotion Markets in South Africa,"How South African punters should bet PSL relegation, promotion playoffs and end-of-season football markets in 2026 with odds examples and BetSorted calculators.",https://betsorted.co.za/blog/how-to-bet-on-psl-relegation-promotion-south-africa-2026.html,1233,yes
blog/how-to-bet-on-psl-south-africa-2026.html,https://betsorted.co.za/blog/how-to-bet-on-psl-south-africa-2026.html,How to Bet on PSL in South Africa (2026) | BetSorted,How to Bet on PSL in South Africa (2026),"Learn how to bet on the PSL in South Africa. Step-by-step guide with markets, odds examples, bookmaker tips, and strategy for 2026.",https://betsorted.co.za/blog/how-to-bet-on-psl-south-africa-2026.html,1233,yes
blog/how-to-bet-on-rugby-south-africa-2026.html,https://betsorted.co.za/blog/how-to-bet-on-rugby-south-africa-2026.html,How to Bet on Rugby in South Africa: Complete Guide for 2026,How to Bet on Rugby in South Africa: Complete Guide for 2026,Rugby isn,https://betsorted.co.za/blog/how-to-bet-on-rugby-south-africa-2026.html,2853,yes
blog/how-to-bet-on-soccer-south-africa-2026.html,https://betsorted.co.za/blog/how-to-bet-on-soccer-south-africa-2026.html,How to Bet on Soccer in South Africa | BetSorted,How to Bet on Soccer in South Africa: Complete Beginner's Guide (2026),You want to bet on soccer but you,https://betsorted.co.za/blog/how-to-bet-on-soccer-south-africa-2026.html,2635,yes
blog/how-to-bet-on-t20-cricket-march-2026-series.html,https://betsorted.co.za/blog/how-to-bet-on-t20-cricket-march-2026-series.html,How to Bet on T20 Cricket | BetSorted,How to Bet on T20 Cricket: South Africa's March 2026 Series Guide,The Proteas are back in action this March with an exciting T20I series running from 15-25 March 2026. Whether you,https://betsorted.co.za/blog/how-to-bet-on-t20-cricket-march-2026-series.html,1619,yes
blog/how-to-bet-on-tennis-south-africa-2026.html,https://betsorted.co.za/blog/how-to-bet-on-tennis-south-africa-2026.html,How to Bet on Tennis in South Africa: Complete 2026 Guide,How to Bet on Tennis in South Africa: Complete Guide for 2026,"Complete guide to tennis betting in South Africa. Markets explained, best bookmakers for tennis, live betting tips, Grand Slam strategies, and calculator.",https://betsorted.co.za/blog/how-to-bet-on-tennis-south-africa-2026.html,2465,yes
blog/how-to-bet-on-ufc-mma-south-africa-2026.html,https://betsorted.co.za/blog/how-to-bet-on-ufc-mma-south-africa-2026.html,How to Bet on UFC & MMA in South Africa | BetSorted,How to Bet on UFC & MMA in South Africa (2026 Complete Guide),"Complete guide to UFC and MMA betting in South Africa. Best bookmakers for UFC odds, fight night markets, and tips for betting on MMA events in 2026.",https://betsorted.co.za/blog/how-to-bet-on-ufc-mma-south-africa-2026.html,2208,yes
blog/how-to-build-psl-rugby-cricket-accumulator-south-africa-2026.html,https://betsorted.co.za/blog/how-to-build-psl-rugby-cricket-accumulator-south-africa-2026.html,"How to Build PSL, Rugby and Cricket Accumulators in South","How to Build PSL, Rugby and Cricket Accumulators Without Donating to the Bookie","How South African punters should build PSL, rugby and cricket accumulators in 2026 with bookmaker examples, odds math, staking rules and accumulator.",https://betsorted.co.za/blog/how-to-build-psl-rugby-cricket-accumulator-south-africa-2026.html,1381,yes
blog/how-to-open-betting-account-south-africa-2026.html,https://betsorted.co.za/blog/how-to-open-betting-account-south-africa-2026.html,How to Open a Betting Account in South Africa (2026 Guide),How to Open a Betting Account in South Africa: Complete 2026 Guide,"Step-by-step guide to opening a betting account in South Africa. FICA requirements, ID documents, deposits, choosing a bookmaker, and beginner tips for 2026.",https://betsorted.co.za/blog/how-to-open-betting-account-south-africa-2026.html,1946,yes
blog/how-to-use-betsorted-calculators-weekend-betting-south-africa-2026.html,https://betsorted.co.za/blog/how-to-use-betsorted-calculators-weekend-betting-south-africa-2026.html,How to Use BetSorted Calculators for Weekend Betting,How to Use BetSorted Calculators for Weekend Betting in South Africa,"How South African punters should use BetSorted calculators for weekend PSL, rugby, cricket, horse racing and accumulator bets in 2026.",https://betsorted.co.za/blog/how-to-use-betsorted-calculators-weekend-betting-south-africa-2026.html,1649,yes
blog/how-to-use-betting-calculators-south-africa.html,https://betsorted.co.za/blog/how-to-use-betting-calculators-south-africa.html,How to Use Betting Calculators | BetSorted,How to Use Betting Calculators — A South African Punter's Guide,"How to use betting calculators in South Africa. Practical guide to stake sizing, accumulator profits, arbitrage, and each-way bets with real ZAR examples.",https://betsorted.co.za/blog/how-to-use-betting-calculators-south-africa.html,1607,yes
blog/how-to-use-free-bets-south-africa-2026.html,https://betsorted.co.za/blog/how-to-use-free-bets-south-africa-2026.html,How to Use Free Bets: Complete Guide for SA Punters (2026),How to Use Free Bets: Complete Guide for SA Punters (2026),"Complete guide to using free bets in South Africa. How free bets work, which SA bookmakers offer them, strategy to maximise value, and common mistakes to avoid.",https://betsorted.co.za/blog/how-to-use-free-bets-south-africa-2026.html,2263,yes
blog/how-to-withdraw-betting-sites-south-africa-2026.html,https://betsorted.co.za/blog/how-to-withdraw-betting-sites-south-africa-2026.html,How to Withdraw from Betting Sites in South Africa 2026,How to Withdraw from Betting Sites in South Africa 2026,"Complete guide to withdrawing from betting sites in South Africa 2026. EFT, Instant EFT, Ozow, Capitec Pay — processing times, fees &amp; FICA requirements.",https://betsorted.co.za/blog/how-to-withdraw-betting-sites-south-africa-2026.html,2098,yes
blog/index.html,https://betsorted.co.za/blog/,BetSorted Blog | BetSorted,BetSorted Blog,"Grouped betting guides, bookmaker comparisons, reviews and strategy for South African punters.",https://betsorted.co.za/blog/,2756,yes
blog/instant-eft-betting-payments-south-africa.html,https://betsorted.co.za/blog/instant-eft-betting-payments-south-africa.html,Instant EFT Betting Payments in South Africa | BetSorted,Instant EFT Betting Payments in South Africa: Fast Deposits and Withdrawals,"Instant EFT betting guide for SA punters. Understand how instant EFT works, payout timelines, supported banks, and when it beats card deposits.",https://betsorted.co.za/blog/instant-eft-betting-payments-south-africa.html,1339,yes
blog/ipl-2026-cricket-betting-guide-south-africa.html,https://betsorted.co.za/blog/ipl-2026-cricket-betting-guide-south-africa.html,Redirecting…,,,https://betsorted.co.za/blog/ipl-betting-guide-south-africa.html,27,no
blog/ipl-2026-opening-weekend-betting-guide-south-africa.html,https://betsorted.co.za/blog/ipl-2026-opening-weekend-betting-guide-south-africa.html,Redirecting…,,,https://betsorted.co.za/blog/ipl-betting-guide-south-africa.html,27,no
blog/ipl-2026-week-1-daily-betting-tips-south-africa.html,https://betsorted.co.za/blog/ipl-2026-week-1-daily-betting-tips-south-africa.html,Redirecting…,,,https://betsorted.co.za/blog/ipl-betting-guide-south-africa.html,27,no
blog/ipl-2026-week-2-betting-predictions-south-africa.html,https://betsorted.co.za/blog/ipl-2026-week-2-betting-predictions-south-africa.html,Redirecting…,,,https://betsorted.co.za/blog/ipl-betting-guide-south-africa.html,27,no
blog/ipl-2026-week-3-april-betting-guide-south-africa.html,https://betsorted.co.za/blog/ipl-2026-week-3-april-betting-guide-south-africa.html,Redirecting…,,,https://betsorted.co.za/blog/ipl-betting-guide-south-africa.html,27,no
blog/ipl-betting-guide-south-africa.html,https://betsorted.co.za/blog/ipl-betting-guide-south-africa.html,IPL Betting Guide for South Africans | BetSorted,IPL Betting Guide for South Africans,"IPL 2026 cricket betting guide for South Africa. Where to bet, best SA bookmakers for IPL, bet types, odds in ZAR, and SA players to watch in the Indian.",https://betsorted.co.za/blog/ipl-betting-guide-south-africa.html,2523,yes
blog/is-online-betting-legal-south-africa-2026.html,https://betsorted.co.za/blog/is-online-betting-legal-south-africa-2026.html,Is Online Betting Legal in South Africa? Full 2026 Legal,Is Online Betting Legal in South Africa? Full 2026 Legal Guide,Every week we get asked: &quot;Is it actually legal to bet online in South Africa?&quot; The answer isn,https://betsorted.co.za/blog/is-online-betting-legal-south-africa-2026.html,2160,yes
blog/june-2026-rugby-cricket-psl-acca-calculator-guide.html,https://betsorted.co.za/blog/june-2026-rugby-cricket-psl-acca-calculator-guide.html,Redirecting…,,,https://betsorted.co.za/blog/psl-title-race-betting-guide.html,27,no
blog/kaizer-chiefs-betting-guide-2026.html,https://betsorted.co.za/blog/kaizer-chiefs-betting-guide-2026.html,Kaizer Chiefs Betting Guide (2026) | BetSorted,"Kaizer Chiefs Betting Guide (2026): Markets, Angles, and SA Bookmakers","Kaizer Chiefs betting guide for 2026. Learn the best markets, pricing angles, and where to bet on Chiefs in South Africa.",https://betsorted.co.za/blog/kaizer-chiefs-betting-guide-2026.html,1304,yes
blog/licensed-vs-illegal-betting-sites-south-africa-2026.html,https://betsorted.co.za/blog/licensed-vs-illegal-betting-sites-south-africa-2026.html,Licensed vs Illegal Betting Sites in South Africa 2026,Licensed vs Illegal Betting Sites in South Africa 2026,"Licensed vs illegal betting sites in South Africa for 2026: how to check a bookmaker, what the July NGB crackdown means, and how SA punters can avoid risky.",https://betsorted.co.za/blog/licensed-vs-illegal-betting-sites-south-africa-2026.html,1981,yes
blog/lions-vs-sharks-urc-betting-guide-february-2026.html,https://betsorted.co.za/blog/lions-vs-sharks-urc-betting-guide-february-2026.html,Redirecting…,,,https://betsorted.co.za/blog/urc-playoffs-betting-guide.html,27,no
blog/liv-golf-south-africa-2026-betting-guide.html,https://betsorted.co.za/blog/liv-golf-south-africa-2026-betting-guide.html,LIV Golf South Africa 2026 Betting Guide | BetSorted,"LIV Golf South Africa 2026 Betting Guide — Steyn City Odds, Markets & Tips","History is being made this weekend in Johannesburg. LIV Golf has finally touched down on African soil, and The Club at Steyn City is hosting what",https://betsorted.co.za/blog/liv-golf-south-africa-2026-betting-guide.html,2417,yes
blog/live-betting-guide-south-africa-2026.html,https://betsorted.co.za/blog/live-betting-guide-south-africa-2026.html,Live Betting Guide South Africa 2026 | BetSorted,Live Betting Guide South Africa 2026: In-Play Betting Tips & Best SA Bookmakers,"Live betting South Africa guide for 2026. Learn how in-play betting works, best SA bookmakers, PSL, rugby, cricket markets, and live betting tips.",https://betsorted.co.za/blog/live-betting-guide-south-africa-2026.html,2117,yes
blog/live-betting-strategy-springboks-england-june-2026.html,https://betsorted.co.za/blog/live-betting-strategy-springboks-england-june-2026.html,Redirecting…,,,https://betsorted.co.za/blog/springboks-vs-england-betting-guide.html,27,no
blog/lottostar-review-south-africa-2026.html,https://betsorted.co.za/blog/lottostar-review-south-africa-2026.html,LottoStar Review South Africa (2026) | BetSorted,"LottoStar Review South Africa (2026): Lucky Numbers, Virtual Games & Sports Betting","LottoStar review for South African punters. We cover Lucky Numbers, virtual games, sports betting, deposits, withdrawals, and the mobile experience in 2026.",https://betsorted.co.za/blog/lottostar-review-south-africa-2026.html,1207,yes
blog/lottostar-vs-betway-south-africa-2026.html,https://betsorted.co.za/blog/lottostar-vs-betway-south-africa-2026.html,LottoStar vs Betway South Africa 2026: Which Bookmaker Wins?,LottoStar vs Betway South Africa 2026: Which Bookmaker Wins?,"Betway is the safest all-rounder in South Africa: fast withdrawals, deep live betting, and consistently sharp odds on PSL and rugby. LottoStar (Lottostar)...",https://betsorted.co.za/blog/lottostar-vs-betway-south-africa-2026.html,632,yes
blog/lottostar-vs-gbets-south-africa-2026.html,https://betsorted.co.za/blog/lottostar-vs-gbets-south-africa-2026.html,Lottostar vs GBets South Africa 2026 | BetSorted,"Lottostar vs GBets South Africa 2026: Lucky Numbers, Odds & Sports Compared",Lottostar and GBets are two South African-born bookmakers with loyal followings — but they,https://betsorted.co.za/blog/lottostar-vs-gbets-south-africa-2026.html,2350,yes
blog/lottostar-vs-hollywoodbets-south-africa-2026.html,https://betsorted.co.za/blog/lottostar-vs-hollywoodbets-south-africa-2026.html,Lottostar vs Hollywoodbets South Africa 2026 | BetSorted,Lottostar vs Hollywoodbets South Africa 2026: Which Is Better?,This is a comparison that comes up surprisingly often: Lottostar or Hollywoodbets? On the surface they,https://betsorted.co.za/blog/lottostar-vs-hollywoodbets-south-africa-2026.html,2359,yes
blog/lottostar-vs-supabets-south-africa-2026.html,https://betsorted.co.za/blog/lottostar-vs-supabets-south-africa-2026.html,Lottostar vs Supabets 2026 | BetSorted,"Lottostar vs Supabets 2026: Lucky Numbers, Sports & More Compared","This is a comparison that actually makes sense, because these two bookmakers attract very different punters — and there",https://betsorted.co.za/blog/lottostar-vs-supabets-south-africa-2026.html,1848,yes
blog/lucky-numbers-betting-guide-south-africa-2026.html,https://betsorted.co.za/blog/lucky-numbers-betting-guide-south-africa-2026.html,Lucky Numbers Betting Guide South Africa 2026 | BetSorted,"Lucky Numbers Betting Guide South Africa 2026: How It Works, Best Sites & Tips",,https://betsorted.co.za/blog/lucky-numbers-betting-guide-south-africa-2026.html,3590,yes
blog/mamelodi-sundowns-betting-guide-2026.html,https://betsorted.co.za/blog/mamelodi-sundowns-betting-guide-2026.html,Mamelodi Sundowns Betting Guide (2026) | BetSorted,"Mamelodi Sundowns Betting Guide (2026): Odds, Trends, and PSL Markets","Mamelodi Sundowns betting guide for 2026. Learn odds trends, market selection, and where to bet on Sundowns in SA.",https://betsorted.co.za/blog/mamelodi-sundowns-betting-guide-2026.html,1300,yes
blog/matched-betting-guide-south-africa-2026.html,https://betsorted.co.za/blog/matched-betting-guide-south-africa-2026.html,Matched Betting South Africa 2026: Complete Beginner's Guide,Matched Betting South Africa 2026: The Complete Beginner's Guide,"Every SA bookmaker throws sign-up bonuses at new customers — R1,000 free bets here, R2,000 welcome offers there. Most punters blow through these on...",https://betsorted.co.za/blog/matched-betting-guide-south-africa-2026.html,1624,yes
blog/mtn8-betting-guide-south-africa-2026.html,https://betsorted.co.za/blog/mtn8-betting-guide-south-africa-2026.html,MTN8 Betting Guide South Africa 2026 | BetSorted,MTN8 Betting Guide South Africa 2026: How to Bet PSL Cup Football Without Guessing,"MTN8 betting guide for South African punters in 2026: Chiefs, Pirates, Sundowns, cup knockout markets, bookmaker fit, odds examples and calculator-backed.",https://betsorted.co.za/blog/mtn8-betting-guide-south-africa-2026.html,1637,yes
blog/mtn8-quarter-finals-betting-guide-august-2026.html,https://betsorted.co.za/blog/mtn8-quarter-finals-betting-guide-august-2026.html,MTN8 Quarter-Finals Betting Guide August 2026 | BetSorted,MTN8 Quarter-Finals Betting Guide August 2026,"MTN8 quarter-finals betting guide for South Africa in August 2026: fixtures, Chiefs, Pirates, Sundowns, smart markets, acca maths and bookmaker checks.",https://betsorted.co.za/blog/mtn8-quarter-finals-betting-guide-august-2026.html,2084,yes
blog/mtn8-semi-final-betting-guide-south-africa-2026.html,https://betsorted.co.za/blog/mtn8-semi-final-betting-guide-south-africa-2026.html,MTN8 Semi Final Betting Guide South Africa 2026 | BetSorted,MTN8 Semi Final Betting Guide South Africa 2026,"MTN8 semi final betting guide for South Africa 2026: Pirates vs Sekhukhune, Sundowns vs Golden Arrows, smart markets, odds checks and acca rules.",https://betsorted.co.za/blog/mtn8-semi-final-betting-guide-south-africa-2026.html,2099,yes
blog/nedbank-cup-2026-betting-guide.html,https://betsorted.co.za/blog/nedbank-cup-2026-betting-guide.html,Redirecting…,,,https://betsorted.co.za/blog/nedbank-cup-betting-guide.html,27,no
blog/nedbank-cup-2026-final-betting-guide.html,https://betsorted.co.za/blog/nedbank-cup-2026-final-betting-guide.html,Nedbank Cup 2026 Final Betting Guide | BetSorted,"Nedbank Cup 2026 Final Betting Guide — Odds, Tips & Best Bookmakers","Nedbank Cup 2026 final betting guide for South African punters. Best bookmakers, odds comparison, betting markets, accumulator tips &amp; live betting strategies.",https://betsorted.co.za/blog/nedbank-cup-2026-final-betting-guide.html,3660,yes
blog/nedbank-cup-2026-quarterfinals-betting-guide.html,https://betsorted.co.za/blog/nedbank-cup-2026-quarterfinals-betting-guide.html,Redirecting…,,,https://betsorted.co.za/blog/nedbank-cup-betting-guide.html,27,no
blog/nedbank-cup-2026-semi-finals-betting-guide.html,https://betsorted.co.za/blog/nedbank-cup-2026-semi-finals-betting-guide.html,Redirecting…,,,https://betsorted.co.za/blog/nedbank-cup-betting-guide.html,27,no
blog/nedbank-cup-betting-guide.html,https://betsorted.co.za/blog/nedbank-cup-betting-guide.html,Nedbank Cup Betting Guide for South Africans | BetSorted,Nedbank Cup Betting Guide for South Africans,The Nedbank Cup is back and it,https://betsorted.co.za/blog/nedbank-cup-betting-guide.html,1985,yes
blog/new-betting-sites-south-africa-april-2026.html,https://betsorted.co.za/blog/new-betting-sites-south-africa-april-2026.html,New Betting Sites South Africa April 2026 | BetSorted,New Betting Sites South Africa April 2026 — Latest Bookmakers Reviewed,"New betting sites in South Africa for April 2026. Jabula Bets, Pantherbet, Saffaluck, Lucky Fish &amp; more — welcome bonuses, FICA requirements, and honest.",https://betsorted.co.za/blog/new-betting-sites-south-africa-april-2026.html,1294,yes
blog/orlando-pirates-betting-guide-2026.html,https://betsorted.co.za/blog/orlando-pirates-betting-guide-2026.html,Orlando Pirates Betting Guide (2026) | BetSorted,"Orlando Pirates Betting Guide (2026): Markets, Value Spots, and PSL Tips","Orlando Pirates betting guide for 2026. Market insights, PSL betting angles, and best SA bookmakers for Pirates matches.",https://betsorted.co.za/blog/orlando-pirates-betting-guide-2026.html,1305,yes
blog/ozow-betting-payments-south-africa.html,https://betsorted.co.za/blog/ozow-betting-payments-south-africa.html,Ozow Betting Payments in South Africa | BetSorted,Ozow Betting Payments in South Africa: Instant Deposits and What to Know,"Ozow betting payment guide for South African punters. We cover instant deposits, bank compatibility, fees, FICA checks, and when Ozow is the best choice.",https://betsorted.co.za/blog/ozow-betting-payments-south-africa.html,1314,yes
blog/payshap-betting-deposits-withdrawals-south-africa-2026.html,https://betsorted.co.za/blog/payshap-betting-deposits-withdrawals-south-africa-2026.html,PayShap Betting Deposits &amp; Withdrawals South Africa 2026,PayShap Betting Deposits and Withdrawals South Africa 2026,"PayShap betting deposits and withdrawals guide for South Africa in 2026: how real-time bank payments compare with Ozow, EFT, Capitec Pay and bookmaker payouts.",https://betsorted.co.za/blog/payshap-betting-deposits-withdrawals-south-africa-2026.html,2129,yes
blog/playabets-review-south-africa-2026.html,https://betsorted.co.za/blog/playabets-review-south-africa-2026.html,Playabets Review South Africa (2026) | BetSorted,"Playabets Review South Africa (2026): Promotions, PSL Betting, and Local Banking","Playabets review for SA bettors. We break down PSL markets, promotions, ZAR deposits, FICA verification, and who Playabets suits.",https://betsorted.co.za/blog/playabets-review-south-africa-2026.html,1547,yes
blog/playabets-vs-bet-co-za-south-africa-2026.html,https://betsorted.co.za/blog/playabets-vs-bet-co-za-south-africa-2026.html,Playabets vs Bet.co.za South Africa 2026 | BetSorted,Playabets vs Bet.co.za South Africa 2026: Which Account Belongs on Your Slip?,"Playabets and Bet.co.za both sit in the second tier of South African bookmaker searches: not always the first names casual punters mention, but common...",https://betsorted.co.za/blog/playabets-vs-bet-co-za-south-africa-2026.html,1171,yes
blog/playabets-vs-betway-south-africa-2026.html,https://betsorted.co.za/blog/playabets-vs-betway-south-africa-2026.html,Playabets vs Betway South Africa 2026 | BetSorted,Playabets vs Betway South Africa 2026: Head-to-Head Comparison,"Playabets and Betway sit at opposite ends of the South African betting spectrum. Betway is the established international heavyweight — slick app, instant...",https://betsorted.co.za/blog/playabets-vs-betway-south-africa-2026.html,2140,yes
blog/playabets-vs-easybet-south-africa-2026.html,https://betsorted.co.za/blog/playabets-vs-easybet-south-africa-2026.html,Playabets vs Easybet South Africa 2026 | BetSorted,Playabets vs Easybet South Africa 2026: Which Budget Bookmaker Is Better?,South Africa,https://betsorted.co.za/blog/playabets-vs-easybet-south-africa-2026.html,2490,yes
blog/playabets-vs-hollywoodbets-south-africa-2026.html,https://betsorted.co.za/blog/playabets-vs-hollywoodbets-south-africa-2026.html,Playabets vs Hollywoodbets 2026 | BetSorted,Playabets vs Hollywoodbets 2026: Which SA Bookmaker is Better?,"Playabets and Hollywoodbets both speak the language of South African punters, but they win in different ways. Hollywoodbets is the household name with...",https://betsorted.co.za/blog/playabets-vs-hollywoodbets-south-africa-2026.html,2518,yes
blog/playabets-vs-supabets-psl-rugby-cricket-june-2026.html,https://betsorted.co.za/blog/playabets-vs-supabets-psl-rugby-cricket-june-2026.html,Redirecting…,,,https://betsorted.co.za/blog/playabets-vs-supabets-south-africa-2026.html,27,no
blog/playabets-vs-supabets-south-africa-2026.html,https://betsorted.co.za/blog/playabets-vs-supabets-south-africa-2026.html,Playabets vs Supabets South Africa 2026 | BetSorted,Playabets vs Supabets South Africa 2026: Which Budget Bookmaker Is Better?,"Not everyone wants to throw R1,000 at a bookmaker to get a welcome bonus. Some of us just want to place a R20 bet on Sundowns to beat Chiefs on the weekend...",https://betsorted.co.za/blog/playabets-vs-supabets-south-africa-2026.html,2199,yes
blog/playabets-vs-wsb-south-africa-2026.html,https://betsorted.co.za/blog/playabets-vs-wsb-south-africa-2026.html,Playabets vs World Sports Betting (WSB) South Africa 2026,Playabets vs World Sports Betting (WSB) South Africa 2026: The Full Comparison,South Africa,https://betsorted.co.za/blog/playabets-vs-wsb-south-africa-2026.html,2340,yes
blog/polymarket-vs-kalshi-vs-sa-bookmakers-2026.html,https://betsorted.co.za/blog/polymarket-vs-kalshi-vs-sa-bookmakers-2026.html,Polymarket vs Kalshi vs SA Bookmakers | BetSorted,Polymarket vs Kalshi vs SA Bookmakers: Where's the Smart Money in 2026?,There is a corner of the internet where $241 million is riding on who wins the English Premier League. Not from a bookmaker. No house edge. No margin baked...,https://betsorted.co.za/blog/polymarket-vs-kalshi-vs-sa-bookmakers-2026.html,2163,yes
blog/proteas-cricket-betting-guide-2026.html,https://betsorted.co.za/blog/proteas-cricket-betting-guide-2026.html,Proteas Cricket Betting Guide 2026 | BetSorted,Proteas Cricket Betting Guide 2026 — How to Bet on South Africa Cricket,"How to bet on Proteas cricket in South Africa. Markets explained, bookmaker comparisons, live betting tips, and real ZAR examples for Test, ODI, and T20I.",https://betsorted.co.za/blog/proteas-cricket-betting-guide-2026.html,1683,yes
blog/proteas-vs-new-zealand-t20i-betting-guide-march-2026.html,https://betsorted.co.za/blog/proteas-vs-new-zealand-t20i-betting-guide-march-2026.html,Redirecting…,,,https://betsorted.co.za/blog/category-cricket.html,27,no
blog/proteas-womens-t20-world-cup-betting-guide-2026.html,https://betsorted.co.za/blog/proteas-womens-t20-world-cup-betting-guide-2026.html,Proteas Women T20 World Cup Betting Guide 2026 | BetSorted,Proteas Women T20 World Cup Betting Guide 2026,"South African betting guide for the Proteas Women at the 2026 T20 World Cup, with bookmaker checks, odds examples, accumulator discipline and BetSorted.",https://betsorted.co.za/blog/proteas-womens-t20-world-cup-betting-guide-2026.html,1609,yes
blog/psl-2025-26-title-race-who-wins-the-league-2026.html,https://betsorted.co.za/blog/psl-2025-26-title-race-who-wins-the-league-2026.html,Redirecting…,,,https://betsorted.co.za/blog/psl-title-race-betting-guide.html,27,no
blog/psl-april-2026-title-race-betting-guide.html,https://betsorted.co.za/blog/psl-april-2026-title-race-betting-guide.html,Redirecting…,,,https://betsorted.co.za/blog/psl-title-race-betting-guide.html,27,no
blog/psl-bet-builder-guide-south-africa-2026.html,https://betsorted.co.za/blog/psl-bet-builder-guide-south-africa-2026.html,PSL Bet Builder Guide South Africa 2026 | BetSorted,PSL Bet Builder Guide for South African Punters 2026,"PSL bet builder guide for South Africa 2026: build same-game slips for Chiefs, Pirates, Sundowns and local derbies with odds examples and calculators.",https://betsorted.co.za/blog/psl-bet-builder-guide-south-africa-2026.html,1536,yes
blog/psl-easter-weekend-2026-betting-guide.html,https://betsorted.co.za/blog/psl-easter-weekend-2026-betting-guide.html,Redirecting…,,,https://betsorted.co.za/blog/psl-title-race-betting-guide.html,27,no
blog/psl-final-day-betting-guide-may-2026.html,https://betsorted.co.za/blog/psl-final-day-betting-guide-may-2026.html,Redirecting…,,,https://betsorted.co.za/blog/psl-title-race-betting-guide.html,27,no
blog/psl-final-round-live-betting-guide-may-2026.html,https://betsorted.co.za/blog/psl-final-round-live-betting-guide-may-2026.html,Redirecting…,,,https://betsorted.co.za/blog/psl-title-race-betting-guide.html,27,no
blog/psl-final-stretch-title-race-betting-guide-april-2026.html,https://betsorted.co.za/blog/psl-final-stretch-title-race-betting-guide-april-2026.html,Redirecting…,,,https://betsorted.co.za/blog/psl-title-race-betting-guide.html,27,no
blog/psl-final-weekend-odds-shopping-guide-may-2026.html,https://betsorted.co.za/blog/psl-final-weekend-odds-shopping-guide-may-2026.html,Redirecting…,,,https://betsorted.co.za/blog/psl-title-race-betting-guide.html,27,no
blog/psl-final-weeks-april-2026-title-race.html,https://betsorted.co.za/blog/psl-final-weeks-april-2026-title-race.html,Redirecting…,,,https://betsorted.co.za/blog/psl-title-race-betting-guide.html,27,no
blog/psl-final-weeks-betting-guide-april-2026.html,https://betsorted.co.za/blog/psl-final-weeks-betting-guide-april-2026.html,Redirecting…,,,https://betsorted.co.za/blog/psl-title-race-betting-guide.html,27,no
blog/psl-golden-boot-2026-top-scorer-betting-guide.html,https://betsorted.co.za/blog/psl-golden-boot-2026-top-scorer-betting-guide.html,PSL Golden Boot 2026: Who Will Be Top Scorer? Betting Guide,PSL Golden Boot 2026: Who Will Be Top Scorer? Betting Guide,"PSL 2025/26 Golden Boot race betting guide. Top scorer odds, analysis of leading strikers, and which bookmakers offer outright markets for the PSL top.",https://betsorted.co.za/blog/psl-golden-boot-2026-top-scorer-betting-guide.html,2144,yes
blog/psl-march-2026-betting-guide.html,https://betsorted.co.za/blog/psl-march-2026-betting-guide.html,Redirecting…,,,https://betsorted.co.za/blog/psl-title-race-betting-guide.html,27,no
blog/psl-march-2026-matchweek-betting-tips.html,https://betsorted.co.za/blog/psl-march-2026-matchweek-betting-tips.html,Redirecting…,,,https://betsorted.co.za/blog/psl-title-race-betting-guide.html,27,no
blog/psl-mid-week-fixtures-march-10-14-betting-preview-2026.html,https://betsorted.co.za/blog/psl-mid-week-fixtures-march-10-14-betting-preview-2026.html,Redirecting…,,,https://betsorted.co.za/blog/psl-title-race-betting-guide.html,27,no
blog/psl-midweek-april-15-19-2026-betting-guide.html,https://betsorted.co.za/blog/psl-midweek-april-15-19-2026-betting-guide.html,Redirecting…,,,https://betsorted.co.za/blog/psl-title-race-betting-guide.html,27,no
blog/psl-newly-promoted-clubs-betting-guide-2026-27.html,https://betsorted.co.za/blog/psl-newly-promoted-clubs-betting-guide-2026-27.html,PSL Newly Promoted Clubs Betting Guide 2026/27 | BetSorted,PSL Newly Promoted Clubs Betting Guide 2026/27,"PSL newly promoted clubs betting guide for 2026/27: how South African punters should price Milford FC, Kruger United and early-season Betway Premiership traps.",https://betsorted.co.za/blog/psl-newly-promoted-clubs-betting-guide-2026-27.html,2002,yes
blog/psl-offseason-odds-shopping-june-2026.html,https://betsorted.co.za/blog/psl-offseason-odds-shopping-june-2026.html,Redirecting…,,,https://betsorted.co.za/blog/psl-title-race-betting-guide.html,27,no
blog/psl-offseason-transfer-betting-guide-2026.html,https://betsorted.co.za/blog/psl-offseason-transfer-betting-guide-2026.html,PSL Offseason Transfer Betting Guide 2026 | BetSorted,PSL Offseason Transfer Betting Guide 2026: How SA Punters Should Price the Rumour Window,"PSL offseason betting guide South Africa 2026: how to price transfer rumours, futures markets, cup odds and early season betting without chasing hype.",https://betsorted.co.za/blog/psl-offseason-transfer-betting-guide-2026.html,1546,yes
blog/psl-playoffs-2026-betting-guide.html,https://betsorted.co.za/blog/psl-playoffs-2026-betting-guide.html,PSL Playoffs 2026 Betting Guide | BetSorted,"PSL Playoffs 2026 Betting Guide — Top 8 Odds, Predictions & Best Bookmakers","PSL Playoffs 2026 betting guide for SA punters. Top 8 qualified teams, semi-final odds, championship predictions and best bookmakers for PSL markets.",https://betsorted.co.za/blog/psl-playoffs-2026-betting-guide.html,1589,yes
blog/psl-relegation-battle-betting-guide-2026.html,https://betsorted.co.za/blog/psl-relegation-battle-betting-guide-2026.html,PSL Relegation Battle 2026 | BetSorted,PSL Relegation Battle 2026: Who Goes Down? Betting Guide & Odds,"PSL relegation battle betting guide 2026. Magesi, Orbit College, Marumo Gallants — who goes down? Odds, form analysis, and betting tips for the Betway.",https://betsorted.co.za/blog/psl-relegation-battle-betting-guide-2026.html,2057,yes
blog/psl-rugby-cricket-accumulator-strategy-june-2026.html,https://betsorted.co.za/blog/psl-rugby-cricket-accumulator-strategy-june-2026.html,Redirecting…,,,https://betsorted.co.za/blog/psl-title-race-betting-guide.html,27,no
blog/psl-season-run-in-betting-guide-april-2026.html,https://betsorted.co.za/blog/psl-season-run-in-betting-guide-april-2026.html,Redirecting…,,,https://betsorted.co.za/blog/psl-title-race-betting-guide.html,27,no
blog/psl-title-race-betting-guide.html,https://betsorted.co.za/blog/psl-title-race-betting-guide.html,PSL Title Race Betting Guide for South Africans | BetSorted,PSL Title Race Betting Guide for South Africans,"PSL title race 2026 betting guide — Sundowns vs Pirates. Outright winner odds, form analysis, remaining fixtures, key players, and accumulator tips.",https://betsorted.co.za/blog/psl-title-race-betting-guide.html,4315,yes
blog/psl-title-race-pirates-vs-sundowns-betting-guide-2026.html,https://betsorted.co.za/blog/psl-title-race-pirates-vs-sundowns-betting-guide-2026.html,PSL Title Race 2026: Pirates vs Sundowns Betting Guide,PSL Title Race 2026: Pirates vs Sundowns — Who Wins the Betway Premiership?,It doesn,https://betsorted.co.za/blog/psl-title-race-pirates-vs-sundowns-betting-guide-2026.html,1506,yes
blog/psl-top-8-race-betting-guide-april-2026.html,https://betsorted.co.za/blog/psl-top-8-race-betting-guide-april-2026.html,Redirecting…,,,https://betsorted.co.za/blog/psl-title-race-betting-guide.html,27,no
blog/psl-urc-weekend-betting-preview-may-23-2026.html,https://betsorted.co.za/blog/psl-urc-weekend-betting-preview-may-23-2026.html,Redirecting…,,,https://betsorted.co.za/blog/urc-playoffs-betting-guide.html,27,no
blog/psl-weekend-accumulator-calculator-guide-may-2026.html,https://betsorted.co.za/blog/psl-weekend-accumulator-calculator-guide-may-2026.html,Redirecting…,,,https://betsorted.co.za/blog/psl-title-race-betting-guide.html,27,no
blog/psl-weekend-accumulator-tips-february-28-2026.html,https://betsorted.co.za/blog/psl-weekend-accumulator-tips-february-28-2026.html,Redirecting…,,,https://betsorted.co.za/blog/psl-title-race-betting-guide.html,27,no
blog/psl-weekend-betting-tips-april-11-13-2026.html,https://betsorted.co.za/blog/psl-weekend-betting-tips-april-11-13-2026.html,Redirecting…,,,https://betsorted.co.za/blog/psl-title-race-betting-guide.html,27,no
blog/psl-weekend-fixtures-betting-tips-april-10-12-2026.html,https://betsorted.co.za/blog/psl-weekend-fixtures-betting-tips-april-10-12-2026.html,Redirecting…,,,https://betsorted.co.za/blog/psl-title-race-betting-guide.html,27,no
blog/psl-weekend-fixtures-betting-tips-august-2026.html,https://betsorted.co.za/blog/psl-weekend-fixtures-betting-tips-august-2026.html,PSL Weekend Fixtures Betting Tips 2026 | BetSorted,PSL Weekend Fixtures Betting Tips 2026,"PSL weekend fixtures betting tips for 2026: opening weekend angles, best bets, accumulator strategy and odds notes for South African punters on 1-2 August.",https://betsorted.co.za/blog/psl-weekend-fixtures-betting-tips-august-2026.html,1668,yes
blog/psl-weekend-march-14-15-betting-preview-2026.html,https://betsorted.co.za/blog/psl-weekend-march-14-15-betting-preview-2026.html,Redirecting…,,,https://betsorted.co.za/blog/psl-title-race-betting-guide.html,27,no
blog/rugby-championship-2026-betting-guide.html,https://betsorted.co.za/blog/rugby-championship-2026-betting-guide.html,Rugby Championship 2026 Betting Guide for SA Punters,Rugby Championship 2026 Betting Guide for SA Punters,"Rugby Championship 2026 betting guide for South Africans. Springboks odds examples, best markets, and calculator tips for smarter rugby bets.",https://betsorted.co.za/blog/rugby-championship-2026-betting-guide.html,1133,yes
blog/rugby-handicap-betting-guide-south-africa-2026.html,https://betsorted.co.za/blog/rugby-handicap-betting-guide-south-africa-2026.html,Redirecting…,,,https://betsorted.co.za/blog/rugby-handicap-calculator-south-africa-2026.html,27,no
blog/rugby-handicap-calculator-south-africa-2026.html,https://betsorted.co.za/blog/rugby-handicap-calculator-south-africa-2026.html,Rugby Handicap Calculator Guide South Africa 2026,Rugby Handicap Calculator Guide for South African Punters,"Rugby handicap betting calculator guide for South African punters. Springboks, URC and Currie Cup examples with BetSorted calculator links and bookmaker checks.",https://betsorted.co.za/blog/rugby-handicap-calculator-south-africa-2026.html,1628,yes
blog/rugby-score-prediction-betting-south-africa-2026.html,https://betsorted.co.za/blog/rugby-score-prediction-betting-south-africa-2026.html,Redirecting…,,,https://betsorted.co.za/blog/rugby-handicap-calculator-south-africa-2026.html,27,no
blog/sa-cup-2026-betting-guide.html,https://betsorted.co.za/blog/sa-cup-2026-betting-guide.html,"SA Cup 2026 Betting Guide: Fixtures, Teams, Odds & Markets","SA Cup 2026 Betting Guide: Fixtures, Teams, Odds & Markets","SA Cup 2026 betting guide: tournament format, Round 1 fixtures, teams to watch, betting markets, and which South African bookmakers cover the SA Cup.",https://betsorted.co.za/blog/sa-cup-2026-betting-guide.html,2951,yes
blog/sa-rugby-cricket-accumulator-calculator-may-2026.html,https://betsorted.co.za/blog/sa-rugby-cricket-accumulator-calculator-may-2026.html,SA Rugby and Cricket Accumulator Calculator Guide,SA Rugby and Cricket Accumulator Calculator Guide,"A South African rugby and cricket accumulator guide for May 2026: URC, Springboks, Proteas betting examples, bookmaker choice and calculator-backed staking.",https://betsorted.co.za/blog/sa-rugby-cricket-accumulator-calculator-may-2026.html,1587,yes
blog/sa20-betting-guide-2026.html,https://betsorted.co.za/blog/sa20-betting-guide-2026.html,"SA20 2026 Betting Guide: Odds, Markets & Calculator Tips","SA20 2026 Betting Guide: Odds, Markets & Calculator Tips","SA20 betting guide for 2026: outright odds examples, match markets, and calculator tips for South African cricket bettors.",https://betsorted.co.za/blog/sa20-betting-guide-2026.html,1131,yes
blog/same-game-multi-betting-guide-south-africa-2026.html,https://betsorted.co.za/blog/same-game-multi-betting-guide-south-africa-2026.html,Same Game Multi Betting Guide South Africa 2026 | BetSorted,Same Game Multi Betting Guide South Africa 2026: How to Build SGMs That Win,"Same Game Multi (SGM) betting guide for South Africa 2026. Learn how to build winning SGMs on PSL, EPL &amp; rugby with Betway, Hollywoodbets &amp; Sportingbet.",https://betsorted.co.za/blog/same-game-multi-betting-guide-south-africa-2026.html,2693,yes
blog/same-game-multi-psl-bafana-rugby-guide-2026.html,https://betsorted.co.za/blog/same-game-multi-psl-bafana-rugby-guide-2026.html,"Same Game Multi Guide for PSL, Bafana and Rugby 2026","Same Game Multi Guide for PSL, Bafana and Rugby 2026","Same game multi betting guide for South Africans: PSL, Bafana, Springboks and cricket examples with odds maths, bookmaker fit and calculator links.",https://betsorted.co.za/blog/same-game-multi-psl-bafana-rugby-guide-2026.html,1675,yes
blog/six-nations-2026-betting-recap-lessons-south-africa.html,https://betsorted.co.za/blog/six-nations-2026-betting-recap-lessons-south-africa.html,Six Nations 2026 Betting Recap: What SA Punters Can Learn,Six Nations 2026 Betting Recap: What SA Punters Can Learn from the Greatest Championship Ever,"Six Nations 2026 betting recap for SA punters. France retained the title in a 48-46 thriller vs England. Key betting lessons, underdog value, and what it.",https://betsorted.co.za/blog/six-nations-2026-betting-recap-lessons-south-africa.html,2071,yes
blog/south-africa-betting-glossary.html,https://betsorted.co.za/blog/south-africa-betting-glossary.html,South Africa Betting Glossary | BetSorted,"South Africa Betting Glossary: SA-Specific Terms, Payments, and PSL Lingo","A South African betting glossary covering FICA, EFT, ZAR payouts, PSL market terms, and SA-specific sportsbook language.",https://betsorted.co.za/blog/south-africa-betting-glossary.html,1305,yes
blog/south-africa-welcome-bonus-guide-2026.html,https://betsorted.co.za/blog/south-africa-welcome-bonus-guide-2026.html,South Africa Welcome Bonus Guide 2026 | BetSorted,South Africa Welcome Bonus Guide 2026,"South Africa welcome bonus guide for 2026. Compare the real betting offers, rollover maths, no-deposit deals, and promo traps at Betway, Hollywoodbets.",https://betsorted.co.za/blog/south-africa-welcome-bonus-guide-2026.html,2191,yes
blog/soweto-derby-betting-guide.html,https://betsorted.co.za/blog/soweto-derby-betting-guide.html,Soweto Derby Betting Guide for South Africans | BetSorted,Soweto Derby Betting Guide for South Africans,"Soweto Derby betting preview: Kaizer Chiefs vs Orlando Pirates on 28 February 2026 at FNB Stadium. Odds, best markets, form guide, and betting tips for SA.",https://betsorted.co.za/blog/soweto-derby-betting-guide.html,1750,yes
blog/soweto-derby-betting-preview-april-26-2026.html,https://betsorted.co.za/blog/soweto-derby-betting-preview-april-26-2026.html,Redirecting…,,,https://betsorted.co.za/blog/soweto-derby-betting-guide.html,27,no
blog/soweto-derby-chiefs-vs-pirates-betting-preview-february-28-2026.html,https://betsorted.co.za/blog/soweto-derby-chiefs-vs-pirates-betting-preview-february-28-2026.html,Redirecting…,,,https://betsorted.co.za/blog/soweto-derby-betting-guide.html,27,no
blog/sportingbet-review-south-africa-2026.html,https://betsorted.co.za/blog/sportingbet-review-south-africa-2026.html,Sportingbet Review South Africa (2026) | BetSorted,Sportingbet Review for South Africa,"Sportingbet review for SA bettors. Compare bonus, payout speed, ZAR withdrawals, and FICA checks with BetSorted",https://betsorted.co.za/blog/sportingbet-review-south-africa-2026.html,1699,yes
blog/sportingbet-vs-playabets-accumulator-betting-2026.html,https://betsorted.co.za/blog/sportingbet-vs-playabets-accumulator-betting-2026.html,Sportingbet vs Playabets: Best for PSL Accumulator Bets,Sportingbet vs Playabets: Which is Best for PSL Accumulator Bets? (2026),"Short answer: Sportingbet wins for PSL accumulator bets in 2026 thanks to better base odds (averaging 3-4% higher across PSL markets), a 10% acca boost on...",https://betsorted.co.za/blog/sportingbet-vs-playabets-accumulator-betting-2026.html,2262,yes
blog/sportingbet-vs-supabets.html,https://betsorted.co.za/blog/sportingbet-vs-supabets.html,Sportingbet vs Supabets: Complete SA Bookmaker Comparison,Sportingbet vs Supabets: Complete SA Bookmaker Comparison,Not every South African punter wants to pick between Betway and Hollywoodbets . Sportingbet and Supabets are two solid mid-tier bookmakers that don,https://betsorted.co.za/blog/sportingbet-vs-supabets.html,1852,yes
blog/sportingbet-vs-world-sports-betting-rugby-cricket-june-2026.html,https://betsorted.co.za/blog/sportingbet-vs-world-sports-betting-rugby-cricket-june-2026.html,Sportingbet vs World Sports Betting | BetSorted,Sportingbet vs World Sports Betting: Best Fit for SA Rugby and Cricket Punters in June 2026,"Sportingbet and World Sports Betting sit in the same mental bucket for many South African punters: established, sports-first bookmakers that are worth...",https://betsorted.co.za/blog/sportingbet-vs-world-sports-betting-rugby-cricket-june-2026.html,1591,yes
blog/springboks-2026-betting-guide.html,https://betsorted.co.za/blog/springboks-2026-betting-guide.html,Springboks 2026 Betting Guide | BetSorted,"Springboks 2026 Betting Guide: Every Fixture, Odds & Best Markets for SA Punters","Complete Springboks 2026 betting guide for South African punters. Every fixture, best markets, bookmaker odds, and outright value for the Nations.",https://betsorted.co.za/blog/springboks-2026-betting-guide.html,2309,yes
blog/springboks-barbarians-2026-betting-preview.html,https://betsorted.co.za/blog/springboks-barbarians-2026-betting-preview.html,Redirecting…,,,https://betsorted.co.za/blog/springboks-vs-barbarians-betting-guide.html,27,no
blog/springboks-england-ellis-park-handicap-guide-2026.html,https://betsorted.co.za/blog/springboks-england-ellis-park-handicap-guide-2026.html,Redirecting…,,,https://betsorted.co.za/blog/springboks-vs-england-betting-guide.html,27,no
blog/springboks-handicap-totals-betting-guide-2026.html,https://betsorted.co.za/blog/springboks-handicap-totals-betting-guide-2026.html,Springboks Handicap and Totals Betting Guide 2026,Springboks Handicap and Totals Betting Guide 2026: How SA Punters Should Price the Boks,"How South Africans should bet Springboks handicap and totals markets in 2026, with odds examples, bookmaker picks, staking rules and BetSorted calculator links.",https://betsorted.co.za/blog/springboks-handicap-totals-betting-guide-2026.html,1650,yes
blog/springboks-july-2026-betting-guide-south-africa.html,https://betsorted.co.za/blog/springboks-july-2026-betting-guide-south-africa.html,Redirecting…,,,https://betsorted.co.za/blog/category-rugby.html,27,no
blog/springboks-july-tests-2026-betting-calculator-guide.html,https://betsorted.co.za/blog/springboks-july-tests-2026-betting-calculator-guide.html,Springboks July Tests 2026 Betting Calculator Guide,Springboks July Tests 2026: Betting Calculator Guide for South Africans,"Springboks July 2026 betting guide for South Africans covering England, Scotland and Wales Tests, handicap examples, totals, accumulators and BetSorted.",https://betsorted.co.za/blog/springboks-july-tests-2026-betting-calculator-guide.html,1109,yes
blog/springboks-nations-championship-2026-betting-preview.html,https://betsorted.co.za/blog/springboks-nations-championship-2026-betting-preview.html,Redirecting…,,,https://betsorted.co.za/blog/category-rugby.html,27,no
blog/springboks-nations-championship-july-2026-betting-preview.html,https://betsorted.co.za/blog/springboks-nations-championship-july-2026-betting-preview.html,Redirecting…,,,https://betsorted.co.za/blog/category-rugby.html,27,no
blog/springboks-vs-argentina-august-2026-betting-guide.html,https://betsorted.co.za/blog/springboks-vs-argentina-august-2026-betting-guide.html,Springboks vs Argentina August 2026 Betting Guide,Springboks vs Argentina August 2026 Betting Guide,"Springboks vs Argentina August 2026 betting guide for South African punters: fixture context, handicap lines, totals, live betting, bookmaker checks.",https://betsorted.co.za/blog/springboks-vs-argentina-august-2026-betting-guide.html,2262,yes
blog/springboks-vs-barbarians-betting-guide.html,https://betsorted.co.za/blog/springboks-vs-barbarians-betting-guide.html,Springboks vs Barbarians Betting Guide for South Africans,Springboks vs Barbarians Betting Guide for South Africans,"Springboks vs Barbarians 2026 betting guide for South African punters: Gqeberha fixture, handicap examples, totals, try scorers, bookmakers and stake planning.",https://betsorted.co.za/blog/springboks-vs-barbarians-betting-guide.html,1495,yes
blog/springboks-vs-barbarians-gqeberha-betting-guide-2026.html,https://betsorted.co.za/blog/springboks-vs-barbarians-gqeberha-betting-guide-2026.html,Redirecting…,,,https://betsorted.co.za/blog/springboks-vs-barbarians-betting-guide.html,27,no
blog/springboks-vs-england-betting-guide.html,https://betsorted.co.za/blog/springboks-vs-england-betting-guide.html,Springboks vs England Betting Guide for South Africans,Springboks vs England Betting Guide for South Africans,"Springboks vs England 2026 betting guide for Ellis Park. Handicap, totals, try-scorer markets, bookmaker picks and South African odds examples.",https://betsorted.co.za/blog/springboks-vs-england-betting-guide.html,969,yes
blog/springboks-vs-england-ellis-park-betting-guide-2026.html,https://betsorted.co.za/blog/springboks-vs-england-ellis-park-betting-guide-2026.html,Redirecting…,,,https://betsorted.co.za/blog/springboks-vs-england-betting-guide.html,27,no
blog/springboks-vs-england-july-4-2026-betting-guide.html,https://betsorted.co.za/blog/springboks-vs-england-july-4-2026-betting-guide.html,Redirecting…,,,https://betsorted.co.za/blog/springboks-vs-england-betting-guide.html,27,no
blog/springboks-vs-england-june-2026-betting-preview.html,https://betsorted.co.za/blog/springboks-vs-england-june-2026-betting-preview.html,Redirecting…,,,https://betsorted.co.za/blog/springboks-vs-england-betting-guide.html,27,no
blog/springboks-vs-new-zealand-johannesburg-betting-guide-september-2026.html,https://betsorted.co.za/blog/springboks-vs-new-zealand-johannesburg-betting-guide-september-2026.html,"Springboks vs New Zealand Betting Guide September 2026: Johannesburg Odds, Handicap and Best Bets | BetSorted","Springboks vs New Zealand Betting Guide September 2026: Johannesburg Odds, Handicap and Best Bets","Springboks vs New Zealand betting guide September 2026: key markets, handicap angles and smart South African betting tactics for Johannesburg.",https://betsorted.co.za/blog/springboks-vs-new-zealand-johannesburg-betting-guide-september-2026.html,1869,yes
blog/stellenbosch-fc-betting-guide-2026.html,https://betsorted.co.za/blog/stellenbosch-fc-betting-guide-2026.html,Stellenbosch FC Betting Guide (2026) | BetSorted,Stellenbosch FC Betting Guide (2026): PSL Markets and Value Angles,"Stellenbosch FC betting guide for 2026. Markets to target, matchday tips, and the best SA bookmakers for Stellenbosch fixtures.",https://betsorted.co.za/blog/stellenbosch-fc-betting-guide-2026.html,1303,yes
blog/sunbet-review-south-africa-2026.html,https://betsorted.co.za/blog/sunbet-review-south-africa-2026.html,Sunbet Review South Africa (2026) | BetSorted,Sunbet Review South Africa (2026): Sun International Backing and SA Banking,"Sunbet review for South African bettors. We cover Sunbet bonuses, PSL markets, ZAR withdrawals, FICA rules, and strengths for local punters.",https://betsorted.co.za/blog/sunbet-review-south-africa-2026.html,1578,yes
blog/sunbet-vs-betway-south-africa-2026.html,https://betsorted.co.za/blog/sunbet-vs-betway-south-africa-2026.html,Sunbet vs Betway South Africa 2026 | BetSorted,Sunbet vs Betway South Africa 2026: Which Bookmaker Should You Choose?,Sunbet and Betway sit at opposite ends of the SA bookmaker spectrum. Sunbet is the casino group,https://betsorted.co.za/blog/sunbet-vs-betway-south-africa-2026.html,2087,yes
blog/sunbet-vs-easybet-south-africa-2026.html,https://betsorted.co.za/blog/sunbet-vs-easybet-south-africa-2026.html,Sunbet vs Easybet South Africa 2026 | BetSorted,"Sunbet vs Easybet South Africa 2026: Bonuses, Odds, Payouts & App Compared",Sunbet vs Easybet — two mid-tier South African bookmakers that don,https://betsorted.co.za/blog/sunbet-vs-easybet-south-africa-2026.html,2289,yes
blog/sunbet-vs-gbets-south-africa-2026.html,https://betsorted.co.za/blog/sunbet-vs-gbets-south-africa-2026.html,Sunbet vs GBets South Africa 2026 | BetSorted,"Sunbet vs GBets South Africa 2026 — Two Underdogs, One Better Pick",Casino-backed betting platform vs Goldrush,https://betsorted.co.za/blog/sunbet-vs-gbets-south-africa-2026.html,1613,yes
blog/sunbet-vs-hollywoodbets-south-africa-2026.html,https://betsorted.co.za/blog/sunbet-vs-hollywoodbets-south-africa-2026.html,Sunbet vs Hollywoodbets: Which SA Bookmaker is Right,Sunbet vs Hollywoodbets: Which SA Bookmaker is Right for You in 2026?,"Sunbet and Hollywoodbets are both proudly South African bookmakers, but they come from very different worlds. Sunbet is the online arm of Sun International...",https://betsorted.co.za/blog/sunbet-vs-hollywoodbets-south-africa-2026.html,2111,yes
blog/sunbet-vs-playabets-south-africa-2026.html,https://betsorted.co.za/blog/sunbet-vs-playabets-south-africa-2026.html,Sunbet vs Playabets South Africa 2026 — Honest Comparison,Sunbet vs Playabets South Africa 2026 — Which Mid-Tier Bookmaker Deserves Your Money?,Everyone knows about Betway and Hollywoodbets . They,https://betsorted.co.za/blog/sunbet-vs-playabets-south-africa-2026.html,2297,yes
blog/sunbet-vs-sportingbet-south-africa-2026.html,https://betsorted.co.za/blog/sunbet-vs-sportingbet-south-africa-2026.html,Sunbet vs Sportingbet South Africa 2026: Full Comparison,Sunbet vs Sportingbet South Africa 2026: Which One Actually Suits You?,Sunbet and Sportingbet represent two very different philosophies in SA betting. Sunbet is backed by Sun International — the JSE-listed casino giant behind...,https://betsorted.co.za/blog/sunbet-vs-sportingbet-south-africa-2026.html,2293,yes
blog/sunbet-vs-supabets-south-africa-2026.html,https://betsorted.co.za/blog/sunbet-vs-supabets-south-africa-2026.html,Sunbet vs Supabets South Africa 2026 | BetSorted,Sunbet vs Supabets South Africa 2026: Casino Loyalty vs Budget Betting,Sunbet and Supabets are two South African bookmakers that take very different approaches to winning your business. Sunbet leans on its Sun International...,https://betsorted.co.za/blog/sunbet-vs-supabets-south-africa-2026.html,2164,yes
blog/sunbet-vs-wsb-south-africa-2026.html,https://betsorted.co.za/blog/sunbet-vs-wsb-south-africa-2026.html,Sunbet vs WSB South Africa 2026 | BetSorted,"Sunbet vs WSB (World Sports Betting) South Africa 2026: Odds, App, Lucky Numbers & Payouts Compared",This one,https://betsorted.co.za/blog/sunbet-vs-wsb-south-africa-2026.html,3119,yes
blog/sunbet-vs-yesplay-south-africa-withdrawals-2026.html,https://betsorted.co.za/blog/sunbet-vs-yesplay-south-africa-withdrawals-2026.html,Sunbet vs YesPlay South Africa | BetSorted,"Sunbet vs YesPlay South Africa: Withdrawals, FICA and Betting Fit","Sunbet vs YesPlay is not the obvious first comparison for every South African punter, which is exactly why it is useful. Betway , Hollywoodbets...",https://betsorted.co.za/blog/sunbet-vs-yesplay-south-africa-withdrawals-2026.html,1635,yes
blog/supabets-review-south-africa-2026.html,https://betsorted.co.za/blog/supabets-review-south-africa-2026.html,Supabets Review South Africa (2026) | BetSorted,Supabets Review for South Africa,"Supabets review for SA bettors. Compare bonus, payout speed, ZAR withdrawals, and FICA checks with BetSorted",https://betsorted.co.za/blog/supabets-review-south-africa-2026.html,1679,yes
blog/supabets-vs-10bet-south-africa-2026.html,https://betsorted.co.za/blog/supabets-vs-10bet-south-africa-2026.html,SupaBets vs 10bet South Africa 2026 | BetSorted,SupaBets vs 10bet South Africa 2026: Which Bookmaker is Better?,If you,https://betsorted.co.za/blog/supabets-vs-10bet-south-africa-2026.html,1823,yes
blog/supabets-vs-easybet-cricket-betting-2026.html,https://betsorted.co.za/blog/supabets-vs-easybet-cricket-betting-2026.html,SupaBets vs Easybet: Best Cricket Betting Site in South,SupaBets vs Easybet: Which Has Better Odds for Cricket Betting in SA? (2026),"Short answer: SupaBets edges ahead for cricket betting in South Africa thanks to superior IPL and international match coverage, competitive T20 odds.",https://betsorted.co.za/blog/supabets-vs-easybet-cricket-betting-2026.html,2111,yes
blog/supabets-vs-sportingbet-psl-betting-2026.html,https://betsorted.co.za/blog/supabets-vs-sportingbet-psl-betting-2026.html,SupaBets vs Sportingbet for PSL Betting 2026 | BetSorted,SupaBets vs Sportingbet for PSL Betting 2026: Which is Better?,"With the PSL season entering its final stretch in 2026, choosing the right bookmaker for your Kaizer Chiefs, Orlando Pirates, or Mamelodi Sundowns bets can...",https://betsorted.co.za/blog/supabets-vs-sportingbet-psl-betting-2026.html,1940,yes
blog/supabets-vs-supersportbet-south-africa-2026.html,https://betsorted.co.za/blog/supabets-vs-supersportbet-south-africa-2026.html,SupaBets vs SuperSportBet South Africa 2026: Which Bookmaker Is Better? | BetSorted,SupaBets vs SuperSportBet South Africa 2026: Which Bookmaker Is Better?,"SupaBets vs SuperSportBet South Africa 2026 compares PSL focus, rugby value, app experience, bonuses and withdrawals for local punters.",https://betsorted.co.za/blog/supabets-vs-supersportbet-south-africa-2026.html,2110,yes
blog/supabets-vs-world-sports-betting-south-africa-2026.html,https://betsorted.co.za/blog/supabets-vs-world-sports-betting-south-africa-2026.html,SupaBets vs World Sports Betting | BetSorted,SupaBets vs World Sports Betting: Which is Better for SA Bettors in 2026?,SupaBets and World Sports Betting ( WSB ) are both 100% South African bookmakers with strong local followings. SupaBets is the sleek digital-first option...,https://betsorted.co.za/blog/supabets-vs-world-sports-betting-south-africa-2026.html,2042,yes
blog/supersport-united-betting-guide-2026.html,https://betsorted.co.za/blog/supersport-united-betting-guide-2026.html,SuperSport United Betting Guide (2026) | BetSorted,SuperSport United Betting Guide (2026): PSL Angles and Best Markets,"SuperSport United betting guide for 2026. Market insights, PSL betting angles, and top SA bookmakers for SuperSport fixtures.",https://betsorted.co.za/blog/supersport-united-betting-guide-2026.html,1300,yes
blog/supersportbet-review-south-africa-2026.html,https://betsorted.co.za/blog/supersportbet-review-south-africa-2026.html,SuperSportBet Review South Africa 2026 | BetSorted,"SuperSportBet Review South Africa 2026: App, PSL, Rugby and Payout Checks","SuperSportBet review South Africa 2026: app, cashback, PSL coverage, rugby markets, FICA checks and whether it is worth adding to your SA bookmaker shortlist.",https://betsorted.co.za/blog/supersportbet-review-south-africa-2026.html,1965,yes
blog/t20-world-cup-final-india-vs-new-zealand-betting-guide-2026.html,https://betsorted.co.za/blog/t20-world-cup-final-india-vs-new-zealand-betting-guide-2026.html,T20 World Cup Final 2026: India vs New Zealand Betting Guide,T20 World Cup Final 2026: India vs New Zealand — Betting Guide for South African Punters,"T20 World Cup Final 2026: India vs New Zealand betting guide for South African punters. Match odds, key players, betting markets, and where to bet from SA.",https://betsorted.co.za/blog/t20-world-cup-final-india-vs-new-zealand-betting-guide-2026.html,2326,yes
blog/understanding-betting-odds-south-africa-2026.html,https://betsorted.co.za/blog/understanding-betting-odds-south-africa-2026.html,Understanding Betting Odds: A South African Beginner's Guide,Understanding Betting Odds: A South African Beginner's Guide (2026),"Betting odds explained for South African beginners. Learn decimal, fractional &amp; American odds, how to calculate payouts in ZAR, find value bets &amp; compare SA.",https://betsorted.co.za/blog/understanding-betting-odds-south-africa-2026.html,3223,yes
blog/urc-2026-sa-teams-betting-guide.html,https://betsorted.co.za/blog/urc-2026-sa-teams-betting-guide.html,URC 2026 SA Teams Betting Guide | BetSorted,"URC 2026 SA Teams Betting Guide: Bulls, Sharks, Stormers & Lions","URC 2026 betting guide for South African rugby fans. Bulls, Sharks, Stormers, and Lions form, fixtures, and where to find the best rugby odds.",https://betsorted.co.za/blog/urc-2026-sa-teams-betting-guide.html,1770,yes
blog/urc-playoff-race-sa-teams-betting-guide-2026.html,https://betsorted.co.za/blog/urc-playoff-race-sa-teams-betting-guide-2026.html,Redirecting…,,,https://betsorted.co.za/blog/urc-playoffs-betting-guide.html,27,no
blog/urc-playoffs-betting-guide.html,https://betsorted.co.za/blog/urc-playoffs-betting-guide.html,URC Playoffs Betting Guide for South Africans | BetSorted,URC Playoffs Betting Guide for South Africans,"URC playoff race 2026: Can all four SA teams make the Top 8? Stormers, Bulls, Lions, and Sharks standings, odds analysis, and betting guide for South African.",https://betsorted.co.za/blog/urc-playoffs-betting-guide.html,1962,yes
blog/urc-psl-weekend-betting-tips-may-30-2026.html,https://betsorted.co.za/blog/urc-psl-weekend-betting-tips-may-30-2026.html,Redirecting…,,,https://betsorted.co.za/blog/urc-playoffs-betting-guide.html,27,no
blog/urc-round-13-sa-derbies-betting-preview-march-2026.html,https://betsorted.co.za/blog/urc-round-13-sa-derbies-betting-preview-march-2026.html,Redirecting…,,,https://betsorted.co.za/blog/urc-playoffs-betting-guide.html,27,no
blog/urc-round-14-sa-teams-home-betting-preview-march-2026.html,https://betsorted.co.za/blog/urc-round-14-sa-teams-home-betting-preview-march-2026.html,Redirecting…,,,https://betsorted.co.za/blog/urc-playoffs-betting-guide.html,27,no
blog/urc-round-14-weekend-betting-tips-sharks-bulls-march-2026.html,https://betsorted.co.za/blog/urc-round-14-weekend-betting-tips-sharks-bulls-march-2026.html,Redirecting…,,,https://betsorted.co.za/blog/urc-playoffs-betting-guide.html,27,no
blog/urc-round-15-sharks-bulls-betting-preview-march-2026.html,https://betsorted.co.za/blog/urc-round-15-sharks-bulls-betting-preview-march-2026.html,Redirecting…,,,https://betsorted.co.za/blog/urc-playoffs-betting-guide.html,27,no
blog/urc-round-16-sa-teams-home-betting-preview-march-2026.html,https://betsorted.co.za/blog/urc-round-16-sa-teams-home-betting-preview-march-2026.html,Redirecting…,,,https://betsorted.co.za/blog/urc-playoffs-betting-guide.html,27,no
blog/urc-round-17-sa-teams-april-2026-betting-preview.html,https://betsorted.co.za/blog/urc-round-17-sa-teams-april-2026-betting-preview.html,Redirecting…,,,https://betsorted.co.za/blog/urc-playoffs-betting-guide.html,27,no
blog/urc-round-18-sa-teams-april-18-2026-betting-preview.html,https://betsorted.co.za/blog/urc-round-18-sa-teams-april-18-2026-betting-preview.html,Redirecting…,,,https://betsorted.co.za/blog/urc-playoffs-betting-guide.html,27,no
blog/urc-round-19-sa-teams-april-25-2026-betting-preview.html,https://betsorted.co.za/blog/urc-round-19-sa-teams-april-25-2026-betting-preview.html,Redirecting…,,,https://betsorted.co.za/blog/urc-playoffs-betting-guide.html,27,no
blog/urc-sa-derbies-betting-guide-february-28-2026.html,https://betsorted.co.za/blog/urc-sa-derbies-betting-guide-february-28-2026.html,Redirecting…,,,https://betsorted.co.za/blog/urc-playoffs-betting-guide.html,27,no
blog/urc-semi-final-weekend-betting-tips-south-africa-june-6-2026.html,https://betsorted.co.za/blog/urc-semi-final-weekend-betting-tips-south-africa-june-6-2026.html,Redirecting…,,,https://betsorted.co.za/blog/urc-playoffs-betting-guide.html,27,no
blog/virtual-sports-betting-guide-south-africa-2026.html,https://betsorted.co.za/blog/virtual-sports-betting-guide-south-africa-2026.html,Virtual Sports Betting Guide South Africa 2026 | BetSorted,"Virtual Sports Betting Guide South Africa 2026: How It Works, Best Bookmakers & Tips","Virtual sports betting in South Africa explained — how it works, which SA bookmakers offer it (Betway, Hollywoodbets, WSB, Easybet), strategies, odds, pros.",https://betsorted.co.za/blog/virtual-sports-betting-guide-south-africa-2026.html,2686,yes
blog/voucher-deposits-betting-south-africa-2026.html,https://betsorted.co.za/blog/voucher-deposits-betting-south-africa-2026.html,Voucher Deposits for Betting in South Africa | BetSorted,"Voucher Deposits for Betting in South Africa (2026): 1Voucher, OTT, Blu & Kazang","How to deposit with vouchers at SA betting sites. 1Voucher, OTT Voucher, Blu Voucher, and Kazang — step-by-step guide for Hollywoodbets, Betway, Supabets.",https://betsorted.co.za/blog/voucher-deposits-betting-south-africa-2026.html,2308,yes
blog/weekend-betting-tips-currie-cup-psl-august-21-2026.html,https://betsorted.co.za/blog/weekend-betting-tips-currie-cup-psl-august-21-2026.html,Weekend Betting Tips South Africa 2026 | BetSorted,Weekend Betting Tips South Africa 2026: Currie Cup and PSL Acca Guide,"Weekend betting tips South Africa 2026 for 21-23 August: Currie Cup odds, PSL follow-on fixtures, accumulator strategy and calculator-backed staking.",https://betsorted.co.za/blog/weekend-betting-tips-currie-cup-psl-august-21-2026.html,2121,yes
blog/weekend-betting-tips-psl-currie-cup-august-14-2026.html,https://betsorted.co.za/blog/weekend-betting-tips-psl-currie-cup-august-14-2026.html,Weekend Betting Tips PSL and Currie Cup 2026 | BetSorted,Weekend Betting Tips PSL and Currie Cup 2026,"Weekend betting tips PSL and Currie Cup 2026 for South African punters: 14-16 August fixture board, best bets, accumulator examples and live-betting rules.",https://betsorted.co.za/blog/weekend-betting-tips-psl-currie-cup-august-14-2026.html,2128,yes
blog/weekend-betting-tips-psl-rugby-august-28-2026.html,https://betsorted.co.za/blog/weekend-betting-tips-psl-rugby-august-28-2026.html,Weekend Betting Tips South Africa 2026 | BetSorted,"Weekend Betting Tips South Africa 2026: PSL, Springboks and Currie Cup Acca Guide","Weekend betting tips South Africa 2026 for 28-30 August: MTN8 semi-finals, Springboks vs All Blacks, Currie Cup final-round fixtures and accumulator strategy.",https://betsorted.co.za/blog/weekend-betting-tips-psl-rugby-august-28-2026.html,2087,yes
blog/weekend-betting-tips-psl-urc-april-19-20-2026.html,https://betsorted.co.za/blog/weekend-betting-tips-psl-urc-april-19-20-2026.html,Redirecting…,,,https://betsorted.co.za/blog/urc-playoffs-betting-guide.html,27,no
blog/weekend-rugby-accumulator-guide-february-21-2026.html,https://betsorted.co.za/blog/weekend-rugby-accumulator-guide-february-21-2026.html,Weekend Rugby Accumulator Guide (21-22 Feb 2026) | BetSorted,Weekend Rugby Accumulator Guide (21-22 Feb 2026): Six Nations & URC Best Bets,Weekend rugby accumulator tips for February 21-22 2026. Six Nations Round 3 and URC picks for South African punters building weekend multis.,https://betsorted.co.za/blog/weekend-rugby-accumulator-guide-february-21-2026.html,1646,yes
blog/weekend-rugby-accumulator-strategy-currie-cup-2026.html,https://betsorted.co.za/blog/weekend-rugby-accumulator-strategy-currie-cup-2026.html,Weekend Rugby Accumulator Strategy 2026 | BetSorted,Weekend Rugby Accumulator Strategy 2026,"Weekend rugby accumulator strategy 2026 for South African punters: Currie Cup fixture angles, best bets, handicap discipline and acca calculator examples.",https://betsorted.co.za/blog/weekend-rugby-accumulator-strategy-currie-cup-2026.html,1632,yes
blog/weekend-sa-accumulator-tips-april-12-2026.html,https://betsorted.co.za/blog/weekend-sa-accumulator-tips-april-12-2026.html,Weekend Accumulator Tips South Africa | BetSorted,"Weekend Accumulator Tips — Easter PSL Best Bets, April 2026 🏆","Best weekend accumulator tips South Africa April 12 2026. PSL Easter weekend accas, multi-bet strategy, and 3 ready-to-place accumulators across different.",https://betsorted.co.za/blog/weekend-sa-accumulator-tips-april-12-2026.html,1643,yes
blog/withdrawal-times-south-africa-bookmakers-2026.html,https://betsorted.co.za/blog/withdrawal-times-south-africa-bookmakers-2026.html,Bookmaker Withdrawal Times South Africa 2026 | BetSorted,Bookmaker Withdrawal Times South Africa 2026 — How Long Does It Really Take?,"How long do SA bookmaker withdrawals really take? We tested Betway, Hollywoodbets, Sportingbet, 10bet, Easybet, Supabets, WSB, Sunbet, and Betshezi — EFT.",https://betsorted.co.za/blog/withdrawal-times-south-africa-bookmakers-2026.html,1824,yes
blog/world-cup-2026-betting-lessons-south-africa.html,https://betsorted.co.za/blog/world-cup-2026-betting-lessons-south-africa.html,World Cup 2026 Betting Lessons for South Africans,World Cup 2026 Betting Lessons for South Africans,"World Cup 2026 betting lessons for South African punters after Spain beat Argentina 1-0: Bafana takeaways, odds examples, bookmaker fit and calculator-backed.",https://betsorted.co.za/blog/world-cup-2026-betting-lessons-south-africa.html,1921,yes
blog/world-cup-2026-group-stage-results-sa-betting-guide.html,https://betsorted.co.za/blog/world-cup-2026-group-stage-results-sa-betting-guide.html,World Cup 2026 Group Stage | BetSorted,"World Cup 2026 Group Stage: SA Bettors' Complete Guide to Odds, Markets & Bookmakers","FIFA World Cup 2026 group stage live results, standings and SA betting guide. Best South African bookmakers for World Cup betting with odds, markets.",https://betsorted.co.za/blog/world-cup-2026-group-stage-results-sa-betting-guide.html,1485,yes
blog/world-cup-2026-round-of-32-betting-guide-south-africa.html,https://betsorted.co.za/blog/world-cup-2026-round-of-32-betting-guide-south-africa.html,Redirecting…,,,https://betsorted.co.za/blog/bafana-world-cup-betting-guide.html,27,no
blog/world-cup-2026-week-2-betting-tips-south-africa-june-18-22.html,https://betsorted.co.za/blog/world-cup-2026-week-2-betting-tips-south-africa-june-18-22.html,Redirecting…,,,https://betsorted.co.za/blog/bafana-world-cup-betting-guide.html,27,no
blog/world-cup-2026-weekend-betting-preview-june-13-14.html,https://betsorted.co.za/blog/world-cup-2026-weekend-betting-preview-june-13-14.html,Redirecting…,,,https://betsorted.co.za/blog/bafana-world-cup-betting-guide.html,27,no
blog/world-sports-betting-vs-sportingbet-south-africa-2026.html,https://betsorted.co.za/blog/world-sports-betting-vs-sportingbet-south-africa-2026.html,Redirecting…,,,https://betsorted.co.za/blog/sportingbet-vs-world-sports-betting-rugby-cricket-june-2026.html,27,no
blog/wsb-review-south-africa-2026.html,https://betsorted.co.za/blog/wsb-review-south-africa-2026.html,World Sports Betting Review South Africa (2026) | BetSorted,World Sports Betting Review for South Africa,"World Sports Betting review for SA bettors. Compare bonus, payout speed, ZAR withdrawals, and FICA checks with BetSorted",https://betsorted.co.za/blog/wsb-review-south-africa-2026.html,1822,yes
blog/wsb-vs-hollywoodbets-south-africa-2026.html,https://betsorted.co.za/blog/wsb-vs-hollywoodbets-south-africa-2026.html,World Sports Betting vs Hollywoodbets South Africa 2026,World Sports Betting vs Hollywoodbets South Africa 2026: Full Comparison,World Sports Betting ( WSB ) vs Hollywoodbets — two of the most recognisable South African bookmakers going head-to-head. Both are homegrown brands with...,https://betsorted.co.za/blog/wsb-vs-hollywoodbets-south-africa-2026.html,2501,yes
blog/yesplay-review-south-africa-2026.html,https://betsorted.co.za/blog/yesplay-review-south-africa-2026.html,YesPlay Review South Africa (2026) | BetSorted,"YesPlay Review South Africa (2026): Sports, Casino & Lucky Numbers","YesPlay review for South African bettors (2026). We cover sports betting, Lucky Numbers, casino games, deposits via Capitec &amp;amp; Ozow, withdrawals.",https://betsorted.co.za/blog/yesplay-review-south-africa-2026.html,1249,yes
blog/yesplay-vs-10bet-south-africa-2026.html,https://betsorted.co.za/blog/yesplay-vs-10bet-south-africa-2026.html,YesPlay vs 10bet South Africa 2026 | BetSorted,"YesPlay vs 10bet South Africa 2026: Odds, App, Payouts & Features Compared",YesPlay and 10bet are two bookmakers taking very different approaches to the South African market. YesPlay is a proudly local brand — built under the World...,https://betsorted.co.za/blog/yesplay-vs-10bet-south-africa-2026.html,2524,yes
blog/yesplay-vs-betway-south-africa-2026.html,https://betsorted.co.za/blog/yesplay-vs-betway-south-africa-2026.html,YesPlay vs Betway: Which is Better for SA Bettors in 2026?,YesPlay vs Betway: Which is Better for SA Bettors in 2026?,"YesPlay and Betway are very different bookmakers competing for the same punters. Betway is the polished international operator — instant payouts, deep live...",https://betsorted.co.za/blog/yesplay-vs-betway-south-africa-2026.html,1729,yes
blog/yesplay-vs-easybet-south-africa-2026.html,https://betsorted.co.za/blog/yesplay-vs-easybet-south-africa-2026.html,YesPlay vs Easybet South Africa 2026 | BetSorted,"YesPlay vs Easybet South Africa 2026: Odds, App, Payouts & Features Compared","YesPlay and Easybet sit in the same South African betting tier: affordable, local, and popular with PSL punters. But they win for different reasons...",https://betsorted.co.za/blog/yesplay-vs-easybet-south-africa-2026.html,1015,yes
blog/yesplay-vs-gbets-south-africa-2026.html,https://betsorted.co.za/blog/yesplay-vs-gbets-south-africa-2026.html,YesPlay vs Gbets South Africa 2026 | BetSorted,YesPlay vs Gbets South Africa 2026 — Which Bookmaker Is Better?,"When South African bettors talk about homegrown bookmakers, Hollywoodbets gets all the glory. But quietly operating in the background are two solid...",https://betsorted.co.za/blog/yesplay-vs-gbets-south-africa-2026.html,1869,yes
blog/yesplay-vs-hollywoodbets-south-africa-2026.html,https://betsorted.co.za/blog/yesplay-vs-hollywoodbets-south-africa-2026.html,YesPlay vs Hollywoodbets: Which SA Bookmaker is Better,YesPlay vs Hollywoodbets: Which SA Bookmaker is Better in 2026?,YesPlay has quietly carved out its own lane in South African betting. It,https://betsorted.co.za/blog/yesplay-vs-hollywoodbets-south-africa-2026.html,1864,yes
blog/yesplay-vs-playabets-south-africa-2026.html,https://betsorted.co.za/blog/yesplay-vs-playabets-south-africa-2026.html,YesPlay vs PlayaBets South Africa 2026 — Honest Comparison,YesPlay vs PlayaBets South Africa 2026 — Which One Is Worth Your Money?,YesPlay and PlayaBets don,https://betsorted.co.za/blog/yesplay-vs-playabets-south-africa-2026.html,1576,yes
blog/yesplay-vs-sunbet-south-africa-2026.html,https://betsorted.co.za/blog/yesplay-vs-sunbet-south-africa-2026.html,YesPlay vs Sunbet South Africa 2026 — Honest Comparison,YesPlay vs Sunbet South Africa 2026 — Which Bookmaker Is Worth Your Money?,"At first glance, YesPlay and Sunbet look similar — both are properly licensed South African bookmakers, both accept EFT and card deposits, and both cover...",https://betsorted.co.za/blog/yesplay-vs-sunbet-south-africa-2026.html,1912,yes
blog/yesplay-vs-supabets-south-africa-2026.html,https://betsorted.co.za/blog/yesplay-vs-supabets-south-africa-2026.html,Yesplay vs Supabets 2026: Which SA Bookmaker Should You,Yesplay vs Supabets 2026: Which SA Bookmaker Should You Choose?,Two of South Africa,https://betsorted.co.za/blog/yesplay-vs-supabets-south-africa-2026.html,1953,yes
blog/yesplay-vs-wsb-south-africa-2026.html,https://betsorted.co.za/blog/yesplay-vs-wsb-south-africa-2026.html,YesPlay vs World Sports Betting (WSB) South Africa 2026,YesPlay vs World Sports Betting South Africa 2026 — Which Bookmaker Wins?,"In the crowded South African online betting market, most operators are fighting to be everything to everyone. YesPlay and World Sports Betting (WSB) have...",https://betsorted.co.za/blog/yesplay-vs-wsb-south-africa-2026.html,1852,yes
bonus-comparison.html,https://betsorted.co.za/bonus-comparison.html,SA Bookmaker Bonus Comparison 2026 | Best Welcome Offers,🎰 SA Bookmaker Bonus Comparison,"Compare SA bookmaker welcome bonuses. Enter your deposit and see real bonus values at Betway, Hollywoodbets, Sportingbet and more. February 2026.",https://betsorted.co.za/bonus-comparison.html,231,yes
bonus-value-calculator.html,https://betsorted.co.za/bonus-value-calculator.html,Redirecting to Reward Calculator | BetSorted,,,https://betsorted.co.za/reward-calculator.html,27,no
bookmakers.html,https://betsorted.co.za/bookmakers.html,Redirecting…,,,https://betsorted.co.za/bookmakers/,27,no
bookmakers/10bet-review.html,https://betsorted.co.za/bookmakers/10bet-review.html,Redirecting...,,,https://betsorted.co.za/blog/10bet-review-south-africa-2026.html,25,no
bookmakers/10bet.html,https://betsorted.co.za/bookmakers/10bet.html,Redirecting...,,,https://betsorted.co.za/blog/10bet-review-south-africa-2026.html,25,no
bookmakers/bet-co-za-login.html,https://betsorted.co.za/bookmakers/bet-co-za-login.html,BET.co.za Login South Africa | BetSorted,BET.co.za Login South Africa,"BET.co.za login guide for South Africa. Use the official sign-in route, recovery page, and verification help on the operator",https://betsorted.co.za/bookmakers/bet-co-za-login.html,635,yes
bookmakers/bet-co-za-review.html,https://betsorted.co.za/bookmakers/bet-co-za-review.html,Redirecting...,,,https://betsorted.co.za/blog/bet-co-za-review-south-africa-2026.html,25,no
bookmakers/betfred-app.html,https://betsorted.co.za/bookmakers/betfred-app.html,Betfred App Download South Africa | BetSorted,Betfred App Download South Africa,"Betfred app guide for South Africa. BetSorted did not verify a standalone native app download, so use Betfred",https://betsorted.co.za/bookmakers/betfred-app.html,498,yes
bookmakers/betfred-login.html,https://betsorted.co.za/bookmakers/betfred-login.html,Betfred Login South Africa | BetSorted,Betfred Login South Africa,Betfred login guide for South Africa. Use Betfred,https://betsorted.co.za/bookmakers/betfred-login.html,558,yes
bookmakers/betolimp-app.html,https://betsorted.co.za/bookmakers/betolimp-app.html,BetOlimp App Download South Africa | BetSorted,BetOlimp App Download South Africa,BetOlimp app download guide for South Africa. Use the official BetOlimp Android app page and APK download on the operator domain.,https://betsorted.co.za/bookmakers/betolimp-app.html,580,yes
bookmakers/betolimp-login.html,https://betsorted.co.za/bookmakers/betolimp-login.html,BetOlimp Login South Africa | BetSorted,BetOlimp Login South Africa,"BetOlimp login guide for South Africa. Use the official BetOlimp domain, check the licence detail, and sign in safely from the operator site.",https://betsorted.co.za/bookmakers/betolimp-login.html,646,yes
bookmakers/betway-app.html,https://betsorted.co.za/bookmakers/betway-app.html,Betway App Download South Africa | BetSorted,Betway App Download South Africa,Betway app download guide for South Africa. Use Betway,https://betsorted.co.za/bookmakers/betway-app.html,551,yes
bookmakers/betway-cricket-betting.html,https://betsorted.co.za/bookmakers/betway-cricket-betting.html,Betway Cricket Betting | SA20 & Proteas Tours in SA,Betway Cricket Betting Guide,"Betway Cricket betting guide for South Africa. Markets, local teams, payouts, and how to bet SA20 & Proteas Tours fixtures in ZAR.",https://betsorted.co.za/bookmakers/betway-cricket-betting.html,154,yes
bookmakers/betway-login.html,https://betsorted.co.za/bookmakers/betway-login.html,Betway Login South Africa | BetSorted,Betway Login South Africa,Betway login guide for South Africa. Use Betway,https://betsorted.co.za/bookmakers/betway-login.html,584,yes
bookmakers/betway-psl-betting.html,https://betsorted.co.za/bookmakers/betway-psl-betting.html,Betway PSL Betting | Premier Soccer League (PSL) in SA,Betway PSL Betting Guide,"Betway PSL betting guide for South Africa. Markets, local teams, payouts, and how to bet Premier Soccer League (PSL) fixtures in ZAR.",https://betsorted.co.za/bookmakers/betway-psl-betting.html,153,yes
bookmakers/betway-review.html,https://betsorted.co.za/bookmakers/betway-review.html,Redirecting...,,,https://betsorted.co.za/blog/betway-review-south-africa-2026.html,25,no
bookmakers/betway-rugby-betting.html,https://betsorted.co.za/bookmakers/betway-rugby-betting.html,Betway Rugby Betting | URC & Currie Cup in SA,Betway Rugby Betting Guide,"Betway Rugby betting guide for South Africa. Markets, local teams, payouts, and how to bet URC & Currie Cup fixtures in ZAR.",https://betsorted.co.za/bookmakers/betway-rugby-betting.html,144,yes
bookmakers/betway.html,https://betsorted.co.za/bookmakers/betway.html,Redirecting...,,,https://betsorted.co.za/blog/betway-review-south-africa-2026.html,25,no
bookmakers/easybet-cricket-betting.html,https://betsorted.co.za/bookmakers/easybet-cricket-betting.html,Easybet Cricket Betting | SA20 & Proteas Tours in SA,Easybet Cricket Betting Guide,"Easybet Cricket betting guide for South Africa. Markets, local teams, payouts, and how to bet SA20 & Proteas Tours fixtures in ZAR.",https://betsorted.co.za/bookmakers/easybet-cricket-betting.html,154,yes
bookmakers/easybet-psl-betting.html,https://betsorted.co.za/bookmakers/easybet-psl-betting.html,Easybet PSL Betting | Premier Soccer League (PSL) in SA,Easybet PSL Betting Guide,"Easybet PSL betting guide for South Africa. Markets, local teams, payouts, and how to bet Premier Soccer League (PSL) fixtures in ZAR.",https://betsorted.co.za/bookmakers/easybet-psl-betting.html,153,yes
bookmakers/easybet-review.html,https://betsorted.co.za/bookmakers/easybet-review.html,Redirecting...,,,https://betsorted.co.za/blog/easybet-review-south-africa-2026.html,25,no
bookmakers/easybet-rugby-betting.html,https://betsorted.co.za/bookmakers/easybet-rugby-betting.html,Easybet Rugby Betting | URC & Currie Cup in SA,Easybet Rugby Betting Guide,"Easybet Rugby betting guide for South Africa. Markets, local teams, payouts, and how to bet URC & Currie Cup fixtures in ZAR.",https://betsorted.co.za/bookmakers/easybet-rugby-betting.html,144,yes
bookmakers/easybet.html,https://betsorted.co.za/bookmakers/easybet.html,Redirecting...,,,https://betsorted.co.za/blog/easybet-review-south-africa-2026.html,25,no
bookmakers/gbets-app.html,https://betsorted.co.za/bookmakers/gbets-app.html,Gbets App Download South Africa | BetSorted,Gbets App Download South Africa,"Gbets app download guide for South Africa. Use the official Android APK, iPhone App Store route, or Huawei AppGallery handoff.",https://betsorted.co.za/bookmakers/gbets-app.html,484,yes
bookmakers/gbets-login.html,https://betsorted.co.za/bookmakers/gbets-login.html,Gbets Login South Africa | BetSorted,Gbets Login South Africa,Gbets login guide for South Africa. Use Gbets,https://betsorted.co.za/bookmakers/gbets-login.html,515,yes
bookmakers/gbets-review.html,https://betsorted.co.za/bookmakers/gbets-review.html,Redirecting...,,,https://betsorted.co.za/blog/gbets-review-south-africa-2026.html,25,no
bookmakers/gbets.html,https://betsorted.co.za/bookmakers/gbets.html,Redirecting...,,,https://betsorted.co.za/blog/gbets-review-south-africa-2026.html,25,no
bookmakers/hollywoodbets-cricket-betting.html,https://betsorted.co.za/bookmakers/hollywoodbets-cricket-betting.html,Hollywoodbets Cricket Betting | SA20 & Proteas Tours in SA,Hollywoodbets Cricket Betting Guide,"Hollywoodbets Cricket betting guide for South Africa. Markets, local teams, payouts, and how to bet SA20 & Proteas Tours fixtures in ZAR.",https://betsorted.co.za/bookmakers/hollywoodbets-cricket-betting.html,154,yes
bookmakers/hollywoodbets-psl-betting.html,https://betsorted.co.za/bookmakers/hollywoodbets-psl-betting.html,Hollywoodbets PSL Betting | Premier Soccer League,Hollywoodbets PSL Betting Guide,"Hollywoodbets PSL betting guide for South Africa. Markets, local teams, payouts, and how to bet Premier Soccer League (PSL) fixtures in ZAR.",https://betsorted.co.za/bookmakers/hollywoodbets-psl-betting.html,150,yes
bookmakers/hollywoodbets-review.html,https://betsorted.co.za/bookmakers/hollywoodbets-review.html,Redirecting...,,,https://betsorted.co.za/blog/hollywoodbets-review-south-africa-2026.html,25,no
bookmakers/hollywoodbets-rugby-betting.html,https://betsorted.co.za/bookmakers/hollywoodbets-rugby-betting.html,Hollywoodbets Rugby Betting | URC & Currie Cup in SA,Hollywoodbets Rugby Betting Guide,"Hollywoodbets Rugby betting guide for South Africa. Markets, local teams, payouts, and how to bet URC & Currie Cup fixtures in ZAR.",https://betsorted.co.za/bookmakers/hollywoodbets-rugby-betting.html,144,yes
bookmakers/hollywoodbets.html,https://betsorted.co.za/bookmakers/hollywoodbets.html,Redirecting...,,,https://betsorted.co.za/blog/hollywoodbets-review-south-africa-2026.html,25,no
bookmakers/index.html,https://betsorted.co.za/bookmakers/,Best Bookmakers South Africa 2026 | BetSorted Reviews,Best Bookmakers South Africa,"Compare the best bookmakers South Africa can use in 2026. Review ratings, bonuses, minimum deposits, licence authorities, review links and bookmaker CTAs.",https://betsorted.co.za/bookmakers/,1063,yes
bookmakers/play-co-za-app.html,https://betsorted.co.za/bookmakers/play-co-za-app.html,Play.co.za App Download South Africa | BetSorted,Play.co.za App Download South Africa,"Play.co.za app guide for South Africa. BetSorted did not verify a native app download link, so use the official mobile sportsbook and login routes instead.",https://betsorted.co.za/bookmakers/play-co-za-app.html,608,yes
bookmakers/play-co-za-login.html,https://betsorted.co.za/bookmakers/play-co-za-login.html,Play.co.za Login South Africa | BetSorted,Play.co.za Login South Africa,"Play.co.za login guide for South Africa. Use the official Play.co.za domain, check the licence detail, and sign in safely from the operator site.",https://betsorted.co.za/bookmakers/play-co-za-login.html,641,yes
bookmakers/play-co-za-review.html,https://betsorted.co.za/bookmakers/play-co-za-review.html,Play.co.za Review South Africa (2026) | BetSorted,Play.co.za Review South Africa 2026,"Play.co.za review for SA bettors. Compare bonus, payout speed, ZAR withdrawals, and FICA checks with BetSorted",https://betsorted.co.za/bookmakers/play-co-za-review.html,743,yes
bookmakers/playabets-review.html,https://betsorted.co.za/bookmakers/playabets-review.html,Redirecting...,,,https://betsorted.co.za/blog/playabets-review-south-africa-2026.html,25,no
bookmakers/playabets.html,https://betsorted.co.za/bookmakers/playabets.html,Redirecting...,,,https://betsorted.co.za/blog/playabets-review-south-africa-2026.html,25,no
bookmakers/sportingbet-app.html,https://betsorted.co.za/bookmakers/sportingbet-app.html,Sportingbet App Download South Africa | BetSorted,Sportingbet App Download South Africa,"Sportingbet app guide for South Africa. BetSorted did not verify a public native app download link, but Sportingbet does publish a live mobile sportsbook and dedicated mobile help pages.",https://betsorted.co.za/bookmakers/sportingbet-app.html,645,yes
bookmakers/sportingbet-cricket-betting.html,https://betsorted.co.za/bookmakers/sportingbet-cricket-betting.html,Sportingbet Cricket Betting | SA20 & Proteas Tours in SA,Sportingbet Cricket Betting Guide,"Sportingbet Cricket betting guide for South Africa. Markets, local teams, payouts, and how to bet SA20 & Proteas Tours fixtures in ZAR.",https://betsorted.co.za/bookmakers/sportingbet-cricket-betting.html,154,yes
bookmakers/sportingbet-login.html,https://betsorted.co.za/bookmakers/sportingbet-login.html,Sportingbet Login South Africa | BetSorted,Sportingbet Login South Africa,"Sportingbet login guide for South Africa. Use the official Sportingbet domain, check the licence detail, and sign in safely from the operator site.",https://betsorted.co.za/bookmakers/sportingbet-login.html,777,yes
bookmakers/sportingbet-psl-betting.html,https://betsorted.co.za/bookmakers/sportingbet-psl-betting.html,Sportingbet PSL Betting | Premier Soccer League (PSL) in SA,Sportingbet PSL Betting Guide,"Sportingbet PSL betting guide for South Africa. Markets, local teams, payouts, and how to bet Premier Soccer League (PSL) fixtures in ZAR.",https://betsorted.co.za/bookmakers/sportingbet-psl-betting.html,153,yes
bookmakers/sportingbet-review.html,https://betsorted.co.za/bookmakers/sportingbet-review.html,Redirecting...,,,https://betsorted.co.za/blog/sportingbet-review-south-africa-2026.html,25,no
bookmakers/sportingbet-rugby-betting.html,https://betsorted.co.za/bookmakers/sportingbet-rugby-betting.html,Sportingbet Rugby Betting | URC & Currie Cup in SA,Sportingbet Rugby Betting Guide,"Sportingbet Rugby betting guide for South Africa. Markets, local teams, payouts, and how to bet URC & Currie Cup fixtures in ZAR.",https://betsorted.co.za/bookmakers/sportingbet-rugby-betting.html,144,yes
bookmakers/sportingbet.html,https://betsorted.co.za/bookmakers/sportingbet.html,Redirecting...,,,https://betsorted.co.za/blog/sportingbet-review-south-africa-2026.html,25,no
bookmakers/sunbet-review.html,https://betsorted.co.za/bookmakers/sunbet-review.html,Redirecting...,,,https://betsorted.co.za/blog/sunbet-review-south-africa-2026.html,25,no
bookmakers/sunbet.html,https://betsorted.co.za/bookmakers/sunbet.html,Redirecting...,,,https://betsorted.co.za/blog/sunbet-review-south-africa-2026.html,25,no
bookmakers/supabets-app.html,https://betsorted.co.za/bookmakers/supabets-app.html,Supabets App Download South Africa | BetSorted,Supabets App Download South Africa,Supabets app download guide for South Africa. Use Supabets,https://betsorted.co.za/bookmakers/supabets-app.html,519,yes
bookmakers/supabets-cricket-betting.html,https://betsorted.co.za/bookmakers/supabets-cricket-betting.html,Supabets Cricket Betting | SA20 & Proteas Tours in SA,Supabets Cricket Betting Guide,"Supabets Cricket betting guide for South Africa. Markets, local teams, payouts, and how to bet SA20 & Proteas Tours fixtures in ZAR.",https://betsorted.co.za/bookmakers/supabets-cricket-betting.html,154,yes
bookmakers/supabets-login.html,https://betsorted.co.za/bookmakers/supabets-login.html,Supabets Login South Africa | BetSorted,Supabets Login South Africa,Supabets login guide for South Africa. Use Supabets,https://betsorted.co.za/bookmakers/supabets-login.html,547,yes
bookmakers/supabets-psl-betting.html,https://betsorted.co.za/bookmakers/supabets-psl-betting.html,Supabets PSL Betting | Premier Soccer League (PSL) in SA,Supabets PSL Betting Guide,"Supabets PSL betting guide for South Africa. Markets, local teams, payouts, and how to bet Premier Soccer League (PSL) fixtures in ZAR.",https://betsorted.co.za/bookmakers/supabets-psl-betting.html,153,yes
bookmakers/supabets-review.html,https://betsorted.co.za/bookmakers/supabets-review.html,Redirecting...,,,https://betsorted.co.za/blog/supabets-review-south-africa-2026.html,25,no
bookmakers/supabets-rugby-betting.html,https://betsorted.co.za/bookmakers/supabets-rugby-betting.html,Supabets Rugby Betting | URC & Currie Cup in SA,Supabets Rugby Betting Guide,"Supabets Rugby betting guide for South Africa. Markets, local teams, payouts, and how to bet URC & Currie Cup fixtures in ZAR.",https://betsorted.co.za/bookmakers/supabets-rugby-betting.html,144,yes
bookmakers/supabets.html,https://betsorted.co.za/bookmakers/supabets.html,Redirecting...,,,https://betsorted.co.za/blog/supabets-review-south-africa-2026.html,25,no
bookmakers/world-sports-betting-app.html,https://betsorted.co.za/bookmakers/world-sports-betting-app.html,World Sports Betting App Download South Africa | BetSorted,World Sports Betting App Download South Africa,"World Sports Betting app guide for South Africa. BetSorted did not verify a public standalone app download link, so use the official WSB mobile routes instead.",https://betsorted.co.za/bookmakers/world-sports-betting-app.html,536,yes
bookmakers/world-sports-betting-cricket-betting.html,https://betsorted.co.za/bookmakers/world-sports-betting-cricket-betting.html,World Sports Betting Cricket Betting | BetSorted,World Sports Betting Cricket Betting Guide,"World Sports Betting Cricket betting guide for South Africa. Markets, local teams, payouts, and how to bet SA20 & Proteas Tours fixtures in ZAR.",https://betsorted.co.za/bookmakers/world-sports-betting-cricket-betting.html,163,yes
bookmakers/world-sports-betting-login.html,https://betsorted.co.za/bookmakers/world-sports-betting-login.html,World Sports Betting Login South Africa | BetSorted,World Sports Betting Login South Africa,"World Sports Betting login guide for South Africa. Use the official WSB domain, check the licence detail, and sign in safely from the operator site.",https://betsorted.co.za/bookmakers/world-sports-betting-login.html,630,yes
bookmakers/world-sports-betting-psl-betting.html,https://betsorted.co.za/bookmakers/world-sports-betting-psl-betting.html,World Sports Betting PSL Betting | Premier Soccer League,World Sports Betting PSL Betting Guide,"World Sports Betting PSL betting guide for South Africa. Markets, local teams, payouts, and how to bet Premier Soccer League (PSL) fixtures in ZAR.",https://betsorted.co.za/bookmakers/world-sports-betting-psl-betting.html,164,yes
bookmakers/world-sports-betting-review.html,https://betsorted.co.za/bookmakers/world-sports-betting-review.html,Redirecting...,,,https://betsorted.co.za/blog/wsb-review-south-africa-2026.html,25,no
bookmakers/world-sports-betting-rugby-betting.html,https://betsorted.co.za/bookmakers/world-sports-betting-rugby-betting.html,World Sports Betting Rugby Betting | URC & Currie Cup in SA,World Sports Betting Rugby Betting Guide,"World Sports Betting Rugby betting guide for South Africa. Markets, local teams, payouts, and how to bet URC & Currie Cup fixtures in ZAR.",https://betsorted.co.za/bookmakers/world-sports-betting-rugby-betting.html,158,yes
bookmakers/world-sports-betting.html,https://betsorted.co.za/bookmakers/world-sports-betting.html,Redirecting...,,,https://betsorted.co.za/blog/wsb-review-south-africa-2026.html,25,no
bookmakers/wsb.html,https://betsorted.co.za/bookmakers/wsb.html,Redirecting...,,,https://betsorted.co.za/blog/wsb-review-south-africa-2026.html,25,no
brand-facts.html,https://betsorted.co.za/brand-facts.html,Brand Facts | BetSorted,BetSorted Brand Facts,BetSorted brand facts. Independent South African betting comparison site using daily automated odds data.,https://betsorted.co.za/brand-facts.html,297,yes
calculators.html,https://betsorted.co.za/calculators.html,Free Betting Tools South Africa | BetSorted,Free Betting Tools 17,"Free betting tools for South Africa: odds converter, arbitrage calculator, Kelly Criterion, welcome bonus turnover calculator, PSL fixtures, free bet.",https://betsorted.co.za/calculators.html,614,yes
calculators/accumulator.html,https://betsorted.co.za/calculators/accumulator.html,Redirecting…,,,https://betsorted.co.za/calculators.html,27,no
calculators/betting.html,https://betsorted.co.za/calculators/betting.html,Redirecting…,,,https://betsorted.co.za/calculators.html,27,no
calculators/each-way.html,https://betsorted.co.za/calculators/each-way.html,Redirecting…,,,https://betsorted.co.za/calculators.html,27,no
calculators/odds-comparison.html,https://betsorted.co.za/calculators/odds-comparison.html,Redirecting…,,,https://betsorted.co.za/calculators.html,27,no
contact.html,https://betsorted.co.za/contact.html,Contact BetSorted | BetSorted,Contact BetSorted,"Contact BetSorted for corrections, bookmaker updates, responsible gambling resources or editorial questions.",https://betsorted.co.za/contact.html,94,yes
data-free-betting-apps.html,https://betsorted.co.za/data-free-betting-apps.html,Data-Free Betting Apps South Africa | BetSorted,📱 Data-Free Betting Apps SA,"Which SA betting apps are data-free? Compare zero-rated apps on MTN, Vodacom, Cell C and Telkom. Bet without using your data bundle in South Africa.",https://betsorted.co.za/data-free-betting-apps.html,269,yes
each-way-calculator.html,https://betsorted.co.za/each-way-calculator.html,Each Way Calculator South Africa | BetSorted,Each Way Calculator South Africa,"Each way betting explained with a free calculator for South Africa. Work out win and place returns, stake split, profits, place terms, and examples fast.",https://betsorted.co.za/each-way-calculator.html,726,yes
editorial-policy.html,https://betsorted.co.za/editorial-policy.html,Editorial Policy | How BetSorted Reviews SA Bookmakers,Editorial Policy,BetSorted,https://betsorted.co.za/editorial-policy.html,757,yes
epl-odds-south-africa.html,https://betsorted.co.za/epl-odds-south-africa.html,EPL Odds South Africa (2026) | Best Markets & Tips,EPL Odds South Africa: How to Find Value,"EPL odds guide for South African bettors. Best markets, timing tips, and how to find value lines.",https://betsorted.co.za/epl-odds-south-africa.html,158,yes
fast-withdrawal-betting-sites-south-africa.html,https://betsorted.co.za/fast-withdrawal-betting-sites-south-africa.html,Redirecting…,,,https://betsorted.co.za/blog/fastest-paying-bookmakers-south-africa-2026.html,27,no
free-bet-calculator.html,https://betsorted.co.za/free-bet-calculator.html,Free Bet & Bonus Value Calculator South Africa | BetSorted,🎁 Free Bet & Bonus Calculator,Free bet value calculator for South Africa. Find the real cash value of any bookmaker bonus after wagering requirements. Compare SA welcome offers instantly.,https://betsorted.co.za/free-bet-calculator.html,361,yes
glossary.html,https://betsorted.co.za/glossary.html,South Africa Betting Glossary | BetSorted,South Africa Betting Glossary,"South African betting glossary covering FICA, EFT, Instant EFT, PSL, and other local terms for bettors.",https://betsorted.co.za/glossary.html,318,yes
go/10bet.html,https://betsorted.co.za/go/10bet.html,Opening 10bet | BetSorted,Opening 10bet,,https://betsorted.co.za/go/10bet.html,10,no
go/bcgame.html,https://betsorted.co.za/go/bcgame.html,Opening BC.Game | BetSorted,Opening BC.Game,,https://betsorted.co.za/go/bcgame.html,10,no
go/bet-co-za.html,https://betsorted.co.za/go/bet-co-za.html,Opening BET.co.za | BetSorted,Opening BET.co.za,,https://betsorted.co.za/go/bet-co-za.html,10,no
go/betfred.html,https://betsorted.co.za/go/betfred.html,Betfred Review | BetSorted,Betfred Review,,https://betsorted.co.za/go/betfred.html,26,no
go/betolimp.html,https://betsorted.co.za/go/betolimp.html,BetOlimp Review | BetSorted,BetOlimp Review,,https://betsorted.co.za/go/betolimp.html,26,no
go/betshezi.html,https://betsorted.co.za/go/betshezi.html,Betshezi Review | BetSorted,Betshezi Review,,https://betsorted.co.za/go/betshezi.html,26,no
go/betway.html,https://betsorted.co.za/go/betway.html,Opening Betway | BetSorted,Opening Betway,,https://betsorted.co.za/go/betway.html,10,no
go/easybet.html,https://betsorted.co.za/go/easybet.html,Opening Easybet | BetSorted,Opening Easybet,,https://betsorted.co.za/go/easybet.html,10,no
go/gbets.html,https://betsorted.co.za/go/gbets.html,Opening Gbets | BetSorted,Opening Gbets,,https://betsorted.co.za/go/gbets.html,10,no
go/hollywoodbets.html,https://betsorted.co.za/go/hollywoodbets.html,Opening Hollywoodbets | BetSorted,Opening Hollywoodbets,,https://betsorted.co.za/go/hollywoodbets.html,10,no
go/lottostar.html,https://betsorted.co.za/go/lottostar.html,LottoStar Review | BetSorted,LottoStar Review,,https://betsorted.co.za/go/lottostar.html,26,no
go/play-co-za.html,https://betsorted.co.za/go/play-co-za.html,Opening Play.co.za | BetSorted,Opening Play.co.za,,https://betsorted.co.za/go/play-co-za.html,10,no
go/playabets.html,https://betsorted.co.za/go/playabets.html,Opening Playbet | BetSorted,Opening Playbet,,https://betsorted.co.za/go/playabets.html,10,no
go/sportingbet.html,https://betsorted.co.za/go/sportingbet.html,Opening Sportingbet | BetSorted,Opening Sportingbet,,https://betsorted.co.za/go/sportingbet.html,10,no
go/sunbet.html,https://betsorted.co.za/go/sunbet.html,Opening Sunbet | BetSorted,Opening Sunbet,,https://betsorted.co.za/go/sunbet.html,10,no
go/supabets.html,https://betsorted.co.za/go/supabets.html,Opening Supabets | BetSorted,Opening Supabets,,https://betsorted.co.za/go/supabets.html,10,no
go/world-sports-betting.html,https://betsorted.co.za/go/world-sports-betting.html,Opening World Sports Betting | BetSorted,Opening World Sports Betting,,https://betsorted.co.za/go/world-sports-betting.html,16,no
go/yesplay.html,https://betsorted.co.za/go/yesplay.html,YesPlay Review | BetSorted,YesPlay Review,,https://betsorted.co.za/go/yesplay.html,26,no
googlec67d6ac07bc0a2df.html,https://betsorted.co.za/googlec67d6ac07bc0a2df.html,,,,,2,yes
guides/best-betting-apps-south-africa-2026.html,https://betsorted.co.za/guides/best-betting-apps-south-africa-2026.html,Redirecting…,,,https://betsorted.co.za/best-betting-apps.html,34,no
how-to-bet-south-africa.html,https://betsorted.co.za/how-to-bet-south-africa.html,How to Bet in South Africa (2026) | Beginner’s Guide,How to Bet in South Africa: Beginner’s Guide,"A beginner’s guide to sports betting in South Africa. Simple steps, common mistakes, and how to start safely.",https://betsorted.co.za/how-to-bet-south-africa.html,169,yes
index.html,https://betsorted.co.za/,Best Betting Sites South Africa 2026 | BetSorted,Best Betting Sites South Africa 2026,"Compare the best betting sites in South Africa for 2026. Honest reviews from SA punters — Betway, Hollywoodbets, Sportingbet, Supabets and more.",https://betsorted.co.za/,2837,yes
kelly-criterion-calculator.html,https://betsorted.co.za/kelly-criterion-calculator.html,Kelly Criterion Calculator South Africa | BetSorted,📐 Kelly Criterion Calculator,"Kelly Criterion calculator for South African bettors. Find your optimal stake size based on bankroll, odds, and estimated win probability. Avoid over-betting.",https://betsorted.co.za/kelly-criterion-calculator.html,326,yes
odds-comparison.html,https://betsorted.co.za/odds-comparison.html,Sports Betting Odds Comparison SA | Compare Bookmaker Odds | BetSorted,Sports Betting Odds Comparison SA,"Sports betting odds comparison SA tool. Compare odds across licensed South African bookmakers, find the best value, and see your extra profit on any market.",https://betsorted.co.za/odds-comparison.html,786,yes
odds-converter.html,https://betsorted.co.za/odds-converter.html,"Odds Format Converter | Decimal, Fractional, American",🔄 Odds Format Converter,"Free odds format converter for South African bettors. Convert decimal, fractional, American and implied probability instantly. Works with ZAR betting sites.",https://betsorted.co.za/odds-converter.html,279,yes
ongoing-betting-rewards-south-africa.html,https://betsorted.co.za/ongoing-betting-rewards-south-africa.html,Ongoing Betting Rewards South Africa 2026 | BetSorted,Ongoing Betting Rewards In South Africa: What Pays,"19 SA bookmaker rewards reviewed: best loyalty pays R0.89 per R100 staked, but top acca insurance pays R18 to R29.",https://betsorted.co.za/ongoing-betting-rewards-south-africa.html,3038,yes
outright-value-tracker.html,https://betsorted.co.za/outright-value-tracker.html,Outright Value Tracker South Africa | BetSorted,Outright Value Tracker,Track South African bookmaker outright prices against prediction-market-derived fair odds with evidence-backed readings and freshness notes.,https://betsorted.co.za/outright-value-tracker.html,190,yes
prediction-markets.html,https://betsorted.co.za/prediction-markets.html,Prediction Markets vs SA Bookmakers | Smart Money Guide,⚖️ Smart Money vs SA Bookmakers,"See current Premier League and European football fixtures, then compare live prediction market probabilities with bookmaker prices.",https://betsorted.co.za/prediction-markets.html,341,yes
privacy.html,https://betsorted.co.za/privacy.html,Privacy Policy | BetSorted,Privacy Policy,"How BetSorted handles privacy, analytics, affiliate links and contact information.",https://betsorted.co.za/privacy.html,111,yes
private/affiliate-tracker.html,https://betsorted.co.za/private/affiliate-tracker.html,Affiliate Tracker — BetSorted (Private),Affiliate Tracker,,,18,no
private/kanban.html,https://betsorted.co.za/private/kanban.html,BetSorted Ops Board (Private),BetSorted Ops Board (Private),,,36,no
psl-betting-guide.html,https://betsorted.co.za/psl-betting-guide.html,PSL Betting Guide (2026) | How SA Punters Bet Smarter,PSL Betting Guide (2026),"PSL betting guide for South African punters. Best markets, common mistakes, and matchday tips.",https://betsorted.co.za/psl-betting-guide.html,166,yes
psl-fixtures.html,https://betsorted.co.za/psl-fixtures.html,PSL Fixtures & Betting Odds 2025/26 | Premier Soccer League,⚽ PSL Fixtures & Odds 2025/26,PSL fixtures and betting odds 2026. Upcoming Premier Soccer League matches with best odds from SA bookmakers. Free fixture guide updated weekly.,https://betsorted.co.za/psl-fixtures.html,205,yes
psl-match-centre.html,https://betsorted.co.za/psl-match-centre.html,"PSL Live Match Centre | Stats, Scores & Goals | BetSorted",⚽ PSL Match Centre 0 LIVE,"PSL live match stats, scores and key events. Live possession, shots, corners and goals for every Premier Soccer League match. Free, updated in real time.",https://betsorted.co.za/psl-match-centre.html,115,yes
responsible-gambling.html,https://betsorted.co.za/responsible-gambling.html,Responsible Gambling South Africa | BetSorted,Responsible Gambling,"Responsible gambling resources for South African bettors. Signs of problem gambling, self-exclusion options, and the National Responsible Gambling helpline.",https://betsorted.co.za/responsible-gambling.html,699,yes
reward-calculator.html,https://betsorted.co.za/reward-calculator.html,Reward Calculator South Africa | BetSorted,Reward Calculator,"Model the real turnover and expected value of South African welcome bonuses using verified workbook data from Bet.co.za, WSB, Sunbet, Sportingbet, 10bet.",https://betsorted.co.za/reward-calculator.html,268,yes
social-templates/data-bomb.html,https://betsorted.co.za/social-templates/data-bomb.html,,,,,26,no
social-templates/loss-slap.html,https://betsorted.co.za/social-templates/loss-slap.html,,,,,38,no
social-templates/money-shot.html,https://betsorted.co.za/social-templates/money-shot.html,,,,,30,no
social-templates/odds-gap.html,https://betsorted.co.za/social-templates/odds-gap.html,,,,,51,no
social-templates/tweet1-feb27.html,https://betsorted.co.za/social-templates/tweet1-feb27.html,,,,,46,no
social-templates/tweet1-odds-gap.html,https://betsorted.co.za/social-templates/tweet1-odds-gap.html,,,,,57,no
social-templates/tweet2-feb27.html,https://betsorted.co.za/social-templates/tweet2-feb27.html,,,,,49,no
social-templates/tweet2-money.html,https://betsorted.co.za/social-templates/tweet2-money.html,,,,,34,no
social-templates/tweet3-data.html,https://betsorted.co.za/social-templates/tweet3-data.html,,,,,40,no
social-templates/vs-battle.html,https://betsorted.co.za/social-templates/vs-battle.html,,,,,29,no
social-templates/yearly-loss.html,https://betsorted.co.za/social-templates/yearly-loss.html,,,,,34,no
sportingbet-vs-hollywoodbets.html,https://betsorted.co.za/sportingbet-vs-hollywoodbets.html,Sportingbet vs Hollywoodbets South Africa (2026) | BetSorted,Sportingbet vs Hollywoodbets: Which Bookmaker Wins?,"Sportingbet vs Hollywoodbets comparison for SA bettors. Which has better odds, markets, and payouts?",https://betsorted.co.za/sportingbet-vs-hollywoodbets.html,149,yes
system-bet-calculator.html,https://betsorted.co.za/system-bet-calculator.html,System Bet Calculator South Africa | BetSorted,System Bet Calculator South Africa,"System bet calculator South Africa: Calculate Lucky 15, Lucky 31, Lucky 63, Trixie, Patent, Yankee bets. Free system betting calculator for SA punters.",https://betsorted.co.za/system-bet-calculator.html,1343,yes
templates/bookmaker-review.html,https://betsorted.co.za/templates/bookmaker-review.html,{{title}},{{bookmaker_name}} Review for South Africa,{{meta_description}},{{canonical_url}},93,no
templates/bookmaker-sport.html,https://betsorted.co.za/templates/bookmaker-sport.html,{{title}},{{bookmaker_name}} {{sport_name}} Betting Guide,{{meta_description}},{{canonical_url}},62,no
templates/partials/header.html,https://betsorted.co.za/templates/partials/header.html,,,,,15,no
terms.html,https://betsorted.co.za/terms.html,Terms of Use | BetSorted,Terms of Use,BetSorted Terms of Use. Rules for using South Africa,https://betsorted.co.za/terms.html,462,yes
value-bet-calculator.html,https://betsorted.co.za/value-bet-calculator.html,Value Bet Calculator South Africa | Expected Value Finder,💡 Value Bet Calculator,Value bet calculator for South Africa. Find out if the bookmaker odds offer positive expected value. Enter your estimated probability and the SA bookmaker odds.,https://betsorted.co.za/value-bet-calculator.html,297,yes
withdrawal-speed-comparison.html,https://betsorted.co.za/withdrawal-speed-comparison.html,SA Bookmaker Withdrawal Speed Comparison | BetSorted,⚡ SA Bookmaker Withdrawal Speeds,"Compare withdrawal speeds at South African bookmakers. Filter by payment method: EFT, Instant EFT, Ozow, Capitec Pay. Find the fastest paying SA betting site.",https://betsorted.co.za/withdrawal-speed-comparison.html,237,yes
world-cup-zone.html,https://betsorted.co.za/world-cup-zone.html,World Cup 2026 Betting Zone South Africa | BetSorted,World Cup betting zone for South African punters,"BetSorted World Cup Zone for South African bettors. Polymarket probabilities, bookmaker picks, odds calculators, live betting angles and World Cup 2026.",https://betsorted.co.za/world-cup-zone.html,663,yes
